TimeP,Date.Time,Date,Time,Tank,PAR
IN,8/17/2021 11:10,8/17/2021,11:10:00,H1,1483
IN,8/17/2021 11:10,8/17/2021,11:10:00,C2,1504
IN,8/17/2021 11:20,8/17/2021,11:20:00,H1,1606
IN,8/17/2021 11:20,8/17/2021,11:20:00,C2,1596
IN,8/17/2021 11:30,8/17/2021,11:30:00,H1,1707
IN,8/17/2021 11:30,8/17/2021,11:30:00,C2,1634
IN,8/17/2021 11:40,8/17/2021,11:40:00,H1,1780
IN,8/17/2021 11:40,8/17/2021,11:40:00,C2,1710
IN,8/17/2021 11:50,8/17/2021,11:50:00,H1,1653
IN,8/17/2021 11:50,8/17/2021,11:50:00,C2,397
IN,8/17/2021 12:00,8/17/2021,12:00:00,H1,623
IN,8/17/2021 12:00,8/17/2021,12:00:00,C2,163
IN,8/17/2021 12:10,8/17/2021,12:10:00,H1,322
IN,8/17/2021 12:10,8/17/2021,12:10:00,C2,340
IN,8/17/2021 12:20,8/17/2021,12:20:00,H1,601
IN,8/17/2021 12:20,8/17/2021,12:20:00,C2,676
IN,8/17/2021 12:30,8/17/2021,12:30:00,H1,601
IN,8/17/2021 12:30,8/17/2021,12:30:00,C2,648
IN,8/17/2021 12:40,8/17/2021,12:40:00,H1,386
IN,8/17/2021 12:40,8/17/2021,12:40:00,C2,356
IN,8/17/2021 12:50,8/17/2021,12:50:00,H1,322
IN,8/17/2021 12:50,8/17/2021,12:50:00,C2,410
IN,8/17/2021 13:00,8/17/2021,13:00:00,H1,158
IN,8/17/2021 13:00,8/17/2021,13:00:00,C2,309
IN,8/17/2021 13:10,8/17/2021,13:10:00,H1,161
IN,8/17/2021 13:10,8/17/2021,13:10:00,C2,264
IN,8/17/2021 13:20,8/17/2021,13:20:00,H1,114
IN,8/17/2021 13:20,8/17/2021,13:20:00,C2,74
IN,8/17/2021 13:30,8/17/2021,13:30:00,H1,462
IN,8/17/2021 13:30,8/17/2021,13:30:00,C2,156
IN,8/17/2021 13:40,8/17/2021,13:40:00,H1,825
IN,8/17/2021 13:40,8/17/2021,13:40:00,C2,188
IN,8/17/2021 13:50,8/17/2021,13:50:00,H1,970
IN,8/17/2021 13:50,8/17/2021,13:50:00,C2,245
IN,8/17/2021 14:00,8/17/2021,14:00:00,H1,401
IN,8/17/2021 14:00,8/17/2021,14:00:00,C2,118
IN,8/17/2021 14:10,8/17/2021,14:10:00,H1,205
IN,8/17/2021 14:10,8/17/2021,14:10:00,C2,283
IN,8/17/2021 14:20,8/17/2021,14:20:00,H1,335
IN,8/17/2021 14:20,8/17/2021,14:20:00,C2,401
IN,8/17/2021 14:30,8/17/2021,14:30:00,H1,338
IN,8/17/2021 14:30,8/17/2021,14:30:00,C2,397
IN,8/17/2021 14:40,8/17/2021,14:40:00,H1,89
IN,8/17/2021 14:40,8/17/2021,14:40:00,C2,106
IN,8/17/2021 14:50,8/17/2021,14:50:00,H1,237
IN,8/17/2021 14:50,8/17/2021,14:50:00,C2,188
IN,8/17/2021 15:00,8/17/2021,15:00:00,H1,70
IN,8/17/2021 15:00,8/17/2021,15:00:00,C2,144
IN,8/17/2021 15:10,8/17/2021,15:10:00,H1,60
IN,8/17/2021 15:10,8/17/2021,15:10:00,C2,74
IN,8/17/2021 15:20,8/17/2021,15:20:00,H1,44
IN,8/17/2021 15:20,8/17/2021,15:20:00,C2,68
IN,8/17/2021 15:30,8/17/2021,15:30:00,H1,28
IN,8/17/2021 15:30,8/17/2021,15:30:00,C2,55
IN,8/17/2021 15:40,8/17/2021,15:40:00,H1,190
IN,8/17/2021 15:40,8/17/2021,15:40:00,C2,324
IN,8/17/2021 15:50,8/17/2021,15:50:00,H1,107
IN,8/17/2021 15:50,8/17/2021,15:50:00,C2,137
IN,8/17/2021 16:00,8/17/2021,16:00:00,H1,152
IN,8/17/2021 16:00,8/17/2021,16:00:00,C2,213
IN,8/17/2021 16:10,8/17/2021,16:10:00,H1,149
IN,8/17/2021 16:10,8/17/2021,16:10:00,C2,232
IN,8/17/2021 16:20,8/17/2021,16:20:00,H1,149
IN,8/17/2021 16:20,8/17/2021,16:20:00,C2,305
IN,8/17/2021 16:30,8/17/2021,16:30:00,H1,123
IN,8/17/2021 16:30,8/17/2021,16:30:00,C2,445
IN,8/17/2021 16:40,8/17/2021,16:40:00,H1,142
IN,8/17/2021 16:40,8/17/2021,16:40:00,C2,267
IN,8/17/2021 16:50,8/17/2021,16:50:00,H1,155
IN,8/17/2021 16:50,8/17/2021,16:50:00,C2,169
IN,8/17/2021 17:00,8/17/2021,17:00:00,H1,92
IN,8/17/2021 17:00,8/17/2021,17:00:00,C2,109
IN,8/17/2021 17:10,8/17/2021,17:10:00,H1,70
IN,8/17/2021 17:10,8/17/2021,17:10:00,C2,99
IN,8/17/2021 17:20,8/17/2021,17:20:00,H1,63
IN,8/17/2021 17:20,8/17/2021,17:20:00,C2,90
IN,8/17/2021 17:30,8/17/2021,17:30:00,H1,38
IN,8/17/2021 17:30,8/17/2021,17:30:00,C2,58
IN,8/17/2021 17:40,8/17/2021,17:40:00,H1,95
IN,8/17/2021 17:40,8/17/2021,17:40:00,C2,229
IN,8/17/2021 17:50,8/17/2021,17:50:00,H1,73
IN,8/17/2021 17:50,8/17/2021,17:50:00,C2,321
IN,8/17/2021 18:00,8/17/2021,18:00:00,H1,73
IN,8/17/2021 18:00,8/17/2021,18:00:00,C2,141
IN,8/17/2021 18:10,8/17/2021,18:10:00,H1,63
IN,8/17/2021 18:10,8/17/2021,18:10:00,C2,99
IN,8/17/2021 18:20,8/17/2021,18:20:00,H1,0
IN,8/17/2021 18:20,8/17/2021,18:20:00,C2,0
IN,8/17/2021 18:30,8/17/2021,18:30:00,H1,0
IN,8/17/2021 18:30,8/17/2021,18:30:00,C2,0
IN,8/17/2021 18:40,8/17/2021,18:40:00,H1,0
IN,8/17/2021 18:40,8/17/2021,18:40:00,C2,0
IN,8/17/2021 18:50,8/17/2021,18:50:00,H1,0
IN,8/17/2021 18:50,8/17/2021,18:50:00,C2,0
IN,8/17/2021 19:00,8/17/2021,19:00:00,H1,0
IN,8/17/2021 19:00,8/17/2021,19:00:00,C2,0
IN,8/17/2021 19:10,8/17/2021,19:10:00,H1,0
IN,8/17/2021 19:10,8/17/2021,19:10:00,C2,0
IN,8/17/2021 19:20,8/17/2021,19:20:00,H1,0
IN,8/17/2021 19:20,8/17/2021,19:20:00,C2,0
IN,8/17/2021 19:30,8/17/2021,19:30:00,H1,0
IN,8/17/2021 19:30,8/17/2021,19:30:00,C2,0
IN,8/17/2021 19:40,8/17/2021,19:40:00,H1,0
IN,8/17/2021 19:40,8/17/2021,19:40:00,C2,0
IN,8/17/2021 19:50,8/17/2021,19:50:00,H1,0
IN,8/17/2021 19:50,8/17/2021,19:50:00,C2,0
IN,8/17/2021 20:00,8/17/2021,20:00:00,H1,0
IN,8/17/2021 20:00,8/17/2021,20:00:00,C2,0
IN,8/17/2021 20:10,8/17/2021,20:10:00,H1,0
IN,8/17/2021 20:10,8/17/2021,20:10:00,C2,0
IN,8/17/2021 20:20,8/17/2021,20:20:00,H1,0
IN,8/17/2021 20:20,8/17/2021,20:20:00,C2,0
IN,8/17/2021 20:30,8/17/2021,20:30:00,H1,0
IN,8/17/2021 20:30,8/17/2021,20:30:00,C2,0
IN,8/17/2021 20:40,8/17/2021,20:40:00,H1,0
IN,8/17/2021 20:40,8/17/2021,20:40:00,C2,0
IN,8/17/2021 20:50,8/17/2021,20:50:00,H1,0
IN,8/17/2021 20:50,8/17/2021,20:50:00,C2,0
IN,8/17/2021 21:00,8/17/2021,21:00:00,H1,0
IN,8/17/2021 21:00,8/17/2021,21:00:00,C2,0
IN,8/17/2021 21:10,8/17/2021,21:10:00,H1,0
IN,8/17/2021 21:10,8/17/2021,21:10:00,C2,0
IN,8/17/2021 21:20,8/17/2021,21:20:00,H1,0
IN,8/17/2021 21:20,8/17/2021,21:20:00,C2,0
IN,8/17/2021 21:30,8/17/2021,21:30:00,H1,0
IN,8/17/2021 21:30,8/17/2021,21:30:00,C2,0
IN,8/17/2021 21:40,8/17/2021,21:40:00,H1,0
IN,8/17/2021 21:40,8/17/2021,21:40:00,C2,0
IN,8/17/2021 21:50,8/17/2021,21:50:00,H1,0
IN,8/17/2021 21:50,8/17/2021,21:50:00,C2,0
IN,8/17/2021 22:00,8/17/2021,22:00:00,H1,0
IN,8/17/2021 22:00,8/17/2021,22:00:00,C2,0
IN,8/17/2021 22:10,8/17/2021,22:10:00,H1,0
IN,8/17/2021 22:10,8/17/2021,22:10:00,C2,0
IN,8/17/2021 22:20,8/17/2021,22:20:00,H1,0
IN,8/17/2021 22:20,8/17/2021,22:20:00,C2,0
IN,8/17/2021 22:30,8/17/2021,22:30:00,H1,0
IN,8/17/2021 22:30,8/17/2021,22:30:00,C2,0
IN,8/17/2021 22:40,8/17/2021,22:40:00,H1,0
IN,8/17/2021 22:40,8/17/2021,22:40:00,C2,0
IN,8/17/2021 22:50,8/17/2021,22:50:00,H1,0
IN,8/17/2021 22:50,8/17/2021,22:50:00,C2,0
IN,8/17/2021 23:00,8/17/2021,23:00:00,H1,0
IN,8/17/2021 23:00,8/17/2021,23:00:00,C2,0
IN,8/17/2021 23:10,8/17/2021,23:10:00,H1,0
IN,8/17/2021 23:10,8/17/2021,23:10:00,C2,0
IN,8/17/2021 23:20,8/17/2021,23:20:00,H1,0
IN,8/17/2021 23:20,8/17/2021,23:20:00,C2,0
IN,8/17/2021 23:30,8/17/2021,23:30:00,H1,0
IN,8/17/2021 23:30,8/17/2021,23:30:00,C2,0
IN,8/17/2021 23:40,8/17/2021,23:40:00,H1,0
IN,8/17/2021 23:40,8/17/2021,23:40:00,C2,0
IN,8/17/2021 23:50,8/17/2021,23:50:00,H1,0
IN,8/17/2021 23:50,8/17/2021,23:50:00,C2,0
IN,8/18/2021 0:00,8/18/2021,0:00:00,H1,0
IN,8/18/2021 0:00,8/18/2021,0:00:00,C2,0
IN,8/18/2021 0:10,8/18/2021,0:10:00,H1,0
IN,8/18/2021 0:10,8/18/2021,0:10:00,C2,0
IN,8/18/2021 0:20,8/18/2021,0:20:00,H1,0
IN,8/18/2021 0:20,8/18/2021,0:20:00,C2,0
IN,8/18/2021 0:30,8/18/2021,0:30:00,H1,0
IN,8/18/2021 0:30,8/18/2021,0:30:00,C2,0
IN,8/18/2021 0:40,8/18/2021,0:40:00,H1,0
IN,8/18/2021 0:40,8/18/2021,0:40:00,C2,0
IN,8/18/2021 0:50,8/18/2021,0:50:00,H1,0
IN,8/18/2021 0:50,8/18/2021,0:50:00,C2,0
IN,8/18/2021 1:00,8/18/2021,1:00:00,H1,0
IN,8/18/2021 1:00,8/18/2021,1:00:00,C2,0
IN,8/18/2021 1:10,8/18/2021,1:10:00,H1,0
IN,8/18/2021 1:10,8/18/2021,1:10:00,C2,0
IN,8/18/2021 1:20,8/18/2021,1:20:00,H1,0
IN,8/18/2021 1:20,8/18/2021,1:20:00,C2,0
IN,8/18/2021 1:30,8/18/2021,1:30:00,H1,0
IN,8/18/2021 1:30,8/18/2021,1:30:00,C2,0
IN,8/18/2021 1:40,8/18/2021,1:40:00,H1,0
IN,8/18/2021 1:40,8/18/2021,1:40:00,C2,0
IN,8/18/2021 1:50,8/18/2021,1:50:00,H1,0
IN,8/18/2021 1:50,8/18/2021,1:50:00,C2,0
IN,8/18/2021 2:00,8/18/2021,2:00:00,H1,0
IN,8/18/2021 2:00,8/18/2021,2:00:00,C2,0
IN,8/18/2021 2:10,8/18/2021,2:10:00,H1,0
IN,8/18/2021 2:10,8/18/2021,2:10:00,C2,0
IN,8/18/2021 2:20,8/18/2021,2:20:00,H1,0
IN,8/18/2021 2:20,8/18/2021,2:20:00,C2,0
IN,8/18/2021 2:30,8/18/2021,2:30:00,H1,0
IN,8/18/2021 2:30,8/18/2021,2:30:00,C2,0
IN,8/18/2021 2:40,8/18/2021,2:40:00,H1,0
IN,8/18/2021 2:40,8/18/2021,2:40:00,C2,0
IN,8/18/2021 2:50,8/18/2021,2:50:00,H1,0
IN,8/18/2021 2:50,8/18/2021,2:50:00,C2,0
IN,8/18/2021 3:00,8/18/2021,3:00:00,H1,0
IN,8/18/2021 3:00,8/18/2021,3:00:00,C2,0
IN,8/18/2021 3:10,8/18/2021,3:10:00,H1,0
IN,8/18/2021 3:10,8/18/2021,3:10:00,C2,0
IN,8/18/2021 3:20,8/18/2021,3:20:00,H1,0
IN,8/18/2021 3:20,8/18/2021,3:20:00,C2,0
IN,8/18/2021 3:30,8/18/2021,3:30:00,H1,0
IN,8/18/2021 3:30,8/18/2021,3:30:00,C2,0
IN,8/18/2021 3:40,8/18/2021,3:40:00,H1,0
IN,8/18/2021 3:40,8/18/2021,3:40:00,C2,0
IN,8/18/2021 3:50,8/18/2021,3:50:00,H1,0
IN,8/18/2021 3:50,8/18/2021,3:50:00,C2,0
IN,8/18/2021 4:00,8/18/2021,4:00:00,H1,0
IN,8/18/2021 4:00,8/18/2021,4:00:00,C2,0
IN,8/18/2021 4:10,8/18/2021,4:10:00,H1,0
IN,8/18/2021 4:10,8/18/2021,4:10:00,C2,0
IN,8/18/2021 4:20,8/18/2021,4:20:00,H1,0
IN,8/18/2021 4:20,8/18/2021,4:20:00,C2,0
IN,8/18/2021 4:30,8/18/2021,4:30:00,H1,0
IN,8/18/2021 4:30,8/18/2021,4:30:00,C2,0
IN,8/18/2021 4:40,8/18/2021,4:40:00,H1,0
IN,8/18/2021 4:40,8/18/2021,4:40:00,C2,0
IN,8/18/2021 4:50,8/18/2021,4:50:00,H1,0
IN,8/18/2021 4:50,8/18/2021,4:50:00,C2,0
IN,8/18/2021 5:00,8/18/2021,5:00:00,H1,0
IN,8/18/2021 5:00,8/18/2021,5:00:00,C2,0
IN,8/18/2021 5:10,8/18/2021,5:10:00,H1,0
IN,8/18/2021 5:10,8/18/2021,5:10:00,C2,0
TP1,8/30/2021 11:30,8/30/2021,11:30:00,H1,1628
TP1,8/30/2021 11:30,8/30/2021,11:30:00,C2,413
TP1,8/30/2021 11:40,8/30/2021,11:40:00,H1,1688
TP1,8/30/2021 11:40,8/30/2021,11:40:00,C2,410
TP1,8/30/2021 11:50,8/30/2021,11:50:00,H1,209
TP1,8/30/2021 11:50,8/30/2021,11:50:00,C2,350
TP1,8/30/2021 12:00,8/30/2021,12:00:00,H1,948
TP1,8/30/2021 12:00,8/30/2021,12:00:00,C2,730
TP1,8/30/2021 12:10,8/30/2021,12:10:00,H1,420
TP1,8/30/2021 12:10,8/30/2021,12:10:00,C2,410
TP1,8/30/2021 12:20,8/30/2021,12:20:00,H1,578
TP1,8/30/2021 12:20,8/30/2021,12:20:00,C2,464
TP1,8/30/2021 12:30,8/30/2021,12:30:00,H1,89
TP1,8/30/2021 12:30,8/30/2021,12:30:00,C2,99
TP1,8/30/2021 12:40,8/30/2021,12:40:00,H1,107
TP1,8/30/2021 12:40,8/30/2021,12:40:00,C2,122
TP1,8/30/2021 12:50,8/30/2021,12:50:00,H1,123
TP1,8/30/2021 12:50,8/30/2021,12:50:00,C2,128
TP1,8/30/2021 13:00,8/30/2021,13:00:00,H1,303
TP1,8/30/2021 13:00,8/30/2021,13:00:00,C2,527
TP1,8/30/2021 13:10,8/30/2021,13:10:00,H1,95
TP1,8/30/2021 13:10,8/30/2021,13:10:00,C2,87
TP1,8/30/2021 13:20,8/30/2021,13:20:00,H1,85
TP1,8/30/2021 13:20,8/30/2021,13:20:00,C2,93
TP1,8/30/2021 13:30,8/30/2021,13:30:00,H1,800
TP1,8/30/2021 13:30,8/30/2021,13:30:00,C2,385
TP1,8/30/2021 13:40,8/30/2021,13:40:00,H1,85
TP1,8/30/2021 13:40,8/30/2021,13:40:00,C2,83
TP1,8/30/2021 13:50,8/30/2021,13:50:00,H1,149
TP1,8/30/2021 13:50,8/30/2021,13:50:00,C2,141
TP1,8/30/2021 14:00,8/30/2021,14:00:00,H1,117
TP1,8/30/2021 14:00,8/30/2021,14:00:00,C2,125
TP1,8/30/2021 14:10,8/30/2021,14:10:00,H1,926
TP1,8/30/2021 14:10,8/30/2021,14:10:00,C2,895
TP1,8/30/2021 14:20,8/30/2021,14:20:00,H1,253
TP1,8/30/2021 14:20,8/30/2021,14:20:00,C2,245
TP1,8/30/2021 14:30,8/30/2021,14:30:00,H1,503
TP1,8/30/2021 14:30,8/30/2021,14:30:00,C2,274
TP1,8/30/2021 14:40,8/30/2021,14:40:00,H1,221
TP1,8/30/2021 14:40,8/30/2021,14:40:00,C2,137
TP1,8/30/2021 14:50,8/30/2021,14:50:00,H1,32
TP1,8/30/2021 14:50,8/30/2021,14:50:00,C2,39
TP1,8/30/2021 15:00,8/30/2021,15:00:00,H1,104
TP1,8/30/2021 15:00,8/30/2021,15:00:00,C2,134
TP1,8/30/2021 15:10,8/30/2021,15:10:00,H1,16
TP1,8/30/2021 15:10,8/30/2021,15:10:00,C2,30
TP1,8/30/2021 15:20,8/30/2021,15:20:00,H1,806
TP1,8/30/2021 15:20,8/30/2021,15:20:00,C2,768
TP1,8/30/2021 15:30,8/30/2021,15:30:00,H1,139
TP1,8/30/2021 15:30,8/30/2021,15:30:00,C2,141
TP1,8/30/2021 15:40,8/30/2021,15:40:00,H1,168
TP1,8/30/2021 15:40,8/30/2021,15:40:00,C2,166
TP1,8/30/2021 15:50,8/30/2021,15:50:00,H1,247
TP1,8/30/2021 15:50,8/30/2021,15:50:00,C2,242
TP1,8/30/2021 16:00,8/30/2021,16:00:00,H1,190
TP1,8/30/2021 16:00,8/30/2021,16:00:00,C2,198
TP1,8/30/2021 16:10,8/30/2021,16:10:00,H1,54
TP1,8/30/2021 16:10,8/30/2021,16:10:00,C2,64
TP1,8/30/2021 16:20,8/30/2021,16:20:00,H1,47
TP1,8/30/2021 16:20,8/30/2021,16:20:00,C2,52
TP1,8/30/2021 16:30,8/30/2021,16:30:00,H1,139
TP1,8/30/2021 16:30,8/30/2021,16:30:00,C2,163
TP1,8/30/2021 16:40,8/30/2021,16:40:00,H1,171
TP1,8/30/2021 16:40,8/30/2021,16:40:00,C2,172
TP1,8/30/2021 16:50,8/30/2021,16:50:00,H1,51
TP1,8/30/2021 16:50,8/30/2021,16:50:00,C2,68
TP1,8/30/2021 17:00,8/30/2021,17:00:00,H1,120
TP1,8/30/2021 17:00,8/30/2021,17:00:00,C2,90
TP1,8/30/2021 17:10,8/30/2021,17:10:00,H1,237
TP1,8/30/2021 17:10,8/30/2021,17:10:00,C2,99
TP1,8/30/2021 17:20,8/30/2021,17:20:00,H1,120
TP1,8/30/2021 17:20,8/30/2021,17:20:00,C2,131
TP1,8/30/2021 17:30,8/30/2021,17:30:00,H1,38
TP1,8/30/2021 17:30,8/30/2021,17:30:00,C2,68
TP1,8/30/2021 17:40,8/30/2021,17:40:00,H1,19
TP1,8/30/2021 17:40,8/30/2021,17:40:00,C2,23
TP1,8/30/2021 17:50,8/30/2021,17:50:00,H1,28
TP1,8/30/2021 17:50,8/30/2021,17:50:00,C2,36
TP1,8/30/2021 18:00,8/30/2021,18:00:00,H1,41
TP1,8/30/2021 18:00,8/30/2021,18:00:00,C2,39
TP1,8/30/2021 18:10,8/30/2021,18:10:00,H1,82
TP1,8/30/2021 18:10,8/30/2021,18:10:00,C2,93
TP1,8/30/2021 18:20,8/30/2021,18:20:00,H1,76
TP1,8/30/2021 18:20,8/30/2021,18:20:00,C2,83
TP1,8/30/2021 18:30,8/30/2021,18:30:00,H1,54
TP1,8/30/2021 18:30,8/30/2021,18:30:00,C2,74
TP1,8/30/2021 18:40,8/30/2021,18:40:00,H1,0
TP1,8/30/2021 18:40,8/30/2021,18:40:00,C2,0
TP1,8/30/2021 18:50,8/30/2021,18:50:00,H1,0
TP1,8/30/2021 18:50,8/30/2021,18:50:00,C2,0
TP1,8/30/2021 19:00,8/30/2021,19:00:00,H1,0
TP1,8/30/2021 19:00,8/30/2021,19:00:00,C2,0
TP1,8/30/2021 19:10,8/30/2021,19:10:00,H1,0
TP1,8/30/2021 19:10,8/30/2021,19:10:00,C2,0
TP1,8/30/2021 19:20,8/30/2021,19:20:00,H1,0
TP1,8/30/2021 19:20,8/30/2021,19:20:00,C2,0
TP1,8/30/2021 19:30,8/30/2021,19:30:00,H1,0
TP1,8/30/2021 19:30,8/30/2021,19:30:00,C2,0
TP1,8/30/2021 19:40,8/30/2021,19:40:00,H1,0
TP1,8/30/2021 19:40,8/30/2021,19:40:00,C2,0
TP1,8/30/2021 19:50,8/30/2021,19:50:00,H1,0
TP1,8/30/2021 19:50,8/30/2021,19:50:00,C2,0
TP1,8/30/2021 20:00,8/30/2021,20:00:00,H1,0
TP1,8/30/2021 20:00,8/30/2021,20:00:00,C2,0
TP1,8/30/2021 20:10,8/30/2021,20:10:00,H1,0
TP1,8/30/2021 20:10,8/30/2021,20:10:00,C2,0
TP1,8/30/2021 20:20,8/30/2021,20:20:00,H1,0
TP1,8/30/2021 20:20,8/30/2021,20:20:00,C2,0
TP1,8/30/2021 20:30,8/30/2021,20:30:00,H1,0
TP1,8/30/2021 20:30,8/30/2021,20:30:00,C2,0
TP1,8/30/2021 20:40,8/30/2021,20:40:00,H1,0
TP1,8/30/2021 20:40,8/30/2021,20:40:00,C2,0
TP1,8/30/2021 20:50,8/30/2021,20:50:00,H1,0
TP1,8/30/2021 20:50,8/30/2021,20:50:00,C2,0
TP1,8/30/2021 21:00,8/30/2021,21:00:00,H1,0
TP1,8/30/2021 21:00,8/30/2021,21:00:00,C2,0
TP1,8/30/2021 21:10,8/30/2021,21:10:00,H1,0
TP1,8/30/2021 21:10,8/30/2021,21:10:00,C2,0
TP1,8/30/2021 21:20,8/30/2021,21:20:00,H1,0
TP1,8/30/2021 21:20,8/30/2021,21:20:00,C2,0
TP1,8/30/2021 21:30,8/30/2021,21:30:00,H1,0
TP1,8/30/2021 21:30,8/30/2021,21:30:00,C2,0
TP1,8/30/2021 21:40,8/30/2021,21:40:00,H1,0
TP1,8/30/2021 21:40,8/30/2021,21:40:00,C2,0
TP1,8/30/2021 21:50,8/30/2021,21:50:00,H1,0
TP1,8/30/2021 21:50,8/30/2021,21:50:00,C2,0
TP1,8/30/2021 22:00,8/30/2021,22:00:00,H1,0
TP1,8/30/2021 22:00,8/30/2021,22:00:00,C2,0
TP1,8/30/2021 22:10,8/30/2021,22:10:00,H1,0
TP1,8/30/2021 22:10,8/30/2021,22:10:00,C2,0
TP1,8/30/2021 22:20,8/30/2021,22:20:00,H1,0
TP1,8/30/2021 22:20,8/30/2021,22:20:00,C2,0
TP1,8/30/2021 22:30,8/30/2021,22:30:00,H1,0
TP1,8/30/2021 22:30,8/30/2021,22:30:00,C2,0
TP1,8/30/2021 22:40,8/30/2021,22:40:00,H1,0
TP1,8/30/2021 22:40,8/30/2021,22:40:00,C2,0
TP1,8/30/2021 22:50,8/30/2021,22:50:00,H1,0
TP1,8/30/2021 22:50,8/30/2021,22:50:00,C2,0
TP1,8/30/2021 23:00,8/30/2021,23:00:00,H1,0
TP1,8/30/2021 23:00,8/30/2021,23:00:00,C2,0
TP1,8/30/2021 23:10,8/30/2021,23:10:00,H1,0
TP1,8/30/2021 23:10,8/30/2021,23:10:00,C2,0
TP1,8/30/2021 23:20,8/30/2021,23:20:00,H1,0
TP1,8/30/2021 23:20,8/30/2021,23:20:00,C2,0
TP1,8/30/2021 23:30,8/30/2021,23:30:00,H1,0
TP1,8/30/2021 23:30,8/30/2021,23:30:00,C2,0
TP1,8/30/2021 23:40,8/30/2021,23:40:00,H1,0
TP1,8/30/2021 23:40,8/30/2021,23:40:00,C2,0
TP1,8/30/2021 23:50,8/30/2021,23:50:00,H1,0
TP1,8/30/2021 23:50,8/30/2021,23:50:00,C2,0
TP1,8/31/2021 0:00,8/31/2021,0:00:00,H1,0
TP1,8/31/2021 0:00,8/31/2021,0:00:00,C2,0
TP1,8/31/2021 0:10,8/31/2021,0:10:00,H1,0
TP1,8/31/2021 0:10,8/31/2021,0:10:00,C2,0
TP1,8/31/2021 0:20,8/31/2021,0:20:00,H1,0
TP1,8/31/2021 0:20,8/31/2021,0:20:00,C2,0
TP1,8/31/2021 0:30,8/31/2021,0:30:00,H1,0
TP1,8/31/2021 0:30,8/31/2021,0:30:00,C2,0
TP1,8/31/2021 0:40,8/31/2021,0:40:00,H1,0
TP1,8/31/2021 0:40,8/31/2021,0:40:00,C2,0
TP1,8/31/2021 0:50,8/31/2021,0:50:00,H1,0
TP1,8/31/2021 0:50,8/31/2021,0:50:00,C2,0
TP1,8/31/2021 1:00,8/31/2021,1:00:00,H1,0
TP1,8/31/2021 1:00,8/31/2021,1:00:00,C2,0
TP1,8/31/2021 1:10,8/31/2021,1:10:00,H1,0
TP1,8/31/2021 1:10,8/31/2021,1:10:00,C2,0
TP1,8/31/2021 1:20,8/31/2021,1:20:00,H1,0
TP1,8/31/2021 1:20,8/31/2021,1:20:00,C2,0
TP1,8/31/2021 1:30,8/31/2021,1:30:00,H1,0
TP1,8/31/2021 1:30,8/31/2021,1:30:00,C2,0
TP1,8/31/2021 1:40,8/31/2021,1:40:00,H1,0
TP1,8/31/2021 1:40,8/31/2021,1:40:00,C2,0
TP1,8/31/2021 1:50,8/31/2021,1:50:00,H1,0
TP1,8/31/2021 1:50,8/31/2021,1:50:00,C2,0
TP1,8/31/2021 2:00,8/31/2021,2:00:00,H1,0
TP1,8/31/2021 2:00,8/31/2021,2:00:00,C2,0
TP1,8/31/2021 2:10,8/31/2021,2:10:00,H1,0
TP1,8/31/2021 2:10,8/31/2021,2:10:00,C2,0
TP1,8/31/2021 2:20,8/31/2021,2:20:00,H1,0
TP1,8/31/2021 2:20,8/31/2021,2:20:00,C2,0
TP1,8/31/2021 2:30,8/31/2021,2:30:00,H1,0
TP1,8/31/2021 2:30,8/31/2021,2:30:00,C2,0
TP1,8/31/2021 2:40,8/31/2021,2:40:00,H1,0
TP1,8/31/2021 2:40,8/31/2021,2:40:00,C2,0
TP1,8/31/2021 2:50,8/31/2021,2:50:00,H1,0
TP1,8/31/2021 2:50,8/31/2021,2:50:00,C2,0
TP1,8/31/2021 3:00,8/31/2021,3:00:00,H1,0
TP1,8/31/2021 3:00,8/31/2021,3:00:00,C2,0
TP1,8/31/2021 3:10,8/31/2021,3:10:00,H1,0
TP1,8/31/2021 3:10,8/31/2021,3:10:00,C2,0
TP1,8/31/2021 3:20,8/31/2021,3:20:00,H1,0
TP1,8/31/2021 3:20,8/31/2021,3:20:00,C2,0
TP1,8/31/2021 3:30,8/31/2021,3:30:00,H1,0
TP1,8/31/2021 3:30,8/31/2021,3:30:00,C2,0
TP1,8/31/2021 3:40,8/31/2021,3:40:00,H1,0
TP1,8/31/2021 3:40,8/31/2021,3:40:00,C2,0
TP1,8/31/2021 3:50,8/31/2021,3:50:00,H1,0
TP1,8/31/2021 3:50,8/31/2021,3:50:00,C2,0
TP1,8/31/2021 4:00,8/31/2021,4:00:00,H1,0
TP1,8/31/2021 4:00,8/31/2021,4:00:00,C2,0
TP1,8/31/2021 4:10,8/31/2021,4:10:00,H1,0
TP1,8/31/2021 4:10,8/31/2021,4:10:00,C2,0
TP1,8/31/2021 4:20,8/31/2021,4:20:00,H1,0
TP1,8/31/2021 4:20,8/31/2021,4:20:00,C2,0
TP1,8/31/2021 4:30,8/31/2021,4:30:00,H1,0
TP1,8/31/2021 4:30,8/31/2021,4:30:00,C2,0
TP1,8/31/2021 4:40,8/31/2021,4:40:00,H1,0
TP1,8/31/2021 4:40,8/31/2021,4:40:00,C2,0
TP1,8/31/2021 4:50,8/31/2021,4:50:00,H1,0
TP1,8/31/2021 4:50,8/31/2021,4:50:00,C2,0
TP1,8/31/2021 5:00,8/31/2021,5:00:00,H1,0
TP1,8/31/2021 5:00,8/31/2021,5:00:00,C2,0
TP1,8/31/2021 5:10,8/31/2021,5:10:00,H1,0
TP1,8/31/2021 5:10,8/31/2021,5:10:00,C2,0
TP1,8/31/2021 5:20,8/31/2021,5:20:00,H1,0
TP1,8/31/2021 5:20,8/31/2021,5:20:00,C2,0
TP1,8/31/2021 5:30,8/31/2021,5:30:00,H1,0
TP1,8/31/2021 5:30,8/31/2021,5:30:00,C2,0
TP2,12/9/2021 12:00,12/9/2021,12:00:00,H1,95
TP2,12/9/2021 12:00,12/9/2021,12:00:00,C2,68
TP2,12/9/2021 12:10,12/9/2021,12:10:00,H1,38
TP2,12/9/2021 12:10,12/9/2021,12:10:00,C2,83
TP2,12/9/2021 12:20,12/9/2021,12:20:00,H1,155
TP2,12/9/2021 12:20,12/9/2021,12:20:00,C2,87
TP2,12/9/2021 12:30,12/9/2021,12:30:00,H1,180
TP2,12/9/2021 12:30,12/9/2021,12:30:00,C2,109
TP2,12/9/2021 12:40,12/9/2021,12:40:00,H1,177
TP2,12/9/2021 12:40,12/9/2021,12:40:00,C2,90
TP2,12/9/2021 12:50,12/9/2021,12:50:00,H1,259
TP2,12/9/2021 12:50,12/9/2021,12:50:00,C2,131
TP2,12/9/2021 13:00,12/9/2021,13:00:00,H1,480
TP2,12/9/2021 13:00,12/9/2021,13:00:00,C2,150
TP2,12/9/2021 13:10,12/9/2021,13:10:00,H1,120
TP2,12/9/2021 13:10,12/9/2021,13:10:00,C2,150
TP2,12/9/2021 13:20,12/9/2021,13:20:00,H1,47
TP2,12/9/2021 13:20,12/9/2021,13:20:00,C2,55
TP2,12/9/2021 13:30,12/9/2021,13:30:00,H1,307
TP2,12/9/2021 13:30,12/9/2021,13:30:00,C2,144
TP2,12/9/2021 13:40,12/9/2021,13:40:00,H1,161
TP2,12/9/2021 13:40,12/9/2021,13:40:00,C2,169
TP2,12/9/2021 13:50,12/9/2021,13:50:00,H1,101
TP2,12/9/2021 13:50,12/9/2021,13:50:00,C2,68
TP2,12/9/2021 14:00,12/9/2021,14:00:00,H1,82
TP2,12/9/2021 14:00,12/9/2021,14:00:00,C2,191
TP2,12/9/2021 14:10,12/9/2021,14:10:00,H1,490
TP2,12/9/2021 14:10,12/9/2021,14:10:00,C2,407
TP2,12/9/2021 14:20,12/9/2021,14:20:00,H1,89
TP2,12/9/2021 14:20,12/9/2021,14:20:00,C2,87
TP2,12/9/2021 14:30,12/9/2021,14:30:00,H1,133
TP2,12/9/2021 14:30,12/9/2021,14:30:00,C2,122
TP2,12/9/2021 14:40,12/9/2021,14:40:00,H1,635
TP2,12/9/2021 14:40,12/9/2021,14:40:00,C2,309
TP2,12/9/2021 14:50,12/9/2021,14:50:00,H1,205
TP2,12/9/2021 14:50,12/9/2021,14:50:00,C2,207
TP2,12/9/2021 15:00,12/9/2021,15:00:00,H1,120
TP2,12/9/2021 15:00,12/9/2021,15:00:00,C2,115
TP2,12/9/2021 15:10,12/9/2021,15:10:00,H1,168
TP2,12/9/2021 15:10,12/9/2021,15:10:00,C2,141
TP2,12/9/2021 15:20,12/9/2021,15:20:00,H1,857
TP2,12/9/2021 15:20,12/9/2021,15:20:00,C2,258
TP2,12/9/2021 15:30,12/9/2021,15:30:00,H1,316
TP2,12/9/2021 15:30,12/9/2021,15:30:00,C2,194
TP2,12/9/2021 15:40,12/9/2021,15:40:00,H1,177
TP2,12/9/2021 15:40,12/9/2021,15:40:00,C2,166
TP2,12/9/2021 15:50,12/9/2021,15:50:00,H1,32
TP2,12/9/2021 15:50,12/9/2021,15:50:00,C2,30
TP2,12/9/2021 16:00,12/9/2021,16:00:00,H1,57
TP2,12/9/2021 16:00,12/9/2021,16:00:00,C2,87
TP2,12/9/2021 16:10,12/9/2021,16:10:00,H1,190
TP2,12/9/2021 16:10,12/9/2021,16:10:00,C2,226
TP2,12/9/2021 16:20,12/9/2021,16:20:00,H1,89
TP2,12/9/2021 16:20,12/9/2021,16:20:00,C2,90
TP2,12/9/2021 16:30,12/9/2021,16:30:00,H1,92
TP2,12/9/2021 16:30,12/9/2021,16:30:00,C2,102
TP2,12/9/2021 16:40,12/9/2021,16:40:00,H1,54
TP2,12/9/2021 16:40,12/9/2021,16:40:00,C2,55
TP2,12/9/2021 16:50,12/9/2021,16:50:00,H1,54
TP2,12/9/2021 16:50,12/9/2021,16:50:00,C2,55
TP2,12/9/2021 17:00,12/9/2021,17:00:00,H1,41
TP2,12/9/2021 17:00,12/9/2021,17:00:00,C2,36
TP2,12/9/2021 17:10,12/9/2021,17:10:00,H1,35
TP2,12/9/2021 17:10,12/9/2021,17:10:00,C2,36
TP2,12/9/2021 17:20,12/9/2021,17:20:00,H1,22
TP2,12/9/2021 17:20,12/9/2021,17:20:00,C2,23
TP2,12/9/2021 17:30,12/9/2021,17:30:00,H1,6
TP2,12/9/2021 17:30,12/9/2021,17:30:00,C2,4
TP2,12/9/2021 17:40,12/9/2021,17:40:00,H1,0
TP2,12/9/2021 17:40,12/9/2021,17:40:00,C2,4
TP2,12/9/2021 17:50,12/9/2021,17:50:00,H1,0
TP2,12/9/2021 17:50,12/9/2021,17:50:00,C2,0
TP2,12/9/2021 18:00,12/9/2021,18:00:00,H1,0
TP2,12/9/2021 18:00,12/9/2021,18:00:00,C2,0
TP2,12/9/2021 18:10,12/9/2021,18:10:00,H1,0
TP2,12/9/2021 18:10,12/9/2021,18:10:00,C2,0
TP2,12/9/2021 18:20,12/9/2021,18:20:00,H1,0
TP2,12/9/2021 18:20,12/9/2021,18:20:00,C2,0
TP2,12/9/2021 18:30,12/9/2021,18:30:00,H1,0
TP2,12/9/2021 18:30,12/9/2021,18:30:00,C2,0
TP2,12/9/2021 18:40,12/9/2021,18:40:00,H1,0
TP2,12/9/2021 18:40,12/9/2021,18:40:00,C2,0
TP2,12/9/2021 18:50,12/9/2021,18:50:00,H1,0
TP2,12/9/2021 18:50,12/9/2021,18:50:00,C2,0
TP2,12/9/2021 19:00,12/9/2021,19:00:00,H1,0
TP2,12/9/2021 19:00,12/9/2021,19:00:00,C2,0
TP2,12/9/2021 19:10,12/9/2021,19:10:00,H1,0
TP2,12/9/2021 19:10,12/9/2021,19:10:00,C2,0
TP2,12/9/2021 19:20,12/9/2021,19:20:00,H1,0
TP2,12/9/2021 19:20,12/9/2021,19:20:00,C2,0
TP2,12/9/2021 19:30,12/9/2021,19:30:00,H1,0
TP2,12/9/2021 19:30,12/9/2021,19:30:00,C2,0
TP2,12/9/2021 19:40,12/9/2021,19:40:00,H1,0
TP2,12/9/2021 19:40,12/9/2021,19:40:00,C2,0
TP2,12/9/2021 19:50,12/9/2021,19:50:00,H1,0
TP2,12/9/2021 19:50,12/9/2021,19:50:00,C2,0
TP2,12/9/2021 20:00,12/9/2021,20:00:00,H1,0
TP2,12/9/2021 20:00,12/9/2021,20:00:00,C2,0
TP2,12/9/2021 20:10,12/9/2021,20:10:00,H1,0
TP2,12/9/2021 20:10,12/9/2021,20:10:00,C2,0
TP2,12/9/2021 20:20,12/9/2021,20:20:00,H1,0
TP2,12/9/2021 20:20,12/9/2021,20:20:00,C2,0
TP2,12/9/2021 20:30,12/9/2021,20:30:00,H1,0
TP2,12/9/2021 20:30,12/9/2021,20:30:00,C2,0
TP2,12/9/2021 20:40,12/9/2021,20:40:00,H1,0
TP2,12/9/2021 20:40,12/9/2021,20:40:00,C2,0
TP2,12/9/2021 20:50,12/9/2021,20:50:00,H1,0
TP2,12/9/2021 20:50,12/9/2021,20:50:00,C2,0
TP2,12/9/2021 21:00,12/9/2021,21:00:00,H1,0
TP2,12/9/2021 21:00,12/9/2021,21:00:00,C2,0
TP2,12/9/2021 21:10,12/9/2021,21:10:00,H1,0
TP2,12/9/2021 21:10,12/9/2021,21:10:00,C2,0
TP2,12/9/2021 21:20,12/9/2021,21:20:00,H1,0
TP2,12/9/2021 21:20,12/9/2021,21:20:00,C2,0
TP2,12/9/2021 21:30,12/9/2021,21:30:00,H1,0
TP2,12/9/2021 21:30,12/9/2021,21:30:00,C2,0
TP2,12/9/2021 21:40,12/9/2021,21:40:00,H1,0
TP2,12/9/2021 21:40,12/9/2021,21:40:00,C2,0
TP2,12/9/2021 21:50,12/9/2021,21:50:00,H1,0
TP2,12/9/2021 21:50,12/9/2021,21:50:00,C2,0
TP2,12/9/2021 22:00,12/9/2021,22:00:00,H1,0
TP2,12/9/2021 22:00,12/9/2021,22:00:00,C2,0
TP2,12/9/2021 22:10,12/9/2021,22:10:00,H1,0
TP2,12/9/2021 22:10,12/9/2021,22:10:00,C2,0
TP2,12/9/2021 22:20,12/9/2021,22:20:00,H1,0
TP2,12/9/2021 22:20,12/9/2021,22:20:00,C2,0
TP2,12/9/2021 22:30,12/9/2021,22:30:00,H1,0
TP2,12/9/2021 22:30,12/9/2021,22:30:00,C2,0
TP2,12/9/2021 22:40,12/9/2021,22:40:00,H1,0
TP2,12/9/2021 22:40,12/9/2021,22:40:00,C2,0
TP2,12/9/2021 22:50,12/9/2021,22:50:00,H1,0
TP2,12/9/2021 22:50,12/9/2021,22:50:00,C2,0
TP2,12/9/2021 23:00,12/9/2021,23:00:00,H1,0
TP2,12/9/2021 23:00,12/9/2021,23:00:00,C2,0
TP2,12/9/2021 23:10,12/9/2021,23:10:00,H1,0
TP2,12/9/2021 23:10,12/9/2021,23:10:00,C2,0
TP2,12/9/2021 23:20,12/9/2021,23:20:00,H1,0
TP2,12/9/2021 23:20,12/9/2021,23:20:00,C2,0
TP2,12/9/2021 23:30,12/9/2021,23:30:00,H1,0
TP2,12/9/2021 23:30,12/9/2021,23:30:00,C2,0
TP2,12/9/2021 23:40,12/9/2021,23:40:00,H1,0
TP2,12/9/2021 23:40,12/9/2021,23:40:00,C2,0
TP2,12/9/2021 23:50,12/9/2021,23:50:00,H1,0
TP2,12/9/2021 23:50,12/9/2021,23:50:00,C2,0
TP2,12/10/2021 0:00,12/10/2021,1  12:00:00 AM,H1,0
TP2,12/10/2021 0:00,12/10/2021,1  12:00:00 AM,C2,0
TP2,12/10/2021 0:10,12/10/2021,1  12:10:00 AM,H1,0
TP2,12/10/2021 0:10,12/10/2021,1  12:10:00 AM,C2,0
TP2,12/10/2021 0:20,12/10/2021,1  12:20:00 AM,H1,0
TP2,12/10/2021 0:20,12/10/2021,1  12:20:00 AM,C2,0
TP2,12/10/2021 0:30,12/10/2021,1  12:30:00 AM,H1,0
TP2,12/10/2021 0:30,12/10/2021,1  12:30:00 AM,C2,0
TP2,12/10/2021 0:40,12/10/2021,1  12:40:00 AM,H1,0
TP2,12/10/2021 0:40,12/10/2021,1  12:40:00 AM,C2,0
TP2,12/10/2021 0:50,12/10/2021,1  12:50:00 AM,H1,0
TP2,12/10/2021 0:50,12/10/2021,1  12:50:00 AM,C2,0
TP2,12/10/2021 1:00,12/10/2021,1  1:00:00 AM,H1,0
TP2,12/10/2021 1:00,12/10/2021,1  1:00:00 AM,C2,0
TP2,12/10/2021 1:10,12/10/2021,1  1:10:00 AM,H1,0
TP2,12/10/2021 1:10,12/10/2021,1  1:10:00 AM,C2,0
TP2,12/10/2021 1:20,12/10/2021,1  1:20:00 AM,H1,0
TP2,12/10/2021 1:20,12/10/2021,1  1:20:00 AM,C2,0
TP2,12/10/2021 1:30,12/10/2021,1  1:30:00 AM,H1,0
TP2,12/10/2021 1:30,12/10/2021,1  1:30:00 AM,C2,0
TP2,12/10/2021 1:40,12/10/2021,1  1:40:00 AM,H1,0
TP2,12/10/2021 1:40,12/10/2021,1  1:40:00 AM,C2,0
TP2,12/10/2021 1:50,12/10/2021,1  1:50:00 AM,H1,0
TP2,12/10/2021 1:50,12/10/2021,1  1:50:00 AM,C2,0
TP2,12/10/2021 2:00,12/10/2021,1  2:00:00 AM,H1,0
TP2,12/10/2021 2:00,12/10/2021,1  2:00:00 AM,C2,0
TP2,12/10/2021 2:10,12/10/2021,1  2:10:00 AM,H1,0
TP2,12/10/2021 2:10,12/10/2021,1  2:10:00 AM,C2,0
TP2,12/10/2021 2:20,12/10/2021,1  2:20:00 AM,H1,0
TP2,12/10/2021 2:20,12/10/2021,1  2:20:00 AM,C2,0
TP2,12/10/2021 2:30,12/10/2021,1  2:30:00 AM,H1,0
TP2,12/10/2021 2:30,12/10/2021,1  2:30:00 AM,C2,0
TP2,12/10/2021 2:40,12/10/2021,1  2:40:00 AM,H1,0
TP2,12/10/2021 2:40,12/10/2021,1  2:40:00 AM,C2,0
TP2,12/10/2021 2:50,12/10/2021,1  2:50:00 AM,H1,0
TP2,12/10/2021 2:50,12/10/2021,1  2:50:00 AM,C2,0
TP2,12/10/2021 3:00,12/10/2021,1  3:00:00 AM,H1,0
TP2,12/10/2021 3:00,12/10/2021,1  3:00:00 AM,C2,0
TP2,12/10/2021 3:10,12/10/2021,1  3:10:00 AM,H1,0
TP2,12/10/2021 3:10,12/10/2021,1  3:10:00 AM,C2,0
TP2,12/10/2021 3:20,12/10/2021,1  3:20:00 AM,H1,0
TP2,12/10/2021 3:20,12/10/2021,1  3:20:00 AM,C2,0
TP2,12/10/2021 3:30,12/10/2021,1  3:30:00 AM,H1,0
TP2,12/10/2021 3:30,12/10/2021,1  3:30:00 AM,C2,0
TP2,12/10/2021 3:40,12/10/2021,1  3:40:00 AM,H1,0
TP2,12/10/2021 3:40,12/10/2021,1  3:40:00 AM,C2,0
TP2,12/10/2021 3:50,12/10/2021,1  3:50:00 AM,H1,0
TP2,12/10/2021 3:50,12/10/2021,1  3:50:00 AM,C2,0
TP2,12/10/2021 4:00,12/10/2021,1  4:00:00 AM,H1,0
TP2,12/10/2021 4:00,12/10/2021,1  4:00:00 AM,C2,0
TP2,12/10/2021 4:10,12/10/2021,1  4:10:00 AM,H1,0
TP2,12/10/2021 4:10,12/10/2021,1  4:10:00 AM,C2,0
TP2,12/10/2021 4:20,12/10/2021,1  4:20:00 AM,H1,0
TP2,12/10/2021 4:20,12/10/2021,1  4:20:00 AM,C2,0
TP2,12/10/2021 4:30,12/10/2021,1  4:30:00 AM,H1,0
TP2,12/10/2021 4:30,12/10/2021,1  4:30:00 AM,C2,0
TP2,12/10/2021 4:40,12/10/2021,1  4:40:00 AM,H1,0
TP2,12/10/2021 4:40,12/10/2021,1  4:40:00 AM,C2,0
TP2,12/10/2021 4:50,12/10/2021,1  4:50:00 AM,H1,0
TP2,12/10/2021 4:50,12/10/2021,1  4:50:00 AM,C2,0
TP2,12/10/2021 5:00,12/10/2021,1  5:00:00 AM,H1,0
TP2,12/10/2021 5:00,12/10/2021,1  5:00:00 AM,C2,0
TP2,12/10/2021 5:10,12/10/2021,1  5:10:00 AM,H1,0
TP2,12/10/2021 5:10,12/10/2021,1  5:10:00 AM,C2,0
TP2,12/10/2021 5:20,12/10/2021,1  5:20:00 AM,H1,0
TP2,12/10/2021 5:20,12/10/2021,1  5:20:00 AM,C2,0
TP2,12/10/2021 5:30,12/10/2021,1  5:30:00 AM,H1,0
TP2,12/10/2021 5:30,12/10/2021,1  5:30:00 AM,C2,0
TP2,12/10/2021 5:40,12/10/2021,1  5:40:00 AM,H1,0
TP2,12/10/2021 5:40,12/10/2021,1  5:40:00 AM,C2,0
TP2,12/10/2021 5:50,12/10/2021,1  5:50:00 AM,H1,0
TP2,12/10/2021 5:50,12/10/2021,1  5:50:00 AM,C2,0
TP2,12/10/2021 6:00,12/10/2021,1  6:00:00 AM,H1,0
TP2,12/10/2021 6:00,12/10/2021,1  6:00:00 AM,C2,0
TP3,3/23/2022 12:00,3/23/2022,12:00:00,H1,NA
TP3,3/23/2022 12:00,3/23/2022,12:00:00,C2,NA
TP3,3/23/2022 12:10,3/23/2022,12:10:00,H1,70
TP3,3/23/2022 12:10,3/23/2022,12:10:00,C2,58
TP3,3/23/2022 12:20,3/23/2022,12:20:00,H1,367
TP3,3/23/2022 12:20,3/23/2022,12:20:00,C2,626
TP3,3/23/2022 12:30,3/23/2022,12:30:00,H1,607
TP3,3/23/2022 12:30,3/23/2022,12:30:00,C2,895
TP3,3/23/2022 12:40,3/23/2022,12:40:00,H1,310
TP3,3/23/2022 12:40,3/23/2022,12:40:00,C2,362
TP3,3/23/2022 12:50,3/23/2022,12:50:00,H1,787
TP3,3/23/2022 12:50,3/23/2022,12:50:00,C2,787
TP3,3/23/2022 13:00,3/23/2022,13:00:00,H1,319
TP3,3/23/2022 13:00,3/23/2022,13:00:00,C2,271
TP3,3/23/2022 13:10,3/23/2022,13:10:00,H1,1065
TP3,3/23/2022 13:10,3/23/2022,13:10:00,C2,667
TP3,3/23/2022 13:20,3/23/2022,13:20:00,H1,111
TP3,3/23/2022 13:20,3/23/2022,13:20:00,C2,93
TP3,3/23/2022 13:30,3/23/2022,13:30:00,H1,869
TP3,3/23/2022 13:30,3/23/2022,13:30:00,C2,242
TP3,3/23/2022 13:40,3/23/2022,13:40:00,H1,57
TP3,3/23/2022 13:40,3/23/2022,13:40:00,C2,45
TP3,3/23/2022 13:50,3/23/2022,13:50:00,H1,310
TP3,3/23/2022 13:50,3/23/2022,13:50:00,C2,397
TP3,3/23/2022 14:00,3/23/2022,14:00:00,H1,111
TP3,3/23/2022 14:00,3/23/2022,14:00:00,C2,93
TP3,3/23/2022 14:10,3/23/2022,14:10:00,H1,433
TP3,3/23/2022 14:10,3/23/2022,14:10:00,C2,797
TP3,3/23/2022 14:20,3/23/2022,14:20:00,H1,202
TP3,3/23/2022 14:20,3/23/2022,14:20:00,C2,150
TP3,3/23/2022 14:30,3/23/2022,14:30:00,H1,803
TP3,3/23/2022 14:30,3/23/2022,14:30:00,C2,182
TP3,3/23/2022 14:40,3/23/2022,14:40:00,H1,853
TP3,3/23/2022 14:40,3/23/2022,14:40:00,C2,217
TP3,3/23/2022 14:50,3/23/2022,14:50:00,H1,51
TP3,3/23/2022 14:50,3/23/2022,14:50:00,C2,45
TP3,3/23/2022 15:00,3/23/2022,15:00:00,H1,604
TP3,3/23/2022 15:00,3/23/2022,15:00:00,C2,156
TP3,3/23/2022 15:10,3/23/2022,15:10:00,H1,136
TP3,3/23/2022 15:10,3/23/2022,15:10:00,C2,74
TP3,3/23/2022 15:20,3/23/2022,15:20:00,H1,117
TP3,3/23/2022 15:20,3/23/2022,15:20:00,C2,61
TP3,3/23/2022 15:30,3/23/2022,15:30:00,H1,259
TP3,3/23/2022 15:30,3/23/2022,15:30:00,C2,109
TP3,3/23/2022 16:00,3/23/2022,16:00:00,H1,19
TP3,3/23/2022 16:00,3/23/2022,16:00:00,C2,17
TP3,3/23/2022 16:30,3/23/2022,16:30:00,H1,190
TP3,3/23/2022 16:30,3/23/2022,16:30:00,C2,175
TP3,3/23/2022 17:00,3/23/2022,17:00:00,H1,98
TP3,3/23/2022 17:00,3/23/2022,17:00:00,C2,125
TP3,3/23/2022 17:30,3/23/2022,17:30:00,H1,47
TP3,3/23/2022 17:30,3/23/2022,17:30:00,C2,68
TP3,3/23/2022 18:00,3/23/2022,18:00:00,H1,22
TP3,3/23/2022 18:00,3/23/2022,18:00:00,C2,14
TP3,3/23/2022 18:30,3/23/2022,18:30:00,H1,0
TP3,3/23/2022 18:30,3/23/2022,18:30:00,C2,0
TP3,3/23/2022 19:00,3/23/2022,19:00:00,H1,0
TP3,3/23/2022 19:00,3/23/2022,19:00:00,C2,0
TP3,3/23/2022 19:30,3/23/2022,19:30:00,H1,0
TP3,3/23/2022 19:30,3/23/2022,19:30:00,C2,0
TP3,3/23/2022 20:00,3/23/2022,20:00:00,H1,0
TP3,3/23/2022 20:00,3/23/2022,20:00:00,C2,0
TP3,3/23/2022 20:30,3/23/2022,20:30:00,H1,0
TP3,3/23/2022 20:30,3/23/2022,20:30:00,C2,0
TP3,3/23/2022 21:00,3/23/2022,21:00:00,H1,0
TP3,3/23/2022 21:00,3/23/2022,21:00:00,C2,0
TP3,3/23/2022 21:30,3/23/2022,21:30:00,H1,0
TP3,3/23/2022 21:30,3/23/2022,21:30:00,C2,0
TP3,3/23/2022 22:00,3/23/2022,22:00:00,H1,0
TP3,3/23/2022 22:00,3/23/2022,22:00:00,C2,0
TP3,3/23/2022 22:30,3/23/2022,22:30:00,H1,0
TP3,3/23/2022 22:30,3/23/2022,22:30:00,C2,0
TP3,3/23/2022 23:00,3/23/2022,23:00:00,H1,0
TP3,3/23/2022 23:00,3/23/2022,23:00:00,C2,0
TP3,3/23/2022 23:30,3/23/2022,23:30:00,H1,0
TP3,3/23/2022 23:30,3/23/2022,23:30:00,C2,0
TP3,3/24/2022 0:00,3/24/2022,0:00:00,H1,0
TP3,3/24/2022 0:00,3/24/2022,0:00:00,C2,0
TP3,3/24/2022 0:30,3/24/2022,0:30:00,H1,0
TP3,3/24/2022 0:30,3/24/2022,0:30:00,C2,0
TP3,3/24/2022 1:00,3/24/2022,1:00:00,H1,0
TP3,3/24/2022 1:00,3/24/2022,1:00:00,C2,0
TP3,3/24/2022 1:30,3/24/2022,1:30:00,H1,0
TP3,3/24/2022 1:30,3/24/2022,1:30:00,C2,0
TP3,3/24/2022 2:00,3/24/2022,2:00:00,H1,0
TP3,3/24/2022 2:00,3/24/2022,2:00:00,C2,0
TP3,3/24/2022 2:30,3/24/2022,2:30:00,H1,0
TP3,3/24/2022 2:30,3/24/2022,2:30:00,C2,0
TP3,3/24/2022 3:00,3/24/2022,3:00:00,H1,0
TP3,3/24/2022 3:00,3/24/2022,3:00:00,C2,0
TP3,3/24/2022 3:30,3/24/2022,3:30:00,H1,0
TP3,3/24/2022 3:30,3/24/2022,3:30:00,C2,0
TP3,3/24/2022 4:00,3/24/2022,4:00:00,H1,0
TP3,3/24/2022 4:00,3/24/2022,4:00:00,C2,0
TP3,3/24/2022 4:30,3/24/2022,4:30:00,H1,0
TP3,3/24/2022 4:30,3/24/2022,4:30:00,C2,0
TP3,3/24/2022 5:00,3/24/2022,5:00:00,H1,0
TP3,3/24/2022 5:00,3/24/2022,5:00:00,C2,0
TP3,3/24/2022 5:30,3/24/2022,5:30:00,H1,0
TP3,3/24/2022 5:30,3/24/2022,5:30:00,C2,0
TP3,3/24/2022 6:00,3/24/2022,6:00:00,H1,0
TP3,3/24/2022 6:00,3/24/2022,6:00:00,C2,0
TP4,8/4/2022 12:00,8/4/2022,12:00:00,H1,155
TP4,8/4/2022 12:15,8/4/2022,12:15:00,H1,177
TP4,8/4/2022 12:30,8/4/2022,12:30:00,H1,95
TP4,8/4/2022 12:45,8/4/2022,12:45:00,H1,212
TP4,8/4/2022 13:00,8/4/2022,13:00:00,H1,30.5
TP4,8/4/2022 13:15,8/4/2022,13:15:00,H1,401
TP4,8/4/2022 13:30,8/4/2022,13:30:00,H1,623
TP4,8/4/2022 13:45,8/4/2022,13:45:00,H1,89
TP4,8/4/2022 14:00,8/4/2022,14:00:00,H1,107
TP4,8/4/2022 14:15,8/4/2022,14:15:00,H1,82
TP4,8/4/2022 14:30,8/4/2022,14:30:00,H1,180
TP4,8/4/2022 14:45,8/4/2022,14:45:00,H1,218
TP4,8/4/2022 15:00,8/4/2022,15:00:00,H1,224
TP4,8/4/2022 15:15,8/4/2022,15:15:00,H1,183
TP4,8/4/2022 15:30,8/4/2022,15:30:00,H1,196
TP4,8/4/2022 15:45,8/4/2022,15:45:00,H1,177
TP4,8/4/2022 16:00,8/4/2022,16:00:00,H1,104
TP4,8/4/2022 16:15,8/4/2022,16:15:00,H1,278
TP4,8/4/2022 16:30,8/4/2022,16:30:00,H1,424
TP4,8/4/2022 16:45,8/4/2022,16:45:00,H1,379
TP4,8/4/2022 17:00,8/4/2022,17:00:00,H1,85
TP4,8/4/2022 17:15,8/4/2022,17:15:00,H1,22
TP4,8/4/2022 17:30,8/4/2022,17:30:00,H1,16
TP4,8/4/2022 17:45,8/4/2022,17:45:00,H1,3
TP4,8/4/2022 18:00,8/4/2022,18:00:00,H1,13
TP4,8/4/2022 18:30,8/4/2022,18:30:00,H1,0
TP4,8/4/2022 19:00,8/4/2022,19:00:00,H1,0
TP4,8/4/2022 19:30,8/4/2022,19:30:00,H1,0
TP4,8/4/2022 20:00,8/4/2022,20:00:00,H1,0
TP4,8/4/2022 20:30,8/4/2022,20:30:00,H1,0
TP4,8/4/2022 21:00,8/4/2022,21:00:00,H1,0
TP4,8/4/2022 21:30,8/4/2022,21:30:00,H1,0
TP4,8/4/2022 22:00,8/4/2022,22:00:00,H1,0
TP4,8/4/2022 22:30,8/4/2022,22:30:00,H1,0
TP4,8/4/2022 23:00,8/4/2022,23:00:00,H1,0
TP4,8/4/2022 23:30,8/4/2022,23:30:00,H1,0
TP4,8/5/2022 0:00,8/5/2022,0:00:00,H1,0
TP4,8/5/2022 0:30,8/5/2022,0:30:00,H1,0
TP4,8/5/2022 1:00,8/5/2022,1:00:00,H1,0
TP4,8/5/2022 1:30,8/5/2022,1:30:00,H1,0
TP4,8/5/2022 2:00,8/5/2022,2:00:00,H1,0
TP4,8/5/2022 2:30,8/5/2022,2:30:00,H1,0
TP4,8/5/2022 3:00,8/5/2022,3:00:00,H1,0
TP4,8/5/2022 3:30,8/5/2022,3:30:00,H1,0
TP4,8/5/2022 4:00,8/5/2022,4:00:00,H1,0
TP4,8/5/2022 4:30,8/5/2022,4:30:00,H1,0
TP4,8/5/2022 5:00,8/5/2022,5:00:00,H1,0
TP4,8/5/2022 5:30,8/5/2022,5:30:00,H1,0
TP4,8/5/2022 6:00,8/5/2022,6:00:00,H1,0
TP4,8/4/2022 12:00,8/4/2022,12:00:00,C2,170
TP4,8/4/2022 12:15,8/4/2022,12:15:00,C2,162
TP4,8/4/2022 12:30,8/4/2022,12:30:00,C2,83
TP4,8/4/2022 12:45,8/4/2022,12:45:00,C2,226
TP4,8/4/2022 13:00,8/4/2022,13:00:00,C2,236
TP4,8/4/2022 13:15,8/4/2022,13:15:00,C2,664
TP4,8/4/2022 13:30,8/4/2022,13:30:00,C2,524
TP4,8/4/2022 13:45,8/4/2022,13:45:00,C2,99
TP4,8/4/2022 14:00,8/4/2022,14:00:00,C2,102
TP4,8/4/2022 14:15,8/4/2022,14:15:00,C2,87
TP4,8/4/2022 14:30,8/4/2022,14:30:00,C2,210
TP4,8/4/2022 14:45,8/4/2022,14:45:00,C2,232
TP4,8/4/2022 15:00,8/4/2022,15:00:00,C2,226
TP4,8/4/2022 15:15,8/4/2022,15:15:00,C2,201
TP4,8/4/2022 15:30,8/4/2022,15:30:00,C2,217
TP4,8/4/2022 15:45,8/4/2022,15:45:00,C2,194
TP4,8/4/2022 16:00,8/4/2022,16:00:00,C2,125
TP4,8/4/2022 16:15,8/4/2022,16:15:00,C2,277
TP4,8/4/2022 16:30,8/4/2022,16:30:00,C2,134
TP4,8/4/2022 16:45,8/4/2022,16:45:00,C2,64
TP4,8/4/2022 17:00,8/4/2022,17:00:00,C2,74
TP4,8/4/2022 17:15,8/4/2022,17:15:00,C2,20
TP4,8/4/2022 17:30,8/4/2022,17:30:00,C2,20
TP4,8/4/2022 17:45,8/4/2022,17:45:00,C2,7
TP4,8/4/2022 18:00,8/4/2022,18:00:00,C2,14
TP4,8/4/2022 18:30,8/4/2022,18:30:00,C2,0
TP4,8/4/2022 19:00,8/4/2022,19:00:00,C2,0
TP4,8/4/2022 19:30,8/4/2022,19:30:00,C2,0
TP4,8/4/2022 20:00,8/4/2022,20:00:00,C2,0
TP4,8/4/2022 20:30,8/4/2022,20:30:00,C2,0
TP4,8/4/2022 21:00,8/4/2022,21:00:00,C2,0
TP4,8/4/2022 21:30,8/4/2022,21:30:00,C2,0
TP4,8/4/2022 22:00,8/4/2022,22:00:00,C2,0
TP4,8/4/2022 22:30,8/4/2022,22:30:00,C2,0
TP4,8/4/2022 23:00,8/4/2022,23:00:00,C2,0
TP4,8/4/2022 23:30,8/4/2022,23:30:00,C2,0
TP4,8/5/2022 0:00,8/5/2022,0:00:00,C2,0
TP4,8/5/2022 0:30,8/5/2022,0:30:00,C2,0
TP4,8/5/2022 1:00,8/5/2022,1:00:00,C2,0
TP4,8/5/2022 1:30,8/5/2022,1:30:00,C2,0
TP4,8/5/2022 2:00,8/5/2022,2:00:00,C2,0
TP4,8/5/2022 2:30,8/5/2022,2:30:00,C2,0
TP4,8/5/2022 3:00,8/5/2022,3:00:00,C2,0
TP4,8/5/2022 3:30,8/5/2022,3:30:00,C2,0
TP4,8/5/2022 4:00,8/5/2022,4:00:00,C2,0
TP4,8/5/2022 4:30,8/5/2022,4:30:00,C2,0
TP4,8/5/2022 5:00,8/5/2022,5:00:00,C2,0
TP4,8/5/2022 5:30,8/5/2022,5:30:00,C2,0
TP4,8/5/2022 6:00,8/5/2022,6:00:00,C2,0
