Row,Column,Well,Plate,RandN,Rep,A630,A663,A750
A,1,A1,1A,1,A,0.047,0.078,0.039
B,1,B1,1A,2,A,0.051,0.081,0.042
C,1,C1,1A,3,A,0.067,0.142,0.042
D,1,D1,1A,4,A,0.058,0.12,0.04
E,1,E1,1A,5,A,0.093,0.225,0.044
F,1,F1,1A,6,A,0.061,0.122,0.042
G,1,G1,1A,7,A,0.054,0.107,0.036
H,1,H1,1A,8,A,0.058,0.117,0.038
A,2,A2,1A,9,A,0.065,0.127,0.045
B,2,B2,1A,10,A,0.062,0.108,0.049
C,2,C2,1A,11,A,0.081,0.183,0.043
D,2,D2,1A,12,A,0.061,0.107,0.047
E,2,E2,1A,13,A,0.057,0.107,0.041
F,2,F2,1A,14,A,0.065,0.121,0.044
G,2,G2,1A,15,A,0.07,0.152,0.041
H,2,H2,1A,16,A,0.065,0.12,0.046
A,3,A3,1A,17,A,0.077,0.158,0.047
B,3,B3,1A,18,A,0.073,0.153,0.046
C,3,C3,1A,19,A,0.073,0.149,0.051
D,3,D3,1A,20,A,0.051,0.075,0.046
E,3,E3,1A,21,A,0.073,0.155,0.047
F,3,F3,1A,22,A,0.059,0.115,0.044
G,3,G3,1A,23,A,0.067,0.137,0.044
H,3,H3,1A,24,A,0.074,0.167,0.046
A,4,A4,1A,25,A,0.055,0.097,0.044
B,4,B4,1A,26,A,0.095,0.215,0.044
C,4,C4,1A,27,A,0.095,0.233,0.043
D,4,D4,1A,28,A,0.08,0.186,0.044
E,4,E4,1A,29,A,0.071,0.149,0.041
F,4,F4,1A,30,A,0.073,0.167,0.042
G,4,G4,1A,31,A,0.062,0.123,0.044
H,4,H4,1A,32,A,0.067,0.127,0.046
A,5,A5,1A,33,A,0.08,0.174,0.051
B,5,B5,1A,34,A,0.059,0.109,0.043
C,5,C5,1A,35,A,0.08,0.189,0.043
D,5,D5,1A,36,A,0.059,0.112,0.043
E,5,E5,1A,37,A,0.07,0.148,0.042
F,5,F5,1A,38,A,0.056,0.113,0.042
G,5,G5,1A,39,A,0.05,0.085,0.042
H,5,H5,1A,40,A,0.072,0.156,0.045
A,6,A6,1A,41,A,0.067,0.134,0.047
B,6,B6,1A,42,A,0.061,0.125,0.043
C,6,C6,1A,43,A,0.07,0.151,0.043
D,6,D6,1A,44,A,0.072,0.165,0.044
E,6,E6,1A,45,A,0.085,0.214,0.042
F,6,F6,1A,46,A,0.05,0.082,0.042
G,6,G6,1A,47,A,0.08,0.186,0.043
H,6,H6,1A,48,A,0.09,0.222,0.045
A,7,A7,1A,49,A,0.079,0.176,0.047
B,7,B7,1A,50,A,0.09,0.204,0.044
C,7,C7,1A,51,A,0.064,0.122,0.046
D,7,D7,1A,52,A,0.059,0.105,0.045
E,7,E7,1A,53,A,0.046,0.063,0.041
F,7,F7,1A,54,A,0.062,0.115,0.045
G,7,G7,1A,55,A,0.064,0.125,0.043
H,7,H7,1A,56,A,0.08,0.191,0.046
A,8,A8,1A,57,A,0.051,0.08,0.044
B,8,B8,1A,58,A,0.055,0.089,0.046
C,8,C8,1A,59,A,0.056,0.092,0.047
D,8,D8,1A,60,A,0.05,0.078,0.045
E,8,E8,1A,61,A,0.051,0.075,0.04
F,8,F8,1A,62,A,0.066,0.137,0.042
G,8,G8,1A,63,A,0.053,0.089,0.043
H,8,H8,1A,64,A,0.048,0.065,0.041
A,9,A9,1A,65,A,0.061,0.114,0.041
B,9,B9,1A,66,A,0.057,0.098,0.042
C,9,C9,1A,67,A,0.054,0.089,0.044
D,9,D9,1A,68,A,0.056,0.087,0.046
E,9,E9,1A,69,A,0.056,0.096,0.044
F,9,F9,1A,70,A,0.052,0.081,0.044
G,9,G9,1A,71,A,0.054,0.107,0.041
H,9,H9,1A,72,A,0.054,0.084,0.045
A,10,A10,1A,73,A,0.05,0.083,0.042
B,10,B10,1A,74,A,0.062,0.116,0.047
C,10,C10,1A,75,A,0.052,0.089,0.042
D,10,D10,1A,76,A,0.06,0.119,0.043
E,10,E10,1A,77,A,0.056,0.102,0.041
F,10,F10,1A,78,A,0.052,0.084,0.044
G,10,G10,1A,79,A,0.08,0.171,0.046
H,10,H10,1A,80,A,0.05,0.072,0.046
A,11,A11,1A,81,A,0.054,0.09,0.04
B,11,B11,1A,82,A,0.046,0.071,0.04
C,11,C11,1A,83,A,0.055,0.1,0.041
D,11,D11,1A,84,A,0.053,0.094,0.041
E,11,E11,1A,85,A,0.062,0.123,0.041
F,11,F11,1A,86,A,0.055,0.107,0.04
G,11,G11,1A,87,A,0.052,0.095,0.04
H,11,H11,1A,88,A,0.08,0.186,0.046
A,1,A1,1B,1,B,0.047,0.085,0.038
B,1,B1,1B,2,B,0.046,0.08,0.036
C,1,C1,1B,3,B,0.065,0.15,0.037
D,1,D1,1B,4,B,0.06,0.126,0.039
E,1,E1,1B,5,B,0.098,0.257,0.039
F,1,F1,1B,6,B,0.062,0.137,0.037
G,1,G1,1B,7,B,0.056,0.117,0.036
H,1,H1,1B,8,B,0.061,0.128,0.039
A,2,A2,1B,9,B,0.065,0.13,0.044
B,2,B2,1B,10,B,0.055,0.102,0.042
C,2,C2,1B,11,B,0.081,0.188,0.041
D,2,D2,1B,12,B,0.057,0.107,0.042
E,2,E2,1B,13,B,0.056,0.113,0.038
F,2,F2,1B,14,B,0.063,0.126,0.04
G,2,G2,1B,15,B,0.075,0.171,0.04
H,2,H2,1B,16,B,0.064,0.13,0.044
A,3,A3,1B,17,B,0.079,0.165,0.046
B,3,B3,1B,18,B,0.07,0.155,0.042
C,3,C3,1B,19,B,0.069,0.147,0.041
D,3,D3,1B,20,B,0.048,0.076,0.042
E,3,E3,1B,21,B,0.075,0.17,0.042
F,3,F3,1B,22,B,0.06,0.123,0.04
G,3,G3,1B,23,B,0.069,0.151,0.041
H,3,H3,1B,24,B,0.078,0.186,0.044
A,4,A4,1B,25,B,0.057,0.101,0.044
B,4,B4,1B,26,B,0.098,0.226,0.043
C,4,C4,1B,27,B,0.099,0.244,0.043
D,4,D4,1B,28,B,0.085,0.202,0.044
E,4,E4,1B,29,B,0.077,0.166,0.041
F,4,F4,1B,30,B,0.076,0.182,0.04
G,4,G4,1B,31,B,0.062,0.132,0.041
H,4,H4,1B,32,B,0.069,0.14,0.043
A,5,A5,1B,33,B,0.077,0.174,0.045
B,5,B5,1B,34,B,0.059,0.111,0.043
C,5,C5,1B,35,B,0.083,0.202,0.042
D,5,D5,1B,36,B,0.061,0.119,0.042
E,5,E5,1B,37,B,0.066,0.14,0.039
F,5,F5,1B,38,B,0.057,0.121,0.04
G,5,G5,1B,39,B,0.05,0.089,0.04
H,5,H5,1B,40,B,0.077,0.176,0.044
A,6,A6,1B,41,B,0.07,0.141,0.051
B,6,B6,1B,42,B,0.062,0.128,0.043
C,6,C6,1B,43,B,0.072,0.162,0.042
D,6,D6,1B,44,B,0.074,0.178,0.042
E,6,E6,1B,45,B,0.091,0.237,0.043
F,6,F6,1B,46,B,0.05,0.087,0.04
G,6,G6,1B,47,B,0.086,0.209,0.042
H,6,H6,1B,48,B,0.13,0.29,0.094
A,7,A7,1B,49,B,0.079,0.183,0.044
B,7,B7,1B,50,B,0.092,0.207,0.045
C,7,C7,1B,51,B,0.064,0.126,0.043
D,7,D7,1B,52,B,0.058,0.11,0.042
E,7,E7,1B,53,B,0.045,0.065,0.04
F,7,F7,1B,54,B,0.06,0.12,0.04
G,7,G7,1B,55,B,0.066,0.134,0.041
H,7,H7,1B,56,B,0.085,0.215,0.043
A,8,A8,1B,57,B,0.051,0.079,0.043
B,8,B8,1B,58,B,0.05,0.087,0.041
C,8,C8,1B,59,B,0.053,0.092,0.042
D,8,D8,1B,60,B,0.049,0.079,0.041
E,8,E8,1B,61,B,0.051,0.078,0.039
F,8,F8,1B,62,B,0.068,0.149,0.04
G,8,G8,1B,63,B,0.053,0.093,0.04
H,8,H8,1B,64,B,0.049,0.069,0.042
A,9,A9,1B,65,B,0.062,0.114,0.041
B,9,B9,1B,66,B,0.057,0.102,0.041
C,9,C9,1B,67,B,0.054,0.094,0.042
D,9,D9,1B,68,B,0.053,0.087,0.041
E,9,E9,1B,69,B,0.056,0.102,0.041
F,9,F9,1B,70,B,0.049,0.082,0.039
G,9,G9,1B,71,B,0.055,0.113,0.04
H,9,H9,1B,72,B,0.054,0.087,0.043
A,10,A10,1B,73,B,0.05,0.083,0.041
B,10,B10,1B,74,B,0.06,0.119,0.041
C,10,C10,1B,75,B,0.051,0.092,0.039
D,10,D10,1B,76,B,0.06,0.123,0.041
E,10,E10,1B,77,B,0.056,0.109,0.038
F,10,F10,1B,78,B,0.049,0.084,0.04
G,10,G10,1B,79,B,0.076,0.18,0.04
H,10,H10,1B,80,B,0.048,0.073,0.041
A,11,A11,1B,81,B,0.054,0.091,0.04
B,11,B11,1B,82,B,0.048,0.075,0.04
C,11,C11,1B,83,B,0.057,0.109,0.039
D,11,D11,1B,84,B,0.053,0.098,0.04
E,11,E11,1B,85,B,0.064,0.137,0.039
F,11,F11,1B,86,B,0.056,0.115,0.039
G,11,G11,1B,87,B,0.052,0.102,0.038
H,11,H11,1B,88,B,0.081,0.196,0.042
A,12,A12,1B,89,B,0.117,0.235,0.076
B,12,B12,1B,90,B,0.051,0.081,0.042
C,12,C12,1B,91,B,0.064,0.14,0.04
D,12,D12,1B,92,B,0.07,0.138,0.045
E,12,E12,1B,93,B,0.053,0.087,0.039
F,12,F12,1B,94,B,0.051,0.091,0.039
G,12,G12,1B,95,B,0.069,0.153,0.039
H,12,H12,1B,96,B,0.23,0.301,0.261
A,1,A1,1C,1,C,0.046,0.08,0.037
B,1,B1,1C,2,C,0.046,0.078,0.038
C,1,C1,1C,3,C,0.064,0.145,0.037
D,1,D1,1C,4,C,0.067,0.129,0.048
E,1,E1,1C,5,C,0.096,0.249,0.039
F,1,F1,1C,6,C,0.062,0.138,0.037
G,1,G1,1C,7,C,0.056,0.116,0.035
H,1,H1,1C,8,C,0.062,0.129,0.039
A,2,A2,1C,9,C,0.063,0.124,0.043
B,2,B2,1C,10,C,0.057,0.099,0.045
C,2,C2,1C,11,C,0.078,0.182,0.04
D,2,D2,1C,12,C,0.059,0.108,0.045
E,2,E2,1C,13,C,0.058,0.113,0.04
F,2,F2,1C,14,C,0.063,0.125,0.039
G,2,G2,1C,15,C,0.075,0.174,0.039
H,2,H2,1C,16,C,0.063,0.13,0.042
A,3,A3,1C,17,C,0.078,0.161,0.045
B,3,B3,1C,18,C,0.07,0.151,0.042
C,3,C3,1C,19,C,0.068,0.147,0.041
D,3,D3,1C,20,C,0.047,0.074,0.04
E,3,E3,1C,21,C,0.073,0.169,0.04
F,3,F3,1C,22,C,0.063,0.127,0.042
G,3,G3,1C,23,C,0.067,0.143,0.041
H,3,H3,1C,24,C,0.08,0.188,0.045
A,4,A4,1C,25,C,0.057,0.099,0.045
B,4,B4,1C,26,C,0.095,0.218,0.042
C,4,C4,1C,27,C,0.098,0.243,0.042
D,4,D4,1C,28,C,0.085,0.206,0.042
E,4,E4,1C,29,C,0.079,0.167,0.041
F,4,F4,1C,30,C,0.077,0.183,0.04
G,4,G4,1C,31,C,0.067,0.137,0.046
H,4,H4,1C,32,C,0.068,0.134,0.045
A,5,A5,1C,33,C,0.075,0.167,0.045
B,5,B5,1C,34,C,0.06,0.111,0.043
C,5,C5,1C,35,C,0.083,0.202,0.042
D,5,D5,1C,36,C,0.06,0.117,0.042
E,5,E5,1C,37,C,0.066,0.137,0.04
F,5,F5,1C,38,C,0.057,0.12,0.04
G,5,G5,1C,39,C,0.05,0.088,0.04
H,5,H5,1C,40,C,0.077,0.171,0.046
A,6,A6,1C,41,C,0.066,0.133,0.046
B,6,B6,1C,42,C,0.06,0.122,0.043
C,6,C6,1C,43,C,0.07,0.156,0.041
D,6,D6,1C,44,C,0.076,0.179,0.044
E,6,E6,1C,45,C,0.087,0.225,0.041
F,6,F6,1C,46,C,0.049,0.084,0.04
G,6,G6,1C,47,C,0.085,0.202,0.044
H,6,H6,1C,48,C,0.107,0.251,0.059
A,7,A7,1C,49,C,0.079,0.181,0.045
B,7,B7,1C,50,C,0.088,0.198,0.044
C,7,C7,1C,51,C,0.061,0.12,0.042
D,7,D7,1C,52,C,0.058,0.107,0.042
E,7,E7,1C,53,C,0.045,0.063,0.04
F,7,F7,1C,54,C,0.059,0.115,0.04
G,7,G7,1C,55,C,0.064,0.128,0.041
H,7,H7,1C,56,C,0.086,0.21,0.046
A,8,A8,1C,57,C,0.05,0.077,0.042
B,8,B8,1C,58,C,0.051,0.085,0.042
C,8,C8,1C,59,C,0.053,0.09,0.042
D,8,D8,1C,60,C,0.049,0.077,0.042
E,8,E8,1C,61,C,0.05,0.076,0.039
F,8,F8,1C,62,C,0.067,0.144,0.041
G,8,G8,1C,63,C,0.072,0.113,0.064
H,8,H8,1C,64,C,0.05,0.069,0.043
A,9,A9,1C,65,C,0.062,0.112,0.041
B,9,B9,1C,66,C,0.057,0.099,0.04
C,9,C9,1C,67,C,0.053,0.091,0.041
D,9,D9,1C,68,C,0.052,0.085,0.042
E,9,E9,1C,69,C,0.053,0.095,0.04
F,9,F9,1C,70,C,0.049,0.08,0.04
G,9,G9,1C,71,C,0.055,0.111,0.04
H,9,H9,1C,72,C,0.053,0.085,0.042
A,10,A10,1C,73,C,0.05,0.08,0.042
B,10,B10,1C,74,C,0.057,0.111,0.041
C,10,C10,1C,75,C,0.052,0.09,0.04
D,10,D10,1C,76,C,0.065,0.128,0.046
E,10,E10,1C,77,C,0.056,0.106,0.039
F,10,F10,1C,78,C,0.057,0.09,0.049
G,10,G10,1C,79,C,0.076,0.175,0.041
H,10,H10,1C,80,C,0.05,0.073,0.044
A,11,A11,1C,81,C,0.055,0.092,0.041
B,11,B11,1C,82,C,0.048,0.075,0.04
C,11,C11,1C,83,C,0.058,0.11,0.041
D,11,D11,1C,84,C,0.055,0.1,0.042
E,11,E11,1C,85,C,0.065,0.139,0.04
F,11,F11,1C,86,C,0.059,0.117,0.04
G,11,G11,1C,87,C,0.068,0.119,0.055
H,11,H11,1C,88,C,0.086,0.202,0.046
B,12,B12,1C,90,C,0.052,0.083,0.043
C,12,C12,1C,91,C,0.065,0.144,0.04
D,12,D12,1C,92,C,0.067,0.136,0.043
E,12,E12,1C,93,C,0.063,0.095,0.047
F,12,F12,1C,94,C,0.052,0.093,0.04
G,12,G12,1C,95,C,0.07,0.155,0.04
H,12,H12,1C,96,C,0.059,0.102,0.047
A,1,A1,2A,97,A,0.06,0.13,0.037
B,1,B1,2A,98,A,0.087,0.212,0.042
C,1,C1,2A,99,A,0.052,0.107,0.036
D,1,D1,2A,100,A,0.06,0.134,0.037
E,1,E1,2A,101,A,0.063,0.147,0.036
F,1,F1,2A,102,A,0.088,0.223,0.037
G,1,G1,2A,103,A,0.081,0.218,0.035
H,1,H1,2A,104,A,0.047,0.082,0.037
A,2,A2,2A,105,A,0.068,0.145,0.045
B,2,B2,2A,106,A,0.072,0.173,0.041
C,2,C2,2A,107,A,0.085,0.219,0.041
D,2,D2,2A,108,A,0.073,0.158,0.042
E,2,E2,2A,109,A,0.059,0.118,0.04
F,2,F2,2A,110,A,0.072,0.157,0.04
G,2,G2,2A,111,A,0.054,0.101,0.039
H,2,H2,2A,112,A,0.08,0.198,0.043
A,3,A3,2A,113,A,0.088,0.218,0.045
B,3,B3,2A,114,A,0.076,0.164,0.044
C,3,C3,2A,115,A,0.135,0.42,0.042
D,3,D3,2A,116,A,0.082,0.192,0.042
E,3,E3,2A,117,A,0.076,0.18,0.041
F,3,F3,2A,118,A,0.132,0.356,0.04
G,3,G3,2A,119,A,0.058,0.115,0.04
H,3,H3,2A,120,A,0.074,0.157,0.044
A,4,A4,2A,121,A,0.067,0.14,0.043
B,4,B4,2A,122,A,0.067,0.137,0.045
C,4,C4,2A,123,A,0.063,0.127,0.042
D,4,D4,2A,124,A,0.09,0.235,0.044
E,4,E4,2A,125,A,0.067,0.151,0.041
F,4,F4,2A,126,A,0.068,0.152,0.042
G,4,G4,2A,127,A,0.052,0.088,0.041
H,4,H4,2A,128,A,0.08,0.195,0.044
A,5,A5,2A,129,A,0.093,0.257,0.042
B,5,B5,2A,130,A,0.069,0.156,0.041
C,5,C5,2A,131,A,0.072,0.166,0.041
D,5,D5,2A,132,A,0.074,0.169,0.042
E,5,E5,2A,133,A,0.066,0.147,0.04
F,5,F5,2A,134,A,0.085,0.221,0.042
G,5,G5,2A,135,A,0.068,0.159,0.04
H,5,H5,2A,136,A,0.071,0.167,0.043
A,6,A6,2A,137,A,0.055,0.097,0.043
B,6,B6,2A,138,A,0.078,0.198,0.042
C,6,C6,2A,139,A,0.075,0.177,0.043
D,6,D6,2A,140,A,0.08,0.176,0.043
E,6,E6,2A,141,A,0.06,0.122,0.041
F,6,F6,2A,142,A,0.054,0.1,0.041
G,6,G6,2A,143,A,0.056,0.102,0.041
H,6,H6,2A,144,A,0.062,0.127,0.043
A,7,A7,2A,97,B,0.074,0.165,0.044
B,7,B7,2A,98,B,0.099,0.257,0.042
C,7,C7,2A,99,B,0.063,0.125,0.044
D,7,D7,2A,100,B,0.07,0.159,0.042
E,7,E7,2A,101,B,0.071,0.17,0.039
F,7,F7,2A,102,B,0.107,0.274,0.041
G,7,G7,2A,103,B,0.098,0.271,0.04
H,7,H7,2A,104,B,0.055,0.1,0.042
A,8,A8,2A,105,B,0.075,0.17,0.043
B,8,B8,2A,106,B,0.079,0.199,0.04
C,8,C8,2A,107,B,0.091,0.247,0.04
D,8,D8,2A,108,B,0.079,0.185,0.039
E,8,E8,2A,109,B,0.074,0.145,0.046
F,8,F8,2A,110,B,0.078,0.182,0.038
G,8,G8,2A,111,B,0.058,0.115,0.039
H,8,H8,2A,112,B,0.088,0.237,0.04
A,9,A9,2A,113,B,0.094,0.253,0.04
B,9,B9,2A,114,B,0.078,0.18,0.039
C,9,C9,2A,115,B,0.149,0.477,0.041
D,9,D9,2A,116,B,0.088,0.22,0.039
E,9,E9,2A,117,B,0.082,0.211,0.037
F,9,F9,2A,118,B,0.148,0.41,0.039
G,9,G9,2A,119,B,0.061,0.127,0.038
H,9,H9,2A,120,B,0.08,0.186,0.041
A,10,A10,2A,121,B,0.071,0.161,0.042
B,10,B10,2A,122,B,0.067,0.151,0.04
C,10,C10,2A,123,B,0.065,0.139,0.039
D,10,D10,2A,124,B,0.095,0.266,0.04
E,10,E10,2A,125,B,0.071,0.171,0.038
F,10,F10,2A,126,B,0.074,0.172,0.042
G,10,G10,2A,127,B,0.054,0.097,0.039
H,10,H10,2A,128,B,0.085,0.223,0.041
A,11,A11,2A,129,B,0.101,0.296,0.04
B,11,B11,2A,130,B,0.073,0.176,0.039
C,11,C11,2A,131,B,0.078,0.195,0.039
D,11,D11,2A,132,B,0.078,0.19,0.039
E,11,E11,2A,133,B,0.071,0.171,0.039
F,11,F11,2A,134,B,0.095,0.266,0.04
G,11,G11,2A,135,B,0.072,0.179,0.037
H,11,H11,2A,136,B,0.076,0.194,0.04
A,12,A12,2A,137,B,0.057,0.107,0.041
B,12,B12,2A,138,B,0.083,0.228,0.039
C,12,C12,2A,139,B,0.079,0.202,0.039
D,12,D12,2A,140,B,0.084,0.2,0.039
E,12,E12,2A,141,B,0.061,0.136,0.036
F,12,F12,2A,142,B,0.055,0.11,0.038
G,12,G12,2A,143,B,0.056,0.11,0.037
H,12,H12,2A,144,B,0.063,0.139,0.04
A,1,A1,2B,97,C,0.089,0.226,0.039
B,1,B1,2B,98,C,0.066,0.146,0.04
C,1,C1,2B,99,C,0.061,0.111,0.038
D,1,D1,2B,100,C,0.065,0.145,0.04
E,1,E1,2B,101,C,0.064,0.146,0.036
F,1,F1,2B,102,C,0.094,0.237,0.038
G,1,G1,2B,103,C,0.089,0.236,0.039
H,1,H1,2B,104,C,0.053,0.091,0.041
A,2,A2,2B,105,C,0.072,0.154,0.043
B,2,B2,2B,106,C,0.078,0.177,0.045
C,2,C2,2B,107,C,0.087,0.22,0.042
D,2,D2,2B,108,C,0.079,0.168,0.046
E,2,E2,2B,109,C,0.065,0.125,0.043
F,2,F2,2B,110,C,0.076,0.163,0.042
G,2,G2,2B,111,C,0.062,0.111,0.045
H,2,H2,2B,112,C,0.088,0.214,0.046
A,3,A3,2B,113,C,0.091,0.228,0.044
B,3,B3,2B,114,C,0.075,0.164,0.042
C,3,C3,2B,115,C,0.137,0.42,0.044
D,3,D3,2B,116,C,0.085,0.198,0.043
E,3,E3,2B,117,C,0.08,0.187,0.042
F,3,F3,2B,118,C,0.135,0.355,0.044
G,3,G3,2B,119,C,0.068,0.125,0.049
H,3,H3,2B,120,C,0.085,0.175,0.051
A,4,A4,2B,121,C,0.071,0.147,0.045
B,4,B4,2B,122,C,0.067,0.137,0.043
C,4,C4,2B,123,C,0.067,0.127,0.046
D,4,D4,2B,124,C,0.091,0.235,0.043
E,4,E4,2B,125,C,0.069,0.153,0.04
F,4,F4,2B,126,C,0.071,0.152,0.044
G,4,G4,2B,127,C,0.056,0.092,0.043
H,4,H4,2B,128,C,0.085,0.197,0.048
A,5,A5,2B,129,C,0.097,0.265,0.044
B,5,B5,2B,130,C,0.071,0.158,0.042
C,5,C5,2B,131,C,0.075,0.173,0.042
D,5,D5,2B,132,C,0.077,0.172,0.043
E,5,E5,2B,133,C,0.069,0.153,0.041
F,5,F5,2B,134,C,0.091,0.237,0.043
G,5,G5,2B,135,C,0.073,0.164,0.044
H,5,H5,2B,136,C,0.079,0.177,0.047
A,6,A6,2B,137,C,0.056,0.096,0.044
B,6,B6,2B,138,C,0.08,0.202,0.043
C,6,C6,2B,139,C,0.075,0.177,0.042
D,6,D6,2B,140,C,0.082,0.178,0.044
E,6,E6,2B,141,C,0.063,0.124,0.042
F,6,F6,2B,142,C,0.061,0.107,0.045
G,6,G6,2B,143,C,0.06,0.107,0.044
H,6,H6,2B,144,C,0.07,0.133,0.05
A,7,A7,2B,M4_58,A,0.057,0.09,0.047
B,7,B7,2B,M4_58,B,0.058,0.101,0.044
C,7,C7,2B,M4_58,C,0.057,0.101,0.042
A,8,A8,2B,89,A,0.097,0.211,0.047
B,8,B8,2B,90,A,0.052,0.081,0.043
C,8,C8,2B,91,A,0.069,0.146,0.044
D,8,D8,2B,92,A,0.066,0.132,0.043
E,8,E8,2B,93,A,0.054,0.087,0.041
F,8,F8,2B,94,A,0.053,0.092,0.041
G,8,G8,2B,95,A,0.072,0.156,0.043
H,8,H8,2B,96,A,0.059,0.102,0.046
A,1,A1,3A,145,A,0.089,0.206,0.043
B,1,B1,3A,146,A,0.068,0.16,0.037
C,1,C1,3A,147,A,0.077,0.188,0.036
D,1,D1,3A,148,A,0.053,0.094,0.04
E,1,E1,3A,149,A,0.056,0.111,0.036
F,1,F1,3A,150,A,0.054,0.099,0.039
G,1,G1,3A,151,A,0.056,0.114,0.038
H,1,H1,3A,152,A,0.054,0.098,0.039
A,2,A2,3A,153,A,0.087,0.198,0.05
B,2,B2,3A,154,A,0.086,0.207,0.044
C,2,C2,3A,155,A,0.065,0.138,0.039
D,2,D2,3A,156,A,0.061,0.114,0.043
E,2,E2,3A,157,A,0.064,0.139,0.039
F,2,F2,3A,158,A,0.069,0.157,0.041
G,2,G2,3A,159,A,0.063,0.133,0.043
H,2,H2,3A,160,A,0.077,0.171,0.045
A,3,A3,3A,161,A,0.063,0.099,0.046
B,3,B3,3A,162,A,0.076,0.179,0.041
C,3,C3,3A,163,A,0.068,0.145,0.041
D,3,D3,3A,164,A,0.055,0.092,0.041
E,3,E3,3A,165,A,0.05,0.087,0.04
F,3,F3,3A,166,A,0.054,0.104,0.04
G,3,G3,3A,167,A,0.064,0.135,0.041
H,3,H3,3A,168,A,0.059,0.107,0.044
A,4,A4,3A,169,A,0.072,0.164,0.043
B,4,B4,3A,170,A,0.062,0.121,0.043
C,4,C4,3A,171,A,0.059,0.118,0.041
D,4,D4,3A,172,A,0.074,0.163,0.043
E,4,E4,3A,173,A,0.076,0.171,0.042
F,4,F4,3A,174,A,0.071,0.165,0.041
G,4,G4,3A,175,A,0.056,0.108,0.041
H,4,H4,3A,176,A,0.058,0.101,0.047
A,5,A5,3A,177,A,0.061,0.12,0.043
B,5,B5,3A,178,A,0.069,0.15,0.042
C,5,C5,3A,179,A,0.062,0.124,0.043
D,5,D5,3A,180,A,0.093,0.245,0.042
E,5,E5,3A,181,A,0.075,0.178,0.041
F,5,F5,3A,182,A,0.083,0.196,0.04
G,5,G5,3A,183,A,0.06,0.127,0.041
H,5,H5,3A,184,A,0.091,0.195,0.055
A,6,A6,3A,185,A,0.078,0.172,0.048
B,6,B6,3A,186,A,0.08,0.193,0.042
C,6,C6,3A,187,A,0.057,0.112,0.042
D,6,D6,3A,188,A,0.072,0.169,0.043
E,6,E6,3A,189,A,0.057,0.1,0.042
F,6,F6,3A,190,A,0.107,0.275,0.042
G,6,G6,3A,191,A,0.066,0.142,0.042
H,6,H6,3A,192,A,0.055,0.093,0.045
A,7,A7,3A,193,A,0.101,0.28,0.043
B,7,B7,3A,194,A,0.076,0.181,0.04
C,7,C7,3A,195,A,0.099,0.293,0.04
D,7,D7,3A,196,A,0.09,0.227,0.044
E,7,E7,3A,197,A,0.094,0.26,0.04
F,7,F7,3A,198,A,0.064,0.15,0.038
G,7,G7,3A,199,A,0.067,0.157,0.039
H,7,H7,3A,200,A,0.073,0.184,0.042
A,8,A8,3A,201,A,0.085,0.208,0.047
B,8,B8,3A,202,A,0.076,0.193,0.041
C,8,C8,3A,203,A,0.071,0.18,0.042
D,8,D8,3A,204,A,0.086,0.243,0.041
E,8,E8,3A,205,A,0.083,0.22,0.042
F,8,F8,3A,206,A,0.058,0.121,0.041
G,8,G8,3A,207,A,0.061,0.131,0.043
H,8,H8,3A,208,A,0.086,0.227,0.043
A,9,A9,3A,209,A,0.063,0.141,0.042
B,9,B9,3A,210,A,0.073,0.182,0.041
C,9,C9,3A,211,A,0.119,0.371,0.045
D,9,D9,3A,212,A,0.096,0.28,0.041
E,9,E9,3A,213,A,0.093,0.262,0.04
F,9,F9,3A,214,A,0.106,0.248,0.046
G,9,G9,3A,215,A,0.064,0.145,0.04
H,9,H9,3A,216,A,0.097,0.266,0.044
A,10,A10,3A,217,A,0.067,0.165,0.043
B,10,B10,3A,218,A,0.072,0.171,0.045
C,10,C10,3A,219,A,0.075,0.191,0.04
D,10,D10,3A,220,A,0.101,0.302,0.041
E,10,E10,3A,221,A,0.078,0.205,0.039
F,10,F10,3A,222,A,0.097,0.283,0.04
G,10,G10,3A,223,A,0.067,0.158,0.039
H,10,H10,3A,224,A,0.066,0.129,0.05
A,11,A11,3A,225,A,0.066,0.144,0.047
B,11,B11,3A,226,A,0.101,0.264,0.043
C,11,C11,3A,227,A,0.085,0.227,0.042
D,11,D11,3A,228,A,0.09,0.248,0.04
E,11,E11,3A,229,A,0.068,0.15,0.041
F,11,F11,3A,230,A,0.117,0.316,0.04
G,11,G11,3A,231,A,0.059,0.126,0.043
H,11,H11,3A,232,A,0.116,0.243,0.044
A,12,A12,3A,233,A,0.079,0.19,0.045
B,12,B12,3A,234,A,0.078,0.204,0.04
C,12,C12,3A,235,A,0.076,0.209,0.04
D,12,D12,3A,236,A,0.078,0.204,0.041
E,12,E12,3A,237,A,0.076,0.208,0.04
F,12,F12,3A,238,A,0.101,0.284,0.042
G,12,G12,3A,239,A,0.077,0.209,0.039
H,12,H12,3A,240,A,0.096,0.28,0.044
A,1,A1,3B,145,B,0.085,0.207,0.036
B,1,B1,3B,146,B,0.069,0.163,0.036
C,1,C1,3B,147,B,0.079,0.196,0.036
D,1,D1,3B,148,B,0.049,0.092,0.036
E,1,E1,3B,149,B,0.056,0.111,0.035
F,1,F1,3B,150,B,0.053,0.099,0.037
G,1,G1,3B,151,B,0.056,0.114,0.036
H,1,H1,3B,152,B,0.053,0.095,0.04
A,2,A2,3B,153,B,0.084,0.196,0.044
B,2,B2,3B,154,B,0.083,0.208,0.04
C,2,C2,3B,155,B,0.066,0.14,0.039
D,2,D2,3B,156,B,0.06,0.114,0.041
E,2,E2,3B,157,B,0.065,0.141,0.038
F,2,F2,3B,158,B,0.069,0.16,0.04
G,2,G2,3B,159,B,0.06,0.129,0.041
H,2,H2,3B,160,B,0.075,0.164,0.045
A,3,A3,3B,161,B,0.057,0.095,0.044
B,3,B3,3B,162,B,0.08,0.187,0.043
C,3,C3,3B,163,B,0.072,0.153,0.042
D,3,D3,3B,164,B,0.053,0.094,0.041
E,3,E3,3B,165,B,0.05,0.088,0.038
F,3,F3,3B,166,B,0.055,0.107,0.039
G,3,G3,3B,167,B,0.064,0.137,0.041
H,3,H3,3B,168,B,0.06,0.11,0.044
A,4,A4,3B,169,B,0.071,0.163,0.041
B,4,B4,3B,170,B,0.064,0.123,0.044
C,4,C4,3B,171,B,0.06,0.12,0.041
D,4,D4,3B,172,B,0.076,0.165,0.044
E,4,E4,3B,173,B,0.075,0.172,0.04
F,4,F4,3B,174,B,0.073,0.165,0.04
G,4,G4,3B,175,B,0.055,0.107,0.04
H,4,H4,3B,176,B,0.058,0.116,0.047
A,5,A5,3B,177,B,0.061,0.121,0.042
B,5,B5,3B,178,B,0.069,0.15,0.041
C,5,C5,3B,179,B,0.062,0.124,0.042
D,5,D5,3B,180,B,0.097,0.252,0.042
E,5,E5,3B,181,B,0.076,0.182,0.041
F,5,F5,3B,182,B,0.087,0.202,0.04
G,5,G5,3B,183,B,0.06,0.128,0.041
H,5,H5,3B,184,B,0.107,0.271,0.045
A,6,A6,3B,185,B,0.075,0.166,0.044
B,6,B6,3B,186,B,0.082,0.194,0.042
C,6,C6,3B,187,B,0.057,0.112,0.041
D,6,D6,3B,188,B,0.073,0.17,0.043
E,6,E6,3B,189,B,0.055,0.099,0.04
F,6,F6,3B,190,B,0.107,0.273,0.04
G,6,G6,3B,191,B,0.067,0.142,0.042
H,6,H6,3B,192,B,0.053,0.09,0.043
A,7,A7,3B,193,B,0.09,0.233,0.045
B,7,B7,3B,194,B,0.071,0.16,0.042
C,7,C7,3B,195,B,0.092,0.26,0.041
D,7,D7,3B,196,B,0.08,0.199,0.04
E,7,E7,3B,197,B,0.087,0.231,0.04
F,7,F7,3B,198,B,0.062,0.135,0.04
G,7,G7,3B,199,B,0.063,0.138,0.041
H,7,H7,3B,200,B,0.068,0.161,0.043
A,8,A8,3B,201,B,0.08,0.204,0.043
B,8,B8,3B,202,B,0.077,0.191,0.042
C,8,C8,3B,203,B,0.072,0.178,0.042
D,8,D8,3B,204,B,0.087,0.246,0.04
E,8,E8,3B,205,B,0.082,0.219,0.04
F,8,F8,3B,206,B,0.056,0.119,0.039
G,8,G8,3B,207,B,0.059,0.13,0.042
H,8,H8,3B,208,B,0.085,0.224,0.042
A,9,A9,3B,209,B,0.063,0.139,0.042
B,9,B9,3B,210,B,0.073,0.179,0.041
C,9,C9,3B,211,B,0.118,0.368,0.042
D,9,D9,3B,212,B,0.098,0.285,0.041
E,9,E9,3B,213,B,0.095,0.264,0.04
F,9,F9,3B,214,B,0.087,0.242,0.04
G,9,G9,3B,215,B,0.064,0.146,0.039
H,9,H9,3B,216,B,0.097,0.263,0.043
A,10,A10,3B,217,B,0.068,0.162,0.044
B,10,B10,3B,218,B,0.07,0.165,0.043
C,10,C10,3B,219,B,0.079,0.192,0.045
D,10,D10,3B,220,B,0.102,0.301,0.042
E,10,E10,3B,221,B,0.077,0.198,0.04
F,10,F10,3B,222,B,0.099,0.283,0.041
G,10,G10,3B,223,B,0.069,0.159,0.042
H,10,H10,3B,224,B,0.062,0.123,0.045
A,11,A11,3B,225,B,0.071,0.147,0.049
B,11,B11,3B,226,B,0.101,0.261,0.041
C,11,C11,3B,227,B,0.085,0.228,0.041
D,11,D11,3B,228,B,0.092,0.249,0.041
E,11,E11,3B,229,B,0.067,0.147,0.04
F,11,F11,3B,230,B,0.122,0.316,0.042
G,11,G11,3B,231,B,0.061,0.127,0.044
H,11,H11,3B,232,B,0.099,0.239,0.044
A,12,A12,3B,233,B,0.081,0.19,0.047
B,12,B12,3B,234,B,0.083,0.207,0.044
C,12,C12,3B,235,B,0.076,0.206,0.04
D,12,D12,3B,236,B,0.079,0.203,0.041
E,12,E12,3B,237,B,0.076,0.207,0.04
F,12,F12,3B,238,B,0.102,0.29,0.04
G,12,G12,3B,239,B,0.079,0.21,0.04
H,12,H12,3B,240,B,0.095,0.282,0.042
A,1,A1,3C,145,C,0.089,0.219,0.037
B,1,B1,3C,146,C,0.072,0.171,0.038
C,1,C1,3C,147,C,0.086,0.208,0.04
D,1,D1,3C,148,C,0.058,0.104,0.043
E,1,E1,3C,149,C,0.059,0.122,0.035
F,1,F1,3C,150,C,0.055,0.106,0.037
G,1,G1,3C,151,C,0.06,0.125,0.037
H,1,H1,3C,152,C,0.058,0.11,0.046
A,2,A2,3C,153,C,0.087,0.206,0.043
B,2,B2,3C,154,C,0.086,0.224,0.04
C,2,C2,3C,155,C,0.068,0.15,0.038
D,2,D2,3C,156,C,0.062,0.121,0.04
E,2,E2,3C,157,C,0.066,0.151,0.037
F,2,F2,3C,158,C,0.072,0.171,0.039
G,2,G2,3C,159,C,0.063,0.143,0.039
H,2,H2,3C,160,C,0.08,0.188,0.042
A,3,A3,3C,161,C,0.059,0.1,0.044
B,3,B3,3C,162,C,0.083,0.201,0.042
C,3,C3,3C,163,C,0.071,0.16,0.039
D,3,D3,3C,164,C,0.054,0.099,0.041
E,3,E3,3C,165,C,0.051,0.093,0.038
F,3,F3,3C,166,C,0.056,0.113,0.038
G,3,G3,3C,167,C,0.067,0.148,0.039
H,3,H3,3C,168,C,0.061,0.119,0.041
A,4,A4,3C,169,C,0.074,0.18,0.041
B,4,B4,3C,170,C,0.066,0.133,0.043
C,4,C4,3C,171,C,0.062,0.128,0.039
D,4,D4,3C,172,C,0.079,0.176,0.043
E,4,E4,3C,173,C,0.078,0.186,0.038
F,4,F4,3C,174,C,0.076,0.181,0.038
G,4,G4,3C,175,C,0.057,0.117,0.039
H,4,H4,3C,176,C,0.058,0.119,0.041
A,5,A5,3C,177,C,0.062,0.133,0.039
B,5,B5,3C,178,C,0.073,0.17,0.038
C,5,C5,3C,179,C,0.064,0.134,0.04
D,5,D5,3C,180,C,0.1,0.269,0.04
E,5,E5,3C,181,C,0.076,0.191,0.037
F,5,F5,3C,182,C,0.09,0.217,0.038
G,5,G5,3C,183,C,0.062,0.14,0.039
H,5,H5,3C,184,C,0.119,0.318,0.042
A,6,A6,3C,185,C,0.078,0.186,0.039
B,6,B6,3C,186,C,0.087,0.218,0.039
C,6,C6,3C,187,C,0.06,0.123,0.039
D,6,D6,3C,188,C,0.074,0.18,0.04
E,6,E6,3C,189,C,0.056,0.106,0.038
F,6,F6,3C,190,C,0.113,0.294,0.039
G,6,G6,3C,191,C,0.071,0.16,0.04
H,6,H6,3C,192,C,0.053,0.091,0.042
A,7,A7,3C,193,C,0.108,0.284,0.049
B,7,B7,3C,194,C,0.076,0.181,0.04
C,7,C7,3C,195,C,0.1,0.296,0.039
D,7,D7,3C,196,C,0.083,0.212,0.04
E,7,E7,3C,197,C,0.092,0.248,0.039
F,7,F7,3C,198,C,0.064,0.144,0.039
G,7,G7,3C,199,C,0.066,0.15,0.039
H,7,H7,3C,200,C,0.072,0.177,0.042
A,8,A8,3C,201,C,0.091,0.234,0.045
B,8,B8,3C,202,C,0.083,0.216,0.042
C,8,C8,3C,203,C,0.075,0.197,0.041
D,8,D8,3C,204,C,0.092,0.265,0.04
E,8,E8,3C,205,C,0.088,0.238,0.04
F,8,F8,3C,206,C,0.058,0.127,0.038
G,8,G8,3C,207,C,0.061,0.138,0.04
H,8,H8,3C,208,C,0.09,0.24,0.041
A,9,A9,3C,209,C,0.069,0.163,0.043
B,9,B9,3C,210,C,0.08,0.208,0.04
C,9,C9,3C,211,C,0.129,0.408,0.042
D,9,D9,3C,212,C,0.105,0.312,0.04
E,9,E9,3C,213,C,0.1,0.287,0.039
F,9,F9,3C,214,C,0.094,0.267,0.04
G,9,G9,3C,215,C,0.067,0.158,0.039
H,9,H9,3C,216,C,0.103,0.291,0.042
A,10,A10,3C,217,C,0.072,0.184,0.041
B,10,B10,3C,218,C,0.074,0.187,0.04
C,10,C10,3C,219,C,0.083,0.211,0.042
D,10,D10,3C,220,C,0.108,0.331,0.04
E,10,E10,3C,221,C,0.084,0.224,0.039
F,10,F10,3C,222,C,0.107,0.314,0.041
G,10,G10,3C,223,C,0.07,0.172,0.039
H,10,H10,3C,224,C,0.063,0.132,0.043
A,11,A11,3C,225,C,0.07,0.161,0.042
B,11,B11,3C,226,C,0.115,0.303,0.042
C,11,C11,3C,227,C,0.091,0.253,0.039
D,11,D11,3C,228,C,0.098,0.275,0.039
E,11,E11,3C,229,C,0.07,0.16,0.038
F,11,F11,3C,230,C,0.133,0.354,0.042
G,11,G11,3C,231,C,0.059,0.133,0.039
H,11,H11,3C,232,C,0.101,0.257,0.04
A,12,A12,3C,233,C,0.085,0.214,0.043
B,12,B12,3C,234,C,0.087,0.228,0.042
C,12,C12,3C,235,C,0.08,0.228,0.038
D,12,D12,3C,236,C,0.083,0.223,0.039
E,12,E12,3C,237,C,0.078,0.224,0.037
F,12,F12,3C,238,C,0.109,0.318,0.038
G,12,G12,3C,239,C,0.083,0.23,0.038
H,12,H12,3C,240,C,0.102,0.314,0.04
H,12,H12,W2_1,W2_96,A,0.041,0.058,0.039
G,12,G12,W2_1,W2_95,A,0.062,0.124,0.045
F,12,F12,W2_1,W2_94,A,0.045,0.073,0.038
E,12,E12,W2_1,W2_93,A,0.053,0.104,0.04
D,12,D12,W2_1,W2_92,A,0.059,0.124,0.039
C,12,C12,W2_1,W2_91,A,0.042,0.064,0.036
B,12,B12,W2_1,W2_90,A,0.055,0.097,0.039
A,12,A12,W2_1,W2_89,A,0.042,0.052,0.041
H,11,H11,W2_1,W2_88,A,0.057,0.095,0.044
G,11,G11,W2_1,W2_87,A,0.062,0.116,0.041
F,11,F11,W2_1,W2_86,A,0.061,0.092,0.05
E,11,E11,W2_1,W2_85,A,0.047,0.062,0.044
D,11,D11,W2_1,W2_84,A,0.048,0.06,0.053
C,11,C11,W2_1,W2_83,A,0.045,0.054,0.044
B,11,B11,W2_1,W2_82,A,0.054,0.08,0.045
A,11,A11,W2_1,W2_81,A,0.059,0.096,0.045
H,10,H10,W2_1,W2_80,A,0.064,0.131,0.045
G,10,G10,W2_1,W2_79,A,0.046,0.062,0.044
F,10,F10,W2_1,W2_78,A,0.06,0.11,0.046
E,10,E10,W2_1,W2_77,A,0.055,0.101,0.04
D,10,D10,W2_1,W2_76,A,0.044,0.056,0.041
C,10,C10,W2_1,W2_75,A,0.052,0.087,0.041
B,10,B10,W2_1,W2_74,A,0.045,0.048,0.044
A,10,A10,W2_1,W2_73,A,0.057,0.089,0.046
H,9,H9,W2_1,W2_72,A,0.05,0.072,0.047
G,9,G9,W2_1,W2_71,A,0.047,0.047,0.053
F,9,F9,W2_1,W2_70,A,0.045,0.053,0.044
E,9,E9,W2_1,W2_69,A,0.043,0.043,0.048
D,9,D9,W2_1,W2_68,A,0.043,0.054,0.041
C,9,C9,W2_1,W2_67,A,0.044,0.052,0.043
B,9,B9,W2_1,W2_66,A,0.05,0.073,0.043
A,9,A9,W2_1,W2_65,A,0.036,0.036,0.04
H,8,H8,W2_1,W2_64,A,0.054,0.093,0.042
G,8,G8,W2_1,W2_63,A,0.047,0.061,0.044
F,8,F8,W2_1,W2_62,A,0.042,0.047,0.042
E,8,E8,W2_1,W2_61,A,0.048,0.069,0.044
D,8,D8,W2_1,W2_60,A,0.053,0.085,0.043
C,8,C8,W2_1,W2_59,A,0.049,0.068,0.043
B,8,B8,W2_1,W2_58,A,0.067,0.132,0.045
A,8,A8,W2_1,W2_57,A,0.052,0.058,0.051
H,7,H7,W2_1,W2_56,A,0.05,0.075,0.043
G,7,G7,W2_1,W2_55,A,0.051,0.074,0.045
F,7,F7,W2_1,W2_54,A,0.048,0.061,0.045
E,7,E7,W2_1,W2_53,A,0.041,0.044,0.042
D,7,D7,W2_1,W2_52,A,0.064,0.12,0.041
C,7,C7,W2_1,W2_51,A,0.046,0.06,0.042
B,7,B7,W2_1,W2_50,A,0.045,0.051,0.046
A,7,A7,W2_1,W2_49,A,0.058,0.089,0.048
H,6,H6,W2_1,W2_48,A,0.048,0.067,0.044
G,6,G6,W2_1,W2_47,A,0.045,0.053,0.044
F,6,F6,W2_1,W2_46,A,0.055,0.094,0.045
E,6,E6,W2_1,W2_45,A,0.061,0.113,0.043
D,6,D6,W2_1,W2_44,A,0.044,0.051,0.043
C,6,C6,W2_1,W2_43,A,0.137,0.156,0.122
B,6,B6,W2_1,W2_42,A,0.051,0.071,0.047
A,6,A6,W2_1,W2_41,A,0.056,0.09,0.047
H,5,H5,W2_1,W2_40,A,0.063,0.125,0.045
G,5,G5,W2_1,W2_39,A,0.071,0.148,0.046
F,5,F5,W2_1,W2_38,A,0.052,0.076,0.047
E,5,E5,W2_1,W2_37,A,0.051,0.082,0.042
D,5,D5,W2_1,W2_36,A,0.044,0.056,0.042
C,5,C5,W2_1,W2_35,A,0.093,0.24,0.043
B,5,B5,W2_1,W2_34,A,0.078,0.179,0.045
A,5,A5,W2_1,W2_33,A,0.191,0.295,0.142
H,4,H4,W2_1,W2_32,A,0.05,0.068,0.046
G,4,G4,W2_1,W2_31,A,0.089,0.217,0.047
F,4,F4,W2_1,W2_30,A,0.051,0.078,0.047
E,4,E4,W2_1,W2_29,A,0.071,0.164,0.043
D,4,D4,W2_1,W2_28,A,0.066,0.139,0.044
C,4,C4,W2_1,W2_27,A,0.051,0.089,0.041
B,4,B4,W2_1,W2_26,A,0.08,0.187,0.045
A,4,A4,W2_1,W2_25,A,0.076,0.169,0.047
H,3,H3,W2_1,W2_24,A,0.065,0.113,0.045
G,3,G3,W2_1,W2_23,A,0.049,0.064,0.047
F,3,F3,W2_1,W2_22,A,0.048,0.067,0.043
E,3,E3,W2_1,W2_21,A,0.045,0.055,0.043
D,3,D3,W2_1,W2_20,A,0.048,0.068,0.041
C,3,C3,W2_1,W2_19,A,0.051,0.084,0.04
B,3,B3,W2_1,W2_18,A,0.051,0.079,0.043
A,3,A3,W2_1,W2_17,A,0.066,0.119,0.045
H,2,H2,W2_1,W2_16,A,0.067,0.136,0.044
G,2,G2,W2_1,W2_15,A,0.061,0.109,0.044
F,2,F2,W2_1,W2_14,A,0.049,0.065,0.045
E,2,E2,W2_1,W2_13,A,0.043,0.052,0.042
D,2,D2,W2_1,W2_12,A,0.057,0.11,0.042
C,2,C2,W2_1,W2_11,A,0.044,0.063,0.04
B,2,B2,W2_1,W2_10,A,0.054,0.1,0.042
H,1,H1,W2_1,W2_8,A,0.061,0.117,0.045
G,1,G1,W2_1,W2_7,A,0.061,0.119,0.045
F,1,F1,W2_1,W2_6,A,0.045,0.05,0.046
E,1,E1,W2_1,W2_5,A,0.076,0.162,0.048
D,1,D1,W2_1,W2_4,A,0.073,0.15,0.048
C,1,C1,W2_1,W2_3,A,0.062,0.131,0.041
B,1,B1,W2_1,W2_2,A,0.055,0.104,0.041
A,1,A1,W2_1,W2_1,A,0.071,0.154,0.047
H,12,H12,W2_2,W2_96,B,0.043,0.058,0.04
G,12,G12,W2_2,W2_95,B,0.054,0.113,0.037
F,12,F12,W2_2,W2_94,B,0.044,0.069,0.039
E,12,E12,W2_2,W2_93,B,0.05,0.097,0.037
D,12,D12,W2_2,W2_92,B,0.055,0.116,0.037
C,12,C12,W2_2,W2_91,B,0.041,0.062,0.036
B,12,B12,W2_2,W2_90,B,0.054,0.095,0.039
A,12,A12,W2_2,W2_89,B,0.041,0.052,0.04
H,11,H11,W2_2,W2_88,B,0.056,0.091,0.044
G,11,G11,W2_2,W2_87,B,0.062,0.115,0.042
F,11,F11,W2_2,W2_86,B,0.053,0.084,0.044
E,11,E11,W2_2,W2_85,B,0.046,0.062,0.043
D,11,D11,W2_2,W2_84,B,0.041,0.05,0.041
C,11,C11,W2_2,W2_83,B,0.042,0.05,0.041
B,11,B11,W2_2,W2_82,B,0.051,0.084,0.043
A,11,A11,W2_2,W2_81,B,0.057,0.096,0.045
H,10,H10,W2_2,W2_80,B,0.062,0.128,0.045
G,10,G10,W2_2,W2_79,B,0.046,0.061,0.044
F,10,F10,W2_2,W2_78,B,0.059,0.108,0.046
E,10,E10,W2_2,W2_77,B,0.054,0.098,0.041
D,10,D10,W2_2,W2_76,B,0.044,0.057,0.041
C,10,C10,W2_2,W2_75,B,0.052,0.087,0.042
B,10,B10,W2_2,W2_74,B,0.042,0.047,0.044
A,10,A10,W2_2,W2_72,B,0.049,0.071,0.046
H,9,H9,W2_2,W2_73,B,0.058,0.09,0.048
G,9,G9,W2_2,W2_71,B,0.05,0.052,0.055
F,9,F9,W2_2,W2_70,B,0.045,0.053,0.044
E,9,E9,W2_2,W2_69,B,0.048,0.051,0.054
D,9,D9,W2_2,W2_68,B,0.043,0.054,0.041
C,9,C9,W2_2,W2_67,B,0.043,0.051,0.043
B,9,B9,W2_2,W2_66,B,0.048,0.071,0.043
A,9,A9,W2_2,W2_65,B,0.035,0.035,0.04
H,8,H8,W2_2,W2_64,B,0.053,0.094,0.042
G,8,G8,W2_2,W2_63,B,0.046,0.061,0.044
F,8,F8,W2_2,W2_62,B,0.042,0.047,0.043
E,8,E8,W2_2,W2_61,B,0.047,0.069,0.043
D,8,D8,W2_2,W2_60,B,0.05,0.083,0.04
C,8,C8,W2_2,W2_59,B,0.046,0.066,0.042
B,8,B8,W2_2,W2_58,B,0.064,0.133,0.043
A,8,A8,W2_2,W2_57,B,0.046,0.054,0.047
H,7,H7,W2_2,W2_56,B,0.049,0.073,0.044
G,7,G7,W2_2,W2_55,B,0.048,0.071,0.044
F,7,F7,W2_2,W2_54,B,0.048,0.061,0.044
E,7,E7,W2_2,W2_53,B,0.042,0.045,0.043
D,7,D7,W2_2,W2_52,B,0.064,0.119,0.042
C,7,C7,W2_2,W2_51,B,0.047,0.06,0.043
B,7,B7,W2_2,W2_50,B,0.048,0.054,0.048
A,7,A7,W2_2,W2_49,B,0.055,0.085,0.048
H,6,H6,W2_2,W2_48,B,0.053,0.072,0.049
G,6,G6,W2_2,W2_47,B,0.057,0.063,0.054
F,6,F6,W2_2,W2_46,B,0.057,0.099,0.045
E,6,E6,W2_2,W2_45,B,0.063,0.114,0.046
D,6,D6,W2_2,W2_44,B,0.043,0.052,0.042
C,6,C6,W2_2,W2_43,B,0.049,0.072,0.043
B,6,B6,W2_2,W2_42,B,0.051,0.072,0.046
A,6,A6,W2_2,W2_41,B,0.057,0.094,0.046
H,5,H5,W2_2,W2_40,B,0.067,0.136,0.046
G,5,G5,W2_2,W2_39,B,0.075,0.164,0.045
F,5,F5,W2_2,W2_38,B,0.052,0.078,0.045
E,5,E5,W2_2,W2_37,B,0.053,0.089,0.043
D,5,D5,W2_2,W2_36,B,0.045,0.057,0.043
C,5,C5,W2_2,W2_35,B,0.098,0.254,0.043
B,5,B5,W2_2,W2_34,B,0.08,0.189,0.045
A,5,A5,W2_2,W2_33,B,0.088,0.211,0.046
H,4,H4,W2_2,W2_32,B,0.05,0.07,0.046
G,4,G4,W2_2,W2_31,B,0.093,0.237,0.044
F,4,F4,W2_2,W2_30,B,0.052,0.079,0.046
E,4,E4,W2_2,W2_29,B,0.074,0.174,0.043
D,4,D4,W2_2,W2_28,B,0.067,0.147,0.042
C,4,C4,W2_2,W2_27,B,0.055,0.093,0.043
B,4,B4,W2_2,W2_26,B,0.086,0.199,0.049
A,4,A4,W2_2,W2_25,B,0.067,0.12,0.046
H,3,H3,W2_2,W2_24,B,0.077,0.175,0.045
G,3,G3,W2_2,W2_23,B,0.047,0.063,0.043
F,3,F3,W2_2,W2_22,B,0.05,0.07,0.044
E,3,E3,W2_2,W2_21,B,0.046,0.056,0.044
D,3,D3,W2_2,W2_20,B,0.05,0.071,0.043
C,3,C3,W2_2,W2_19,B,0.054,0.088,0.042
B,3,B3,W2_2,W2_18,B,0.053,0.083,0.044
A,3,A3,W2_2,W2_17,B,0.069,0.126,0.049
H,2,H2,W2_2,W2_16,B,0.071,0.144,0.045
G,2,G2,W2_2,W2_15,B,0.065,0.116,0.045
F,2,F2,W2_2,W2_14,B,0.069,0.085,0.062
E,2,E2,W2_2,W2_13,B,0.045,0.055,0.043
D,2,D2,W2_2,W2_12,B,0.059,0.111,0.043
C,2,C2,W2_2,W2_11,B,0.047,0.067,0.042
B,2,B2,W2_2,W2_10,B,0.055,0.102,0.042
H,1,H1,W2_2,W2_8,B,0.075,0.138,0.062
G,1,G1,W2_2,W2_7,B,0.062,0.123,0.044
F,1,F1,W2_2,W2_6,B,0.046,0.053,0.046
E,1,E1,W2_2,W2_5,B,0.075,0.18,0.041
D,1,D1,W2_2,W2_4,B,0.092,0.234,0.042
C,1,C1,W2_2,W2_3,B,0.065,0.137,0.041
B,1,B1,W2_2,W2_2,B,0.056,0.108,0.041
A,1,A1,W2_2,W2_1,B,0.074,0.166,0.045
A,1,A1,W2_3,W2_1,C,0.098,0.202,0.083
B,1,B1,W2_3,W2_2,C,0.056,0.104,0.043
C,1,C1,W2_3,W2_3,C,0.061,0.134,0.041
D,1,D1,W2_3,W2_4,C,0.087,0.228,0.038
E,1,E1,W2_3,W2_5,C,0.069,0.174,0.036
F,1,F1,W2_3,W2_6,C,0.04,0.047,0.041
G,1,G1,W2_3,W2_7,C,0.056,0.118,0.037
H,1,H1,W2_3,W2_8,C,0.806,0.784,0.375
B,2,B2,W2_3,W2_10,C,0.055,0.098,0.043
C,2,C2,W2_3,W2_11,C,0.046,0.066,0.042
D,2,D2,W2_3,W2_12,C,0.059,0.111,0.043
E,2,E2,W2_3,W2_13,C,0.044,0.051,0.039
F,2,F2,W2_3,W2_14,C,0.057,0.073,0.049
G,2,G2,W2_3,W2_15,C,0.06,0.11,0.041
H,2,H2,W2_3,W2_16,C,0.071,0.142,0.046
A,3,A3,W2_3,W2_17,C,0.066,0.12,0.046
B,3,B3,W2_3,W2_18,C,0.051,0.078,0.043
C,3,C3,W2_3,W2_19,C,0.054,0.086,0.042
D,3,D3,W2_3,W2_20,C,0.049,0.071,0.043
E,3,E3,W2_3,W2_21,C,0.043,0.053,0.04
F,3,F3,W2_3,W2_22,C,0.046,0.065,0.04
G,3,G3,W2_3,W2_23,C,0.046,0.062,0.043
H,3,H3,W2_3,W2_25,C,0.078,0.173,0.047
A,4,A4,W2_3,W2_24,C,0.064,0.112,0.044
B,4,B4,W2_3,W2_26,C,0.078,0.17,0.047
C,4,C4,W2_3,W2_27,C,0.054,0.09,0.044
D,4,D4,W2_3,W2_28,C,0.068,0.144,0.045
E,4,E4,W2_3,W2_29,C,0.071,0.168,0.04
F,4,F4,W2_3,W2_30,C,0.046,0.073,0.039
G,4,G4,W2_3,W2_31,C,0.09,0.231,0.042
H,4,H4,W2_3,W2_32,C,0.053,0.074,0.05
A,5,A5,W2_3,W2_33,C,0.084,0.196,0.044
B,5,B5,W2_3,W2_34,C,0.078,0.178,0.044
C,5,C5,W2_3,W2_35,C,0.095,0.243,0.043
D,5,D5,W2_3,W2_36,C,0.045,0.056,0.043
E,5,E5,W2_3,W2_37,C,0.05,0.087,0.039
F,5,F5,W2_3,W2_38,C,0.048,0.073,0.042
G,5,G5,W2_3,W2_39,C,0.071,0.157,0.043
H,5,H5,W2_3,W2_40,C,0.067,0.134,0.047
A,6,A6,W2_3,W2_41,C,0.056,0.09,0.046
B,6,B6,W2_3,W2_42,C,0.049,0.068,0.044
C,6,C6,W2_3,W2_43,C,0.049,0.071,0.044
D,6,D6,W2_3,W2_44,C,0.05,0.071,0.045
E,6,E6,W2_3,W2_45,C,0.043,0.051,0.042
F,6,F6,W2_3,W2_46,C,0.059,0.11,0.042
G,6,G6,W2_3,W2_47,C,0.043,0.051,0.043
H,6,H6,W2_3,W2_48,C,0.05,0.07,0.046
A,7,A7,W2_3,W2_49,C,0.054,0.085,0.045
B,7,B7,W2_3,W2_50,C,0.045,0.052,0.045
C,7,C7,W2_3,W2_51,C,0.047,0.061,0.043
D,7,D7,W2_3,W2_52,C,0.064,0.119,0.043
E,7,E7,W2_3,W2_53,C,0.04,0.043,0.041
F,7,F7,W2_3,W2_54,C,0.044,0.057,0.041
G,7,G7,W2_3,W2_55,C,0.049,0.071,0.044
H,7,H7,W2_3,W2_56,C,0.051,0.077,0.045
A,8,A8,W2_3,W2_57,C,0.046,0.053,0.046
B,8,B8,W2_3,W2_58,C,0.065,0.13,0.044
C,8,C8,W2_3,W2_59,C,0.048,0.066,0.043
D,8,D8,W2_3,W2_60,C,0.051,0.083,0.042
E,8,E8,W2_3,W2_61,C,0.047,0.067,0.041
F,8,F8,W2_3,W2_62,C,0.04,0.045,0.04
G,8,G8,W2_3,W2_63,C,0.044,0.058,0.041
H,8,H8,W2_3,W2_64,C,0.057,0.102,0.044
A,9,A9,W2_3,W2_65,C,0.034,0.034,0.039
B,9,B9,W2_3,W2_66,C,0.048,0.071,0.041
C,9,C9,W2_3,W2_67,C,0.043,0.051,0.042
D,9,D9,W2_3,W2_68,C,0.048,0.059,0.045
E,9,E9,W2_3,W2_69,C,0.044,0.045,0.048
F,9,F9,W2_3,W2_70,C,0.041,0.049,0.039
G,9,G9,W2_3,W2_71,C,0.048,0.048,0.049
H,9,H9,W2_3,W2_72,C,0.052,0.075,0.047
A,10,A10,W2_3,W2_73,C,0.055,0.088,0.043
B,10,B10,W2_3,W2_74,C,0.041,0.045,0.041
C,10,C10,W2_3,W2_75,C,0.053,0.088,0.041
D,10,D10,W2_3,W2_76,C,0.044,0.056,0.041
E,10,E10,W2_3,W2_77,C,0.054,0.099,0.039
F,10,F10,W2_3,W2_78,C,0.055,0.105,0.041
G,10,G10,W2_3,W2_79,C,0.044,0.06,0.041
H,10,H10,W2_3,W2_80,C,0.064,0.13,0.045
A,11,A11,W2_3,W2_81,C,0.056,0.094,0.042
B,11,B11,W2_3,W2_82,C,0.052,0.085,0.042
C,11,C11,W2_3,W2_83,C,0.041,0.05,0.04
D,11,D11,W2_3,W2_84,C,0.042,0.05,0.041
E,11,E11,W2_3,W2_85,C,0.044,0.06,0.04
F,11,F11,W2_3,W2_86,C,0.049,0.08,0.039
G,11,G11,W2_3,W2_87,C,0.065,0.118,0.043
H,11,H11,W2_3,W2_88,C,0.058,0.096,0.044
A,12,A12,W2_3,W2_89,C,0.046,0.057,0.045
B,12,B12,W2_3,W2_90,C,0.058,0.1,0.041
C,12,C12,W2_3,W2_91,C,0.047,0.068,0.04
D,12,D12,W2_3,W2_92,C,0.06,0.123,0.041
E,12,E12,W2_3,W2_93,C,0.054,0.101,0.039
F,12,F12,W2_3,W2_94,C,0.047,0.074,0.039
G,12,G12,W2_3,W2_95,C,0.06,0.119,0.04
H,12,H12,W2_3,W2_96,C,0.048,0.065,0.045
A,1,A1,M1_1,M1_1,A,0.048,0.078,0.04
B,1,B1,M1_1,M1_2,A,0.06,0.139,0.038
C,1,C1,M1_1,M1_3,A,0.037,0.051,0.037
D,1,D1,M1_1,M1_4,A,0.06,0.134,0.036
E,1,E1,M1_1,M1_5,A,0.064,0.155,0.036
F,1,F1,M1_1,M1_6,A,0.039,0.053,0.036
G,1,G1,M1_1,M1_7,A,0.051,0.099,0.037
H,1,H1,M1_1,M1_8,A,0.047,0.064,0.04
A,2,A2,M1_1,M1_9,A,0.067,0.122,0.051
B,2,B2,M1_1,M1_10,A,0.043,0.057,0.041
C,2,C2,M1_1,M1_11,A,0.044,0.06,0.041
D,2,D2,M1_1,M1_12,A,0.068,0.152,0.043
E,2,E2,M1_1,M1_13,A,0.076,0.194,0.04
F,2,F2,M1_1,M1_14,A,0.078,0.186,0.04
G,2,G2,M1_1,M1_15,A,0.071,0.169,0.041
H,2,H2,M1_1,M1_16,A,0.059,0.096,0.049
A,3,A3,M1_1,M1_17,A,0.045,0.056,0.045
B,3,B3,M1_1,M1_18,A,0.063,0.132,0.043
C,3,C3,M1_1,M1_19,A,0.084,0.217,0.041
D,3,D3,M1_1,M1_20,A,0.058,0.112,0.044
E,3,E3,M1_1,M1_21,A,0.096,0.261,0.046
F,3,F3,M1_1,M1_22,A,0.061,0.069,0.043
G,3,G3,M1_1,M1_23,A,0.088,0.231,0.041
H,3,H3,M1_1,M1_24,A,0.087,0.224,0.044
A,4,A4,M1_1,M1_25,A,0.05,0.078,0.043
B,4,B4,M1_1,M1_26,A,0.044,0.054,0.044
C,4,C4,M1_1,M1_27,A,0.082,0.214,0.042
D,4,D4,M1_1,M1_28,A,0.046,0.057,0.045
E,4,E4,M1_1,M1_29,A,0.057,0.112,0.04
F,4,F4,M1_1,M1_30,A,0.049,0.076,0.041
G,4,G4,M1_1,M1_31,A,0.042,0.052,0.041
H,4,H4,M1_1,M1_32,A,0.079,0.182,0.045
A,5,A5,M1_1,M1_33,A,0.043,0.051,0.043
B,5,B5,M1_1,M1_34,A,0.066,0.137,0.044
C,5,C5,M1_1,M1_35,A,0.069,0.158,0.042
D,5,D5,M1_1,M1_36,A,0.069,0.14,0.042
E,5,E5,M1_1,M1_37,A,0.05,0.086,0.039
F,5,F5,M1_1,M1_38,A,0.079,0.184,0.05
G,5,G5,M1_1,M1_39,A,0.065,0.142,0.041
H,5,H5,M1_1,M1_40,A,0.052,0.074,0.048
A,6,A6,M1_1,M1_41,A,0.053,0.085,0.044
B,6,B6,M1_1,M1_42,A,0.047,0.065,0.043
C,6,C6,M1_1,M1_43,A,0.053,0.087,0.042
D,6,D6,M1_1,M1_44,A,0.05,0.08,0.042
E,6,E6,M1_1,M1_45,A,0.043,0.059,0.04
F,6,F6,M1_1,M1_46,A,0.086,0.201,0.041
G,6,G6,M1_1,M1_47,A,0.053,0.095,0.041
H,6,H6,M1_1,M1_48,A,0.049,0.076,0.042
A,7,A7,M1_1,M1_49,A,0.099,0.249,0.045
B,7,B7,M1_1,M1_50,A,0.047,0.07,0.043
C,7,C7,M1_1,M1_51,A,0.048,0.07,0.042
D,7,D7,M1_1,M1_52,A,0.054,0.094,0.042
E,7,E7,M1_1,M1_53,A,0.046,0.066,0.04
F,7,F7,M1_1,M1_54,A,0.074,0.156,0.044
G,7,G7,M1_1,M1_55,A,0.047,0.07,0.041
H,7,H7,M1_1,M1_56,A,0.071,0.155,0.043
A,8,A8,M1_1,M1_57,A,0.043,0.045,0.044
B,8,B8,M1_1,M1_58,A,0.049,0.083,0.042
C,8,C8,M1_1,M1_59,A,0.06,0.127,0.041
D,8,D8,M1_1,M1_60,A,0.079,0.173,0.04
E,8,E8,M1_1,M1_61,A,0.046,0.069,0.041
F,8,F8,M1_1,M1_62,A,0.072,0.178,0.04
G,8,G8,M1_1,M1_63,A,0.048,0.075,0.041
H,8,H8,M1_1,M1_64,A,0.073,0.181,0.041
A,9,A9,M1_1,M1_65,A,0.046,0.069,0.041
B,9,B9,M1_1,M1_66,A,0.049,0.081,0.042
C,9,C9,M1_1,M1_67,A,0.086,0.221,0.043
D,9,D9,M1_1,M1_68,A,0.044,0.058,0.041
E,9,E9,M1_1,M1_69,A,0.05,0.088,0.04
F,9,F9,M1_1,M1_70,A,0.051,0.092,0.04
G,9,G9,M1_1,M1_71,A,0.049,0.085,0.041
H,9,H9,M1_1,M1_72,A,0.098,0.268,0.044
A,10,A10,M1_1,M1_73,A,0.059,0.122,0.043
B,10,B10,M1_1,M1_74,A,0.094,0.255,0.043
C,10,C10,M1_1,M1_75,A,0.091,0.241,0.046
D,10,D10,M1_1,M1_76,A,0.099,0.278,0.041
E,10,E10,M1_1,M1_77,A,0.055,0.113,0.039
F,10,F10,M1_1,M1_78,A,0.095,0.267,0.04
G,10,G10,M1_1,M1_79,A,0.053,0.097,0.04
H,10,H10,M1_1,M1_80,A,0.079,0.196,0.043
A,11,A11,M1_1,M1_81,A,0.074,0.181,0.041
B,11,B11,M1_1,M1_82,A,0.067,0.148,0.041
C,11,C11,M1_1,M1_83,A,0.043,0.06,0.04
D,11,D11,M1_1,M1_84,A,0.076,0.175,0.047
E,11,E11,M1_1,M1_85,A,0.067,0.153,0.04
F,11,F11,M1_1,M1_86,A,0.044,0.061,0.04
G,11,G11,M1_1,M1_87,A,0.041,0.054,0.039
H,11,H11,M1_1,M1_88,A,0.047,0.066,0.043
A,12,A12,M1_1,M1_89,A,0.046,0.066,0.043
B,12,B12,M1_1,M1_90,A,0.065,0.145,0.042
C,12,C12,M1_1,M1_91,A,0.046,0.073,0.041
D,12,D12,M1_1,M1_92,A,0.051,0.09,0.04
E,12,E12,M1_1,M1_93,A,0.063,0.135,0.039
F,12,F12,M1_1,M1_94,A,0.039,0.045,0.039
G,12,G12,M1_1,M1_95,A,0.045,0.07,0.038
H,12,H12,M1_1,M1_96,A,0.045,0.062,0.041
A,1,A1,M1_2,M1_1,B,0.047,0.076,0.039
B,1,B1,M1_2,M1_2,B,0.059,0.137,0.036
C,1,C1,M1_2,M1_3,B,0.038,0.051,0.036
D,1,D1,M1_2,M1_4,B,0.06,0.133,0.036
E,1,E1,M1_2,M1_5,B,0.062,0.145,0.036
F,1,F1,M1_2,M1_6,B,0.039,0.053,0.036
G,1,G1,M1_2,M1_7,B,0.048,0.096,0.035
H,1,H1,M1_2,M1_8,B,0.041,0.059,0.037
A,2,A2,M1_2,M1_9,B,0.059,0.115,0.044
B,2,B2,M1_2,M1_10,B,0.045,0.058,0.043
C,2,C2,M1_2,M1_11,B,0.043,0.059,0.042
D,2,D2,M1_2,M1_12,B,0.068,0.155,0.042
E,2,E2,M1_2,M1_13,B,0.077,0.2,0.04
F,2,F2,M1_2,M1_14,B,0.076,0.18,0.041
G,2,G2,M1_2,M1_15,B,0.071,0.167,0.04
H,2,H2,M1_2,M1_16,B,0.055,0.09,0.044
A,3,A3,M1_2,M1_17,B,0.046,0.057,0.046
B,3,B3,M1_2,M1_18,B,0.062,0.132,0.042
C,3,C3,M1_2,M1_19,B,0.084,0.214,0.042
D,3,D3,M1_2,M1_20,B,0.056,0.109,0.042
E,3,E3,M1_2,M1_21,B,0.089,0.251,0.04
F,3,F3,M1_2,M1_22,B,0.045,0.069,0.039
G,3,G3,M1_2,M1_23,B,0.089,0.232,0.041
H,3,H3,M1_2,M1_24,B,0.087,0.221,0.044
A,4,A4,M1_2,M1_25,B,0.049,0.078,0.043
B,4,B4,M1_2,M1_26,B,0.043,0.054,0.043
C,4,C4,M1_2,M1_27,B,0.081,0.214,0.042
D,4,D4,M1_2,M1_28,B,0.044,0.055,0.042
E,4,E4,M1_2,M1_29,B,0.057,0.115,0.04
F,4,F4,M1_2,M1_30,B,0.047,0.075,0.04
G,4,G4,M1_2,M1_31,B,0.042,0.052,0.041
H,4,H4,M1_2,M1_32,B,0.077,0.182,0.044
A,5,A5,M1_2,M1_33,B,0.045,0.052,0.045
B,5,B5,M1_2,M1_34,B,0.064,0.139,0.043
C,5,C5,M1_2,M1_35,B,0.068,0.155,0.042
D,5,D5,M1_2,M1_36,B,0.068,0.138,0.042
E,5,E5,M1_2,M1_37,B,0.049,0.085,0.038
F,5,F5,M1_2,M1_38,B,0.079,0.185,0.041
G,5,G5,M1_2,M1_39,B,0.063,0.141,0.04
H,5,H5,M1_2,M1_40,B,0.047,0.069,0.042
A,6,A6,M1_2,M1_41,B,0.052,0.085,0.043
B,6,B6,M1_2,M1_42,B,0.045,0.062,0.041
C,6,C6,M1_2,M1_43,B,0.052,0.086,0.042
D,6,D6,M1_2,M1_44,B,0.05,0.08,0.042
E,6,E6,M1_2,M1_45,B,0.043,0.058,0.04
F,6,F6,M1_2,M1_46,B,0.084,0.199,0.04
G,6,G6,M1_2,M1_47,B,0.053,0.095,0.041
H,6,H6,M1_2,M1_48,B,0.048,0.075,0.042
A,7,A7,M1_2,M1_49,B,0.101,0.252,0.046
B,7,B7,M1_2,M1_50,B,0.047,0.069,0.043
C,7,C7,M1_2,M1_51,B,0.047,0.07,0.042
D,7,D7,M1_2,M1_52,B,0.053,0.093,0.041
E,7,E7,M1_2,M1_53,B,0.043,0.063,0.039
F,7,F7,M1_2,M1_54,B,0.07,0.153,0.04
G,7,G7,M1_2,M1_55,B,0.046,0.07,0.039
H,7,H7,M1_2,M1_56,B,0.069,0.155,0.04
A,8,A8,M1_2,M1_57,B,0.041,0.045,0.044
B,8,B8,M1_2,M1_58,B,0.048,0.081,0.04
C,8,C8,M1_2,M1_59,B,0.058,0.123,0.041
D,8,D8,M1_2,M1_60,B,0.078,0.171,0.039
E,8,E8,M1_2,M1_61,B,0.045,0.068,0.04
F,8,F8,M1_2,M1_62,B,0.07,0.176,0.039
G,8,G8,M1_2,M1_63,B,0.047,0.074,0.041
H,8,H8,M1_2,M1_64,B,0.073,0.182,0.04
A,9,A9,M1_2,M1_65,B,0.044,0.067,0.039
B,9,B9,M1_2,M1_66,B,0.048,0.079,0.041
C,9,C9,M1_2,M1_67,B,0.085,0.218,0.044
D,9,D9,M1_2,M1_68,B,0.043,0.058,0.04
E,9,E9,M1_2,M1_69,B,0.049,0.087,0.038
F,9,F9,M1_2,M1_70,B,0.05,0.09,0.038
G,9,G9,M1_2,M1_71,B,0.048,0.084,0.039
H,9,H9,M1_2,M1_72,B,0.097,0.265,0.044
A,10,A10,M1_2,M1_73,B,0.057,0.12,0.041
B,10,B10,M1_2,M1_74,B,0.091,0.253,0.04
C,10,C10,M1_2,M1_75,B,0.088,0.233,0.041
D,10,D10,M1_2,M1_76,B,0.098,0.273,0.04
E,10,E10,M1_2,M1_77,B,0.055,0.113,0.038
F,10,F10,M1_2,M1_78,B,0.094,0.263,0.04
G,10,G10,M1_2,M1_79,B,0.057,0.095,0.04
H,10,H10,M1_2,M1_80,B,0.078,0.193,0.042
A,11,A11,M1_2,M1_81,B,0.074,0.178,0.042
B,11,B11,M1_2,M1_82,B,0.066,0.147,0.04
C,11,C11,M1_2,M1_83,B,0.043,0.06,0.039
D,11,D11,M1_2,M1_84,B,0.071,0.174,0.04
E,11,E11,M1_2,M1_85,B,0.066,0.153,0.04
F,11,F11,M1_2,M1_86,B,0.276,0.318,0.289
G,11,G11,M1_2,M1_87,B,0.041,0.054,0.038
H,11,H11,M1_2,M1_88,B,0.046,0.065,0.042
A,12,A12,M1_2,M1_89,B,0.046,0.065,0.043
B,12,B12,M1_2,M1_90,B,0.064,0.144,0.041
C,12,C12,M1_2,M1_91,B,0.045,0.072,0.04
D,12,D12,M1_2,M1_92,B,0.05,0.088,0.04
E,12,E12,M1_2,M1_93,B,0.059,0.122,0.038
F,12,F12,M1_2,M1_94,B,0.038,0.043,0.038
G,12,G12,M1_2,M1_95,B,0.043,0.069,0.037
H,12,H12,M1_2,M1_96,B,0.046,0.062,0.042
A,1,A1,M1_3,M1_1,C,0.049,0.082,0.04
B,1,B1,M1_3,M1_2,C,0.062,0.147,0.036
C,1,C1,M1_3,M1_3,C,0.038,0.052,0.035
D,1,D1,M1_3,M1_4,C,0.062,0.142,0.035
E,1,E1,M1_3,M1_5,C,0.064,0.154,0.036
F,1,F1,M1_3,M1_6,C,0.039,0.054,0.035
G,1,G1,M1_3,M1_7,C,0.047,0.09,0.036
H,1,H1,M1_3,M1_8,C,0.041,0.06,0.037
A,2,A2,M1_3,M1_9,C,0.06,0.124,0.042
B,2,B2,M1_3,M1_10,C,0.042,0.057,0.039
C,2,C2,M1_3,M1_11,C,0.042,0.06,0.039
D,2,D2,M1_3,M1_12,C,0.07,0.165,0.041
E,2,E2,M1_3,M1_13,C,0.08,0.213,0.038
F,2,F2,M1_3,M1_14,C,0.077,0.189,0.039
G,2,G2,M1_3,M1_15,C,0.072,0.177,0.038
H,2,H2,M1_3,M1_16,C,0.052,0.092,0.04
A,3,A3,M1_3,M1_17,C,0.044,0.056,0.043
B,3,B3,M1_3,M1_18,C,0.064,0.141,0.041
C,3,C3,M1_3,M1_19,C,0.086,0.231,0.039
D,3,D3,M1_3,M1_20,C,0.056,0.115,0.04
E,3,E3,M1_3,M1_21,C,0.092,0.267,0.039
F,3,F3,M1_3,M1_22,C,0.045,0.07,0.039
G,3,G3,M1_3,M1_23,C,0.091,0.244,0.04
H,3,H3,M1_3,M1_24,C,0.091,0.236,0.045
A,4,A4,M1_3,M1_25,C,0.049,0.083,0.04
B,4,B4,M1_3,M1_26,C,0.044,0.055,0.042
C,4,C4,M1_3,M1_27,C,0.086,0.236,0.04
D,4,D4,M1_3,M1_28,C,0.043,0.056,0.041
E,4,E4,M1_3,M1_29,C,0.058,0.12,0.039
F,4,F4,M1_3,M1_30,C,0.046,0.077,0.038
G,4,G4,M1_3,M1_31,C,0.041,0.052,0.039
H,4,H4,M1_3,M1_32,C,0.085,0.197,0.048
A,5,A5,M1_3,M1_33,C,0.043,0.05,0.043
B,5,B5,M1_3,M1_34,C,0.066,0.15,0.04
C,5,C5,M1_3,M1_35,C,0.07,0.165,0.041
D,5,D5,M1_3,M1_36,C,0.071,0.149,0.04
E,5,E5,M1_3,M1_37,C,0.05,0.089,0.037
F,5,F5,M1_3,M1_38,C,0.081,0.197,0.039
G,5,G5,M1_3,M1_39,C,0.065,0.149,0.04
H,5,H5,M1_3,M1_40,C,0.048,0.072,0.042
A,6,A6,M1_3,M1_41,C,0.052,0.091,0.042
B,6,B6,M1_3,M1_42,C,0.046,0.067,0.041
C,6,C6,M1_3,M1_43,C,0.053,0.092,0.04
D,6,D6,M1_3,M1_44,C,0.05,0.083,0.04
E,6,E6,M1_3,M1_45,C,0.043,0.06,0.039
F,6,F6,M1_3,M1_46,C,0.089,0.215,0.039
G,6,G6,M1_3,M1_47,C,0.054,0.099,0.04
H,6,H6,M1_3,M1_48,C,0.049,0.077,0.042
A,7,A7,M1_3,M1_49,C,0.105,0.275,0.043
B,7,B7,M1_3,M1_50,C,0.047,0.072,0.041
C,7,C7,M1_3,M1_51,C,0.047,0.072,0.04
D,7,D7,M1_3,M1_52,C,0.054,0.099,0.04
E,7,E7,M1_3,M1_53,C,0.044,0.066,0.039
F,7,F7,M1_3,M1_54,C,0.073,0.163,0.039
G,7,G7,M1_3,M1_55,C,0.048,0.074,0.04
H,7,H7,M1_3,M1_56,C,0.073,0.166,0.041
A,8,A8,M1_3,M1_57,C,0.04,0.044,0.042
B,8,B8,M1_3,M1_58,C,0.049,0.086,0.039
C,8,C8,M1_3,M1_59,C,0.06,0.133,0.04
D,8,D8,M1_3,M1_60,C,0.082,0.185,0.039
E,8,E8,M1_3,M1_61,C,0.047,0.072,0.04
F,8,F8,M1_3,M1_62,C,0.075,0.194,0.039
G,8,G8,M1_3,M1_63,C,0.048,0.078,0.04
H,8,H8,M1_3,M1_64,C,0.077,0.199,0.04
A,9,A9,M1_3,M1_65,C,0.045,0.072,0.04
B,9,B9,M1_3,M1_66,C,0.049,0.085,0.04
C,9,C9,M1_3,M1_67,C,0.09,0.243,0.041
D,9,D9,M1_3,M1_68,C,0.042,0.059,0.039
E,9,E9,M1_3,M1_69,C,0.051,0.094,0.038
F,9,F9,M1_3,M1_70,C,0.051,0.097,0.038
G,9,G9,M1_3,M1_71,C,0.049,0.09,0.038
H,9,H9,M1_3,M1_72,C,0.103,0.292,0.043
A,10,A10,M1_3,M1_73,C,0.06,0.131,0.041
B,10,B10,M1_3,M1_74,C,0.097,0.276,0.04
C,10,C10,M1_3,M1_75,C,0.09,0.255,0.039
D,10,D10,M1_3,M1_76,C,0.106,0.303,0.04
E,10,E10,M1_3,M1_77,C,0.058,0.12,0.04
F,10,F10,M1_3,M1_78,C,0.101,0.29,0.039
G,10,G10,M1_3,M1_79,C,0.053,0.101,0.039
H,10,H10,M1_3,M1_80,C,0.082,0.21,0.042
A,11,A11,M1_3,M1_81,C,0.078,0.197,0.04
B,11,B11,M1_3,M1_82,C,0.069,0.161,0.039
C,11,C11,M1_3,M1_83,C,0.043,0.062,0.039
D,11,D11,M1_3,M1_84,C,0.075,0.192,0.039
E,11,E11,M1_3,M1_85,C,0.07,0.166,0.04
F,11,F11,M1_3,M1_86,C,0.257,0.292,0.271
G,11,G11,M1_3,M1_87,C,0.041,0.056,0.038
H,11,H11,M1_3,M1_88,C,0.046,0.067,0.041
A,12,A12,M1_3,M1_89,C,0.047,0.068,0.044
B,12,B12,M1_3,M1_90,C,0.068,0.158,0.041
C,12,C12,M1_3,M1_91,C,0.046,0.076,0.039
D,12,D12,M1_3,M1_92,C,0.054,0.096,0.04
E,12,E12,M1_3,M1_93,C,0.062,0.132,0.038
F,12,F12,M1_3,M1_94,C,0.038,0.044,0.038
G,12,G12,M1_3,M1_95,C,0.044,0.072,0.036
H,12,H12,M1_3,M1_96,C,0.046,0.064,0.041
A,1,A1,M4_1,M4_1,A,0.064,0.096,0.041
B,1,B1,M4_1,M4_2,A,0.048,0.086,0.038
C,1,C1,M4_1,M4_3,A,0.057,0.103,0.048
D,1,D1,M4_1,M4_4,A,0.056,0.108,0.043
E,1,E1,M4_1,M4_5,A,0.056,0.093,0.043
F,1,F1,M4_1,M4_6,A,0.042,0.059,0.038
G,1,G1,M4_1,M4_7,A,0.078,0.194,0.038
H,1,H1,M4_1,M4_8,A,0.091,0.24,0.039
A,2,A2,M4_1,M4_9,A,0.063,0.102,0.055
B,2,B2,M4_1,M4_10,A,0.059,0.119,0.043
C,2,C2,M4_1,M4_11,A,0.1,0.144,0.09
D,2,D2,M4_1,M4_12,A,0.074,0.158,0.045
E,2,E2,M4_1,M4_13,A,0.048,0.063,0.043
F,2,F2,M4_1,M4_14,A,0.093,0.123,0.083
G,2,G2,M4_1,M4_15,A,0.06,0.114,0.044
H,2,H2,M4_1,M4_16,A,0.065,0.13,0.047
A,3,A3,M4_1,M4_17,A,0.17,0.275,0.132
B,3,B3,M4_1,M4_18,A,0.065,0.141,0.042
C,3,C3,M4_1,M4_19,A,0.092,0.241,0.044
D,3,D3,M4_1,M4_20,A,0.076,0.176,0.042
E,3,E3,M4_1,M4_21,A,0.065,0.128,0.044
F,3,F3,M4_1,M4_22,A,0.05,0.074,0.044
G,3,G3,M4_1,M4_23,A,0.072,0.156,0.041
H,3,H3,M4_1,M4_24,A,0.071,0.15,0.045
A,4,A4,M4_1,M4_25,A,0.063,0.121,0.046
B,4,B4,M4_1,M4_26,A,0.06,0.108,0.05
C,4,C4,M4_1,M4_27,A,0.048,0.067,0.044
D,4,D4,M4_1,M4_28,A,0.099,0.273,0.043
E,4,E4,M4_1,M4_29,A,0.058,0.112,0.041
F,4,F4,M4_1,M4_30,A,0.063,0.128,0.044
G,4,G4,M4_1,M4_31,A,0.045,0.067,0.04
H,4,H4,M4_1,M4_32,A,0.061,0.102,0.046
A,5,A5,M4_1,M4_33,A,0.052,0.085,0.045
B,5,B5,M4_1,M4_34,A,0.09,0.232,0.042
C,5,C5,M4_1,M4_35,A,0.047,0.068,0.042
D,5,D5,M4_1,M4_36,A,0.065,0.138,0.043
E,5,E5,M4_1,M4_37,A,0.089,0.231,0.044
F,5,F5,M4_1,M4_38,A,0.049,0.076,0.042
G,5,G5,M4_1,M4_39,A,0.052,0.085,0.043
H,5,H5,M4_1,M4_40,A,0.054,0.083,0.047
A,6,A6,M4_1,M4_41,A,0.068,0.143,0.044
B,6,B6,M4_1,M4_42,A,0.093,0.241,0.042
C,6,C6,M4_1,M4_43,A,0.111,0.294,0.045
D,6,D6,M4_1,M4_44,A,0.06,0.09,0.051
E,6,E6,M4_1,M4_45,A,0.066,0.13,0.047
F,6,F6,M4_1,M4_46,A,0.046,0.063,0.043
G,6,G6,M4_1,M4_47,A,0.044,0.061,0.041
H,6,H6,M4_1,M4_48,A,0.113,0.303,0.047
A,7,A7,M4_1,M4_49,A,0.064,0.119,0.044
B,7,B7,M4_1,M4_50,A,0.091,0.222,0.045
C,7,C7,M4_1,M4_51,A,0.083,0.184,0.046
D,7,D7,M4_1,M4_52,A,0.057,0.095,0.046
E,7,E7,M4_1,M4_53,A,0.106,0.279,0.045
F,7,F7,M4_1,M4_54,A,0.082,0.119,0.074
G,7,G7,M4_1,M4_55,A,0.066,0.134,0.042
H,7,H7,M4_1,M4_56,A,0.052,0.075,0.044
A,8,A8,M4_1,M4_57,A,0.099,0.249,0.045
C,8,C8,M4_1,M4_59,A,0.048,0.064,0.045
D,8,D8,M4_1,M4_60,A,0.062,0.125,0.041
E,8,E8,M4_1,M4_61,A,0.048,0.07,0.043
F,8,F8,M4_1,M4_62,A,0.057,0.113,0.041
G,8,G8,M4_1,M4_63,A,0.086,0.203,0.042
H,8,H8,M4_1,M4_64,A,0.064,0.13,0.043
A,9,A9,M4_1,M4_65,A,0.048,0.069,0.045
B,9,B9,M4_1,M4_66,A,0.059,0.115,0.041
C,9,C9,M4_1,M4_67,A,0.073,0.17,0.043
D,9,D9,M4_1,M4_68,A,0.062,0.12,0.041
E,9,E9,M4_1,M4_69,A,0.046,0.068,0.039
F,9,F9,M4_1,M4_70,A,0.058,0.111,0.042
G,9,G9,M4_1,M4_71,A,0.085,0.218,0.04
H,9,H9,M4_1,M4_72,A,0.109,0.166,0.083
A,10,A10,M4_1,M4_73,A,0.059,0.118,0.04
B,10,B10,M4_1,M4_74,A,0.089,0.234,0.041
C,10,C10,M4_1,M4_75,A,0.047,0.068,0.039
D,10,D10,M4_1,M4_76,A,0.111,0.295,0.041
E,10,E10,M4_1,M4_77,A,0.056,0.103,0.038
F,10,F10,M4_1,M4_78,A,0.088,0.231,0.043
G,10,G10,M4_1,M4_79,A,0.044,0.063,0.04
H,10,H10,M4_1,M4_80,A,0.047,0.071,0.042
A,11,A11,M4_1,M4_81,A,0.092,0.226,0.041
B,11,B11,M4_1,M4_82,A,0.056,0.105,0.041
C,11,C11,M4_1,M4_83,A,0.06,0.124,0.04
D,11,D11,M4_1,M4_84,A,0.07,0.165,0.039
E,11,E11,M4_1,M4_85,A,0.054,0.089,0.044
F,11,F11,M4_1,M4_86,A,0.066,0.132,0.047
G,11,G11,M4_1,M4_87,A,0.052,0.078,0.048
H,11,H11,M4_1,M4_88,A,0.057,0.077,0.054
A,12,A12,M4_1,M4_89,A,0.059,0.101,0.049
B,12,B12,M4_1,M4_90,A,0.056,0.085,0.048
C,12,C12,M4_1,M4_91,A,0.072,0.163,0.043
D,12,D12,M4_1,M4_92,A,0.047,0.065,0.043
E,12,E12,M4_1,M4_93,A,0.063,0.118,0.043
F,12,F12,M4_1,M4_94,A,0.048,0.071,0.041
G,12,G12,M4_1,M4_95,A,0.056,0.074,0.051
H,12,H12,M4_1,M4_96,A,0.093,0.14,0.073
A,1,A1,M4_2,M4_1,B,0.05,0.096,0.038
B,1,B1,M4_2,M4_2,B,0.047,0.087,0.037
C,1,C1,M4_2,M4_3,B,0.052,0.096,0.039
D,1,D1,M4_2,M4_4,B,0.057,0.11,0.043
E,1,E1,M4_2,M4_5,B,0.052,0.094,0.039
F,1,F1,M4_2,M4_6,B,0.041,0.06,0.037
G,1,G1,M4_2,M4_7,B,0.085,0.221,0.04
H,1,H1,M4_2,M4_8,B,0.101,0.276,0.039
A,2,A2,M4_2,M4_9,B,0.061,0.102,0.052
B,2,B2,M4_2,M4_10,B,0.058,0.12,0.041
C,2,C2,M4_2,M4_11,B,0.052,0.09,0.042
D,2,D2,M4_2,M4_12,B,0.072,0.152,0.045
E,2,E2,M4_2,M4_13,B,0.041,0.058,0.038
F,2,F2,M4_2,M4_14,B,0.049,0.079,0.039
G,2,G2,M4_2,M4_15,B,0.057,0.114,0.04
H,2,H2,M4_2,M4_16,B,0.064,0.135,0.042
A,3,A3,M4_2,M4_17,B,0.09,0.202,0.05
B,3,B3,M4_2,M4_18,B,0.066,0.14,0.043
C,3,C3,M4_2,M4_19,B,0.09,0.239,0.042
D,3,D3,M4_2,M4_20,B,0.078,0.179,0.042
E,3,E3,M4_2,M4_21,B,0.06,0.117,0.041
F,3,F3,M4_2,M4_22,B,0.246,0.292,0.264
G,3,G3,M4_2,M4_23,B,0.072,0.159,0.04
H,3,H3,M4_2,M4_24,B,0.072,0.155,0.044
A,4,A4,M4_2,M4_25,B,0.065,0.127,0.046
B,4,B4,M4_2,M4_26,B,0.058,0.109,0.044
C,4,C4,M4_2,M4_27,B,0.048,0.067,0.044
D,4,D4,M4_2,M4_28,B,0.101,0.274,0.044
E,4,E4,M4_2,M4_29,B,0.058,0.112,0.04
F,4,F4,M4_2,M4_30,B,0.06,0.127,0.039
G,4,G4,M4_2,M4_31,B,0.045,0.068,0.04
H,4,H4,M4_2,M4_32,B,0.056,0.098,0.044
A,5,A5,M4_2,M4_33,B,0.053,0.086,0.044
B,5,B5,M4_2,M4_34,B,0.093,0.238,0.042
C,5,C5,M4_2,M4_35,B,0.049,0.07,0.044
D,5,D5,M4_2,M4_36,B,0.068,0.138,0.044
E,5,E5,M4_2,M4_37,B,0.085,0.228,0.039
F,5,F5,M4_2,M4_38,B,0.048,0.075,0.041
G,5,G5,M4_2,M4_39,B,0.05,0.083,0.041
H,5,H5,M4_2,M4_40,B,0.052,0.082,0.045
A,6,A6,M4_2,M4_41,B,0.069,0.147,0.043
B,6,B6,M4_2,M4_42,B,0.094,0.248,0.043
C,6,C6,M4_2,M4_43,B,0.107,0.281,0.045
D,6,D6,M4_2,M4_44,B,0.051,0.082,0.043
E,6,E6,M4_2,M4_45,B,0.063,0.124,0.043
F,6,F6,M4_2,M4_46,B,0.047,0.064,0.043
G,6,G6,M4_2,M4_47,B,0.047,0.063,0.043
H,6,H6,M4_2,M4_48,B,0.112,0.307,0.044
A,7,A7,M4_2,M4_49,B,0.064,0.117,0.046
B,7,B7,M4_2,M4_50,B,0.088,0.214,0.045
C,7,C7,M4_2,M4_51,B,0.081,0.181,0.045
D,7,D7,M4_2,M4_52,B,0.054,0.092,0.044
E,7,E7,M4_2,M4_53,B,0.104,0.277,0.044
F,7,F7,M4_2,M4_54,B,0.056,0.09,0.047
G,7,G7,M4_2,M4_55,B,0.064,0.13,0.041
H,7,H7,M4_2,M4_56,B,0.048,0.072,0.043
A,8,A8,M4_2,M4_57,B,0.099,0.251,0.043
C,8,C8,M4_2,M4_59,B,0.055,0.075,0.057
D,8,D8,M4_2,M4_60,B,0.062,0.125,0.04
E,8,E8,M4_2,M4_61,B,0.045,0.068,0.039
F,8,F8,M4_2,M4_62,B,0.056,0.112,0.04
G,8,G8,M4_2,M4_63,B,0.084,0.201,0.04
H,8,H8,M4_2,M4_64,B,0.077,0.161,0.053
A,9,A9,M4_2,M4_65,B,0.046,0.066,0.041
B,9,B9,M4_2,M4_66,B,0.059,0.114,0.041
C,9,C9,M4_2,M4_67,B,0.071,0.167,0.042
D,9,D9,M4_2,M4_68,B,0.062,0.12,0.04
E,9,E9,M4_2,M4_69,B,0.044,0.067,0.038
F,9,F9,M4_2,M4_70,B,0.059,0.115,0.043
G,9,G9,M4_2,M4_71,B,0.082,0.208,0.039
H,9,H9,M4_2,M4_72,B,0.345,0.509,0.484
A,10,A10,M4_2,M4_73,B,0.061,0.118,0.042
B,10,B10,M4_2,M4_74,B,0.088,0.229,0.04
C,10,C10,M4_2,M4_75,B,0.046,0.066,0.039
D,10,D10,M4_2,M4_76,B,0.11,0.292,0.04
E,10,E10,M4_2,M4_77,B,0.055,0.101,0.039
F,10,F10,M4_2,M4_78,B,0.087,0.231,0.04
G,10,G10,M4_2,M4_79,B,0.044,0.061,0.04
H,10,H10,M4_2,M4_80,B,0.048,0.069,0.043
A,11,A11,M4_2,M4_81,B,0.093,0.226,0.041
B,11,B11,M4_2,M4_82,B,0.064,0.115,0.053
C,11,C11,M4_2,M4_83,B,0.058,0.115,0.041
D,11,D11,M4_2,M4_84,B,0.067,0.151,0.04
E,11,E11,M4_2,M4_85,B,0.049,0.08,0.041
F,11,F11,M4_2,M4_86,B,0.06,0.119,0.044
G,11,G11,M4_2,M4_87,B,0.046,0.065,0.044
H,11,H11,M4_2,M4_88,B,0.049,0.066,0.046
A,12,A12,M4_2,M4_89,B,0.064,0.107,0.057
B,12,B12,M4_2,M4_90,B,0.049,0.076,0.042
C,12,C12,M4_2,M4_91,B,0.067,0.15,0.043
D,12,D12,M4_2,M4_92,B,0.046,0.063,0.042
E,12,E12,M4_2,M4_93,B,0.058,0.114,0.039
F,12,F12,M4_2,M4_94,B,0.047,0.069,0.04
G,12,G12,M4_2,M4_95,B,0.042,0.059,0.039
H,12,H12,M4_2,M4_96,B,0.056,0.099,0.043
A,1,A1,M4_3,M4_1,C,0.055,0.092,0.041
B,1,B1,M4_3,M4_2,C,0.048,0.086,0.039
C,1,C1,M4_3,M4_3,C,0.053,0.097,0.041
D,1,D1,M4_3,M4_4,C,0.058,0.112,0.046
E,1,E1,M4_3,M4_5,C,0.051,0.092,0.038
F,1,F1,M4_3,M4_6,C,0.045,0.064,0.04
G,1,G1,M4_3,M4_7,C,0.087,0.228,0.051
H,1,H1,M4_3,M4_8,C,0.095,0.247,0.04
A,2,A2,M4_3,M4_9,C,0.065,0.105,0.058
B,2,B2,M4_3,M4_10,C,0.061,0.121,0.044
C,2,C2,M4_3,M4_11,C,0.054,0.091,0.043
D,2,D2,M4_3,M4_12,C,0.073,0.155,0.046
E,2,E2,M4_3,M4_13,C,0.043,0.059,0.039
F,2,F2,M4_3,M4_14,C,0.052,0.082,0.043
G,2,G2,M4_3,M4_15,C,0.063,0.119,0.045
H,2,H2,M4_3,M4_16,C,0.067,0.136,0.046
A,3,A3,M4_3,M4_17,C,0.087,0.195,0.048
B,3,B3,M4_3,M4_18,C,0.067,0.14,0.044
C,3,C3,M4_3,M4_19,C,0.091,0.237,0.044
D,3,D3,M4_3,M4_20,C,0.078,0.177,0.044
E,3,E3,M4_3,M4_21,C,0.06,0.116,0.041
F,3,F3,M4_3,M4_22,C,0.064,0.087,0.059
G,3,G3,M4_3,M4_23,C,0.075,0.16,0.042
H,3,H3,M4_3,M4_24,C,0.076,0.155,0.048
A,4,A4,M4_3,M4_25,C,0.065,0.128,0.046
B,4,B4,M4_3,M4_26,C,0.059,0.112,0.046
C,4,C4,M4_3,M4_27,C,0.049,0.067,0.044
D,4,D4,M4_3,M4_28,C,0.102,0.275,0.045
E,4,E4,M4_3,M4_29,C,0.057,0.11,0.04
F,4,F4,M4_3,M4_30,C,0.061,0.125,0.041
G,4,G4,M4_3,M4_31,C,0.048,0.07,0.043
H,4,H4,M4_3,M4_32,C,0.062,0.104,0.051
A,5,A5,M4_3,M4_33,C,0.056,0.089,0.047
B,5,B5,M4_3,M4_34,C,0.095,0.238,0.044
C,5,C5,M4_3,M4_35,C,0.049,0.07,0.044
D,5,D5,M4_3,M4_36,C,0.07,0.14,0.047
E,5,E5,M4_3,M4_37,C,0.087,0.229,0.04
F,5,F5,M4_3,M4_38,C,0.049,0.076,0.043
G,5,G5,M4_3,M4_39,C,0.051,0.083,0.042
H,5,H5,M4_3,M4_40,C,0.059,0.088,0.053
A,6,A6,M4_3,M4_41,C,0.072,0.147,0.046
B,6,B6,M4_3,M4_42,C,0.097,0.249,0.045
C,6,C6,M4_3,M4_43,C,0.112,0.292,0.046
D,6,D6,M4_3,M4_44,C,0.053,0.084,0.046
E,6,E6,M4_3,M4_45,C,0.066,0.128,0.046
F,6,F6,M4_3,M4_46,C,0.049,0.066,0.046
G,6,G6,M4_3,M4_47,C,0.048,0.067,0.046
H,6,H6,M4_3,M4_48,C,0.115,0.302,0.047
A,7,A7,M4_3,M4_49,C,0.068,0.125,0.047
B,7,B7,M4_3,M4_50,C,0.092,0.22,0.046
C,7,C7,M4_3,M4_51,C,0.083,0.185,0.046
D,7,D7,M4_3,M4_52,C,0.059,0.089,0.049
E,7,E7,M4_3,M4_53,C,0.103,0.275,0.042
F,7,F7,M4_3,M4_54,C,0.104,0.12,0.053
G,7,G7,M4_3,M4_55,C,0.066,0.135,0.043
H,7,H7,M4_3,M4_56,C,0.051,0.075,0.044
A,8,A8,M4_3,M4_57,C,0.108,0.259,0.054
C,8,C8,M4_3,M4_59,C,0.053,0.071,0.052
D,8,D8,M4_3,M4_60,C,0.063,0.126,0.042
E,8,E8,M4_3,M4_61,C,0.049,0.07,0.043
F,8,F8,M4_3,M4_62,C,0.058,0.113,0.041
G,8,G8,M4_3,M4_63,C,0.087,0.204,0.043
H,8,H8,M4_3,M4_64,C,0.066,0.131,0.046
A,9,A9,M4_3,M4_65,C,0.049,0.07,0.044
B,9,B9,M4_3,M4_66,C,0.062,0.117,0.043
C,9,C9,M4_3,M4_67,C,0.073,0.169,0.043
D,9,D9,M4_3,M4_68,C,0.063,0.121,0.042
E,9,E9,M4_3,M4_69,C,0.047,0.068,0.04
F,9,F9,M4_3,M4_70,C,0.06,0.114,0.045
G,9,G9,M4_3,M4_71,C,0.087,0.217,0.043
H,9,H9,M4_3,M4_72,C,0.218,0.308,0.224
A,10,A10,M4_3,M4_73,C,0.064,0.12,0.045
B,10,B10,M4_3,M4_74,C,0.089,0.224,0.043
C,10,C10,M4_3,M4_75,C,0.048,0.069,0.041
D,10,D10,M4_3,M4_76,C,0.111,0.292,0.042
E,10,E10,M4_3,M4_77,C,0.056,0.103,0.039
F,10,F10,M4_3,M4_78,C,0.093,0.244,0.042
G,10,G10,M4_3,M4_79,C,0.048,0.067,0.043
H,10,H10,M4_3,M4_80,C,0.05,0.074,0.044
A,11,A11,M4_3,M4_81,C,0.093,0.217,0.044
B,11,B11,M4_3,M4_82,C,0.062,0.111,0.046
C,11,C11,M4_3,M4_83,C,0.062,0.125,0.041
D,11,D11,M4_3,M4_84,C,0.073,0.167,0.042
E,11,E11,M4_3,M4_85,C,0.054,0.088,0.043
F,11,F11,M4_3,M4_86,C,0.065,0.13,0.047
G,11,G11,M4_3,M4_87,C,0.054,0.078,0.048
H,11,H11,M4_3,M4_88,C,0.057,0.076,0.052
A,12,A12,M4_3,M4_89,C,0.061,0.102,0.049
B,12,B12,M4_3,M4_90,C,0.061,0.092,0.052
C,12,C12,M4_3,M4_91,C,0.072,0.163,0.045
D,12,D12,M4_3,M4_92,C,0.054,0.071,0.048
E,12,E12,M4_3,M4_93,C,0.06,0.114,0.04
F,12,F12,M4_3,M4_94,C,0.048,0.071,0.041
G,12,G12,M4_3,M4_95,C,0.054,0.072,0.049
H,12,H12,M4_3,M4_96,C,0.068,0.112,0.051
A,1,A1,M8_1,M8_1,A,0.046,0.076,0.038
B,1,B1,M8_1,M8_2,A,0.039,0.056,0.036
C,1,C1,M8_1,M8_3,A,0.045,0.075,0.036
D,1,D1,M8_1,M8_4,A,0.074,0.187,0.037
E,1,E1,M8_1,M8_5,A,0.067,0.154,0.036
F,1,F1,M8_1,M8_6,A,0.066,0.156,0.037
G,1,G1,M8_1,M8_7,A,0.054,0.108,0.036
H,1,H1,M8_1,M8_8,A,0.092,0.236,0.039
A,2,A2,M8_1,M8_9,A,0.1,0.268,0.044
B,2,B2,M8_1,M8_10,A,0.053,0.094,0.042
C,2,C2,M8_1,M8_11,A,0.084,0.216,0.041
D,2,D2,M8_1,M8_12,A,0.057,0.107,0.043
E,2,E2,M8_1,M8_13,A,0.077,0.188,0.039
F,2,F2,M8_1,M8_14,A,0.063,0.124,0.045
G,2,G2,M8_1,M8_15,A,0.048,0.075,0.041
H,2,H2,M8_1,M8_16,A,0.054,0.088,0.046
A,3,A3,M8_1,M8_17,A,0.069,0.143,0.046
B,3,B3,M8_1,M8_18,A,0.06,0.119,0.043
C,3,C3,M8_1,M8_19,A,0.077,0.194,0.041
D,3,D3,M8_1,M8_20,A,0.063,0.131,0.043
E,3,E3,M8_1,M8_21,A,0.097,0.269,0.04
F,3,F3,M8_1,M8_22,A,0.054,0.097,0.041
G,3,G3,M8_1,M8_23,A,0.075,0.183,0.043
H,3,H3,M8_1,M8_24,A,0.064,0.122,0.045
A,4,A4,M8_1,M8_25,A,0.101,0.264,0.044
B,4,B4,M8_1,M8_26,A,0.075,0.162,0.047
C,4,C4,M8_1,M8_27,A,0.068,0.147,0.043
D,4,D4,M8_1,M8_28,A,0.063,0.122,0.044
E,4,E4,M8_1,M8_29,A,0.108,0.297,0.041
F,4,F4,M8_1,M8_30,A,0.107,0.197,0.04
G,4,G4,M8_1,M8_31,A,0.074,0.172,0.042
H,4,H4,M8_1,M8_32,A,0.085,0.204,0.045
A,5,A5,M8_1,M8_33,A,0.129,0.371,0.047
B,5,B5,M8_1,M8_34,A,0.071,0.162,0.041
C,5,C5,M8_1,M8_35,A,0.069,0.15,0.043
D,5,D5,M8_1,M8_36,A,0.103,0.285,0.044
E,5,E5,M8_1,M8_37,A,0.086,0.225,0.041
F,5,F5,M8_1,M8_38,A,0.062,0.131,0.041
G,5,G5,M8_1,M8_39,A,0.063,0.127,0.044
H,5,H5,M8_1,M8_40,A,0.065,0.13,0.046
A,6,A6,M8_1,M8_41,A,0.062,0.121,0.044
B,6,B6,M8_1,M8_42,A,0.085,0.193,0.044
C,6,C6,M8_1,M8_43,A,0.077,0.179,0.044
D,6,D6,M8_1,M8_44,A,0.069,0.149,0.043
E,6,E6,M8_1,M8_45,A,0.109,0.308,0.04
F,6,F6,M8_1,M8_46,A,0.137,0.414,0.041
G,6,G6,M8_1,M8_47,A,0.085,0.208,0.044
H,6,H6,M8_1,M8_48,A,0.088,0.207,0.044
A,7,A7,M8_1,M8_49,A,0.064,0.129,0.044
B,7,B7,M8_1,M8_50,A,0.076,0.178,0.042
C,7,C7,M8_1,M8_51,A,0.107,0.279,0.046
D,7,D7,M8_1,M8_52,A,0.056,0.099,0.043
E,7,E7,M8_1,M8_53,A,0.074,0.168,0.041
F,7,F7,M8_1,M8_54,A,0.074,0.169,0.042
G,7,G7,M8_1,M8_55,A,0.053,0.098,0.04
H,7,H7,M8_1,M8_56,A,0.061,0.117,0.044
A,8,A8,M8_1,M8_57,A,0.076,0.17,0.045
B,8,B8,M8_1,M8_58,A,0.049,0.078,0.04
C,8,C8,M8_1,M8_59,A,0.061,0.098,0.048
D,8,D8,M8_1,M8_60,A,0.052,0.093,0.04
E,8,E8,M8_1,M8_61,A,0.068,0.155,0.04
F,8,F8,M8_1,M8_62,A,0.057,0.106,0.04
G,8,G8,M8_1,M8_63,A,0.063,0.131,0.04
H,8,H8,M8_1,M8_64,A,0.051,0.085,0.041
A,9,A9,M8_1,M8_65,A,0.047,0.066,0.042
B,9,B9,M8_1,M8_66,A,0.08,0.198,0.041
C,9,C9,M8_1,M8_67,A,0.068,0.15,0.042
D,9,D9,M8_1,M8_68,A,0.072,0.152,0.041
E,9,E9,M8_1,M8_69,A,0.086,0.213,0.04
F,9,F9,M8_1,M8_70,A,0.06,0.101,0.046
G,9,G9,M8_1,M8_71,A,0.074,0.177,0.039
H,9,H9,M8_1,M8_72,A,0.054,0.093,0.044
A,10,A10,M8_1,M8_73,A,0.06,0.124,0.042
B,10,B10,M8_1,M8_74,A,0.052,0.095,0.039
C,10,C10,M8_1,M8_75,A,0.086,0.224,0.04
D,10,D10,M8_1,M8_76,A,0.068,0.158,0.04
E,10,E10,M8_1,M8_77,A,0.08,0.209,0.038
F,10,F10,M8_1,M8_78,A,0.071,0.166,0.04
G,10,G10,M8_1,M8_79,A,0.075,0.184,0.039
H,10,H10,M8_1,M8_80,A,0.129,0.392,0.043
A,11,A11,M8_1,M8_81,A,0.063,0.13,0.041
B,11,B11,M8_1,M8_82,A,0.086,0.229,0.042
C,11,C11,M8_1,M8_83,A,0.082,0.21,0.04
D,11,D11,M8_1,M8_84,A,0.051,0.088,0.04
E,11,E11,M8_1,M8_85,A,0.093,0.258,0.039
F,11,F11,M8_1,M8_86,A,0.061,0.129,0.039
G,11,G11,M8_1,M8_87,A,0.052,0.105,0.038
H,11,H11,M8_1,M8_88,A,0.072,0.168,0.044
A,12,A12,M8_1,M8_89,A,0.059,0.121,0.042
B,12,B12,M8_1,M8_90,A,0.096,0.26,0.041
C,12,C12,M8_1,M8_91,A,0.065,0.162,0.041
D,12,D12,M8_1,M8_92,A,0.048,0.082,0.04
E,12,E12,M8_1,M8_93,A,0.101,0.309,0.039
F,12,F12,M8_1,M8_94,A,0.072,0.177,0.039
G,12,G12,M8_1,M8_95,A,0.07,0.17,0.037
H,12,H12,M8_1,M8_96,A,0.078,0.198,0.041
A,1,A1,M8_2,M8_1,B,0.047,0.083,0.037
B,1,B1,M8_2,M8_2,B,0.042,0.069,0.035
C,1,C1,M8_2,M8_3,B,0.048,0.087,0.036
D,1,D1,M8_2,M8_4,B,0.084,0.225,0.036
E,1,E1,M8_2,M8_5,B,0.074,0.183,0.035
F,1,F1,M8_2,M8_6,B,0.07,0.171,0.036
G,1,G1,M8_2,M8_7,B,0.055,0.112,0.036
H,1,H1,M8_2,M8_8,B,0.101,0.271,0.037
A,2,A2,M8_2,M8_9,B,0.112,0.313,0.043
B,2,B2,M8_2,M8_10,B,0.055,0.104,0.041
C,2,C2,M8_2,M8_11,B,0.095,0.263,0.04
D,2,D2,M8_2,M8_12,B,0.06,0.119,0.042
E,2,E2,M8_2,M8_13,B,0.088,0.219,0.043
F,2,F2,M8_2,M8_14,B,0.065,0.138,0.042
G,2,G2,M8_2,M8_15,B,0.049,0.082,0.039
H,2,H2,M8_2,M8_16,B,0.056,0.096,0.043
A,3,A3,M8_2,M8_17,B,0.073,0.161,0.044
B,3,B3,M8_2,M8_18,B,0.063,0.131,0.042
C,3,C3,M8_2,M8_19,B,0.086,0.227,0.041
D,3,D3,M8_2,M8_20,B,0.067,0.148,0.041
E,3,E3,M8_2,M8_21,B,0.105,0.305,0.039
F,3,F3,M8_2,M8_22,B,0.056,0.108,0.039
G,3,G3,M8_2,M8_23,B,0.08,0.207,0.041
H,3,H3,M8_2,M8_24,B,0.066,0.131,0.043
A,4,A4,M8_2,M8_25,B,0.107,0.292,0.042
B,4,B4,M8_2,M8_26,B,0.074,0.174,0.041
C,4,C4,M8_2,M8_27,B,0.07,0.16,0.04
D,4,D4,M8_2,M8_28,B,0.063,0.128,0.041
E,4,E4,M8_2,M8_29,B,0.116,0.334,0.038
F,4,F4,M8_2,M8_30,B,0.078,0.205,0.039
G,4,G4,M8_2,M8_31,B,0.078,0.189,0.039
H,4,H4,M8_2,M8_32,B,0.088,0.219,0.043
A,5,A5,M8_2,M8_33,B,0.139,0.413,0.044
B,5,B5,M8_2,M8_34,B,0.073,0.174,0.04
C,5,C5,M8_2,M8_35,B,0.072,0.163,0.043
D,5,D5,M8_2,M8_36,B,0.116,0.32,0.049
E,5,E5,M8_2,M8_37,B,0.094,0.251,0.042
F,5,F5,M8_2,M8_38,B,0.065,0.143,0.042
G,5,G5,M8_2,M8_39,B,0.062,0.136,0.039
H,5,H5,M8_2,M8_40,B,0.068,0.146,0.044
A,6,A6,M8_2,M8_41,B,0.063,0.13,0.041
B,6,B6,M8_2,M8_42,B,0.093,0.221,0.045
C,6,C6,M8_2,M8_43,B,0.079,0.194,0.041
D,6,D6,M8_2,M8_44,B,0.072,0.164,0.041
E,6,E6,M8_2,M8_45,B,0.121,0.354,0.039
F,6,F6,M8_2,M8_46,B,0.152,0.471,0.04
G,6,G6,M8_2,M8_47,B,0.09,0.236,0.039
H,6,H6,M8_2,M8_48,B,0.094,0.229,0.042
A,7,A7,M8_2,M8_49,B,0.064,0.134,0.042
B,7,B7,M8_2,M8_50,B,0.085,0.197,0.048
C,7,C7,M8_2,M8_51,B,0.11,0.302,0.041
D,7,D7,M8_2,M8_52,B,0.057,0.106,0.042
E,7,E7,M8_2,M8_53,B,0.07,0.162,0.039
F,7,F7,M8_2,M8_54,B,0.075,0.181,0.039
G,7,G7,M8_2,M8_55,B,0.054,0.105,0.038
H,7,H7,M8_2,M8_56,B,0.063,0.127,0.041
A,8,A8,M8_2,M8_57,B,0.079,0.182,0.042
B,8,B8,M8_2,M8_58,B,0.05,0.083,0.039
C,8,C8,M8_2,M8_59,B,0.056,0.098,0.043
D,8,D8,M8_2,M8_60,B,0.054,0.1,0.039
E,8,E8,M8_2,M8_61,B,0.071,0.169,0.039
F,8,F8,M8_2,M8_62,B,0.059,0.114,0.039
G,8,G8,M8_2,M8_63,B,0.067,0.148,0.038
H,8,H8,M8_2,M8_64,B,0.054,0.094,0.041
A,9,A9,M8_2,M8_65,B,0.046,0.068,0.042
B,9,B9,M8_2,M8_66,B,0.082,0.207,0.04
C,9,C9,M8_2,M8_67,B,0.065,0.146,0.04
D,9,D9,M8_2,M8_68,B,0.071,0.162,0.04
E,9,E9,M8_2,M8_69,B,0.091,0.237,0.038
F,9,F9,M8_2,M8_70,B,0.056,0.104,0.04
G,9,G9,M8_2,M8_71,B,0.08,0.197,0.039
H,9,H9,M8_2,M8_72,B,0.055,0.1,0.042
A,10,A10,M8_2,M8_73,B,0.061,0.133,0.04
B,10,B10,M8_2,M8_74,B,0.053,0.1,0.039
C,10,C10,M8_2,M8_75,B,0.09,0.241,0.039
D,10,D10,M8_2,M8_76,B,0.071,0.17,0.039
E,10,E10,M8_2,M8_77,B,0.087,0.237,0.037
F,10,F10,M8_2,M8_78,B,0.078,0.186,0.041
G,10,G10,M8_2,M8_79,B,0.081,0.205,0.038
H,10,H10,M8_2,M8_80,B,0.142,0.444,0.041
A,11,A11,M8_2,M8_81,B,0.065,0.14,0.04
B,11,B11,M8_2,M8_82,B,0.088,0.24,0.039
C,11,C11,M8_2,M8_83,B,0.086,0.229,0.039
D,11,D11,M8_2,M8_84,B,0.053,0.096,0.041
E,11,E11,M8_2,M8_85,B,0.106,0.295,0.042
F,11,F11,M8_2,M8_86,B,0.066,0.144,0.041
G,11,G11,M8_2,M8_87,B,0.059,0.12,0.042
H,11,H11,M8_2,M8_88,B,0.071,0.159,0.044
A,12,A12,M8_2,M8_89,B,0.061,0.129,0.041
B,12,B12,M8_2,M8_90,B,0.104,0.285,0.041
C,12,C12,M8_2,M8_91,B,0.068,0.176,0.041
D,12,D12,M8_2,M8_92,B,0.049,0.089,0.039
E,12,E12,M8_2,M8_93,B,0.111,0.352,0.038
F,12,F12,M8_2,M8_94,B,0.077,0.197,0.039
G,12,G12,M8_2,M8_95,B,0.075,0.189,0.037
H,12,H12,M8_2,M8_96,B,0.083,0.218,0.039
A,1,A1,M8_3,M8_1,C,0.179,0.278,0.241
B,1,B1,M8_3,M8_2,C,0.281,0.442,0.432
C,1,C1,M8_3,M8_3,C,0.048,0.088,0.036
D,1,D1,M8_3,M8_4,C,0.102,0.244,0.057
E,1,E1,M8_3,M8_5,C,0.073,0.179,0.035
F,1,F1,M8_3,M8_6,C,0.073,0.174,0.04
G,1,G1,M8_3,M8_7,C,0.056,0.114,0.036
H,1,H1,M8_3,M8_8,C,0.099,0.266,0.039
A,2,A2,M8_3,M8_9,C,0.115,0.324,0.044
B,2,B2,M8_3,M8_10,C,0.057,0.11,0.04
C,2,C2,M8_3,M8_11,C,0.097,0.266,0.042
D,2,D2,M8_3,M8_12,C,0.066,0.128,0.047
E,2,E2,M8_3,M8_13,C,0.086,0.22,0.04
F,2,F2,M8_3,M8_14,C,0.069,0.138,0.047
G,2,G2,M8_3,M8_15,C,0.049,0.08,0.04
H,2,H2,M8_3,M8_16,C,0.058,0.097,0.047
A,3,A3,M8_3,M8_17,C,0.074,0.166,0.043
B,3,B3,M8_3,M8_18,C,0.065,0.136,0.042
C,3,C3,M8_3,M8_19,C,0.088,0.232,0.042
D,3,D3,M8_3,M8_20,C,0.066,0.144,0.042
E,3,E3,M8_3,M8_21,C,0.106,0.31,0.038
F,3,F3,M8_3,M8_22,C,0.055,0.105,0.039
G,3,G3,M8_3,M8_23,C,0.078,0.195,0.042
H,3,H3,M8_3,M8_24,C,0.065,0.128,0.044
A,4,A4,M8_3,M8_25,C,0.11,0.304,0.041
B,4,B4,M8_3,M8_26,C,0.076,0.181,0.04
C,4,C4,M8_3,M8_27,C,0.072,0.165,0.042
D,4,D4,M8_3,M8_28,C,0.066,0.136,0.042
E,4,E4,M8_3,M8_29,C,0.114,0.326,0.038
F,4,F4,M8_3,M8_30,C,0.09,0.215,0.051
G,4,G4,M8_3,M8_31,C,0.078,0.183,0.042
H,4,H4,M8_3,M8_32,C,0.085,0.209,0.043
A,5,A5,M8_3,M8_33,C,0.143,0.431,0.043
B,5,B5,M8_3,M8_34,C,0.075,0.182,0.04
C,5,C5,M8_3,M8_35,C,0.076,0.171,0.044
D,5,D5,M8_3,M8_36,C,0.122,0.334,0.049
E,5,E5,M8_3,M8_37,C,0.093,0.248,0.04
F,5,F5,M8_3,M8_38,C,0.067,0.143,0.043
G,5,G5,M8_3,M8_39,C,0.061,0.129,0.04
H,5,H5,M8_3,M8_40,C,0.063,0.124,0.045
A,6,A6,M8_3,M8_41,C,0.067,0.137,0.043
B,6,B6,M8_3,M8_42,C,0.092,0.223,0.042
C,6,C6,M8_3,M8_43,C,0.081,0.201,0.041
D,6,D6,M8_3,M8_44,C,0.079,0.159,0.052
E,6,E6,M8_3,M8_45,C,0.12,0.351,0.039
F,6,F6,M8_3,M8_46,C,0.149,0.459,0.042
G,6,G6,M8_3,M8_47,C,0.086,0.22,0.04
H,6,H6,M8_3,M8_48,C,0.093,0.215,0.044
A,7,A7,M8_3,M8_49,C,0.067,0.143,0.041
B,7,B7,M8_3,M8_50,C,0.085,0.201,0.045
C,7,C7,M8_3,M8_51,C,0.112,0.307,0.042
D,7,D7,M8_3,M8_52,C,0.06,0.11,0.043
E,7,E7,M8_3,M8_53,C,0.067,0.148,0.039
F,7,F7,M8_3,M8_54,C,0.077,0.179,0.042
G,7,G7,M8_3,M8_55,C,0.053,0.101,0.039
H,7,H7,M8_3,M8_56,C,0.062,0.121,0.042
A,8,A8,M8_3,M8_57,C,0.081,0.193,0.041
B,8,B8,M8_3,M8_58,C,0.05,0.084,0.039
C,8,C8,M8_3,M8_59,C,0.055,0.099,0.041
D,8,D8,M8_3,M8_60,C,0.053,0.1,0.039
E,8,E8,M8_3,M8_61,C,0.072,0.17,0.039
F,8,F8,M8_3,M8_62,C,0.058,0.112,0.039
G,8,G8,M8_3,M8_63,C,0.066,0.141,0.039
H,8,H8,M8_3,M8_64,C,0.051,0.086,0.041
A,9,A9,M8_3,M8_65,C,0.046,0.069,0.039
B,9,B9,M8_3,M8_66,C,0.085,0.219,0.039
C,9,C9,M8_3,M8_67,C,0.066,0.15,0.04
D,9,D9,M8_3,M8_68,C,0.072,0.167,0.04
E,9,E9,M8_3,M8_69,C,0.09,0.235,0.038
F,9,F9,M8_3,M8_70,C,0.056,0.102,0.041
G,9,G9,M8_3,M8_71,C,0.078,0.188,0.039
H,9,H9,M8_3,M8_72,C,0.055,0.096,0.044
A,10,A10,M8_3,M8_73,C,0.063,0.137,0.04
B,10,B10,M8_3,M8_74,C,0.053,0.104,0.038
C,10,C10,M8_3,M8_75,C,0.092,0.253,0.038
D,10,D10,M8_3,M8_76,C,0.073,0.175,0.04
E,10,E10,M8_3,M8_77,C,0.086,0.236,0.037
F,10,F10,M8_3,M8_78,C,0.074,0.176,0.039
G,10,G10,M8_3,M8_79,C,0.078,0.196,0.038
H,10,H10,M8_3,M8_80,C,0.132,0.397,0.042
A,11,A11,M8_3,M8_81,C,0.067,0.149,0.04
B,11,B11,M8_3,M8_82,C,0.091,0.254,0.039
C,11,C11,M8_3,M8_83,C,0.087,0.237,0.038
D,11,D11,M8_3,M8_84,C,0.052,0.095,0.038
E,11,E11,M8_3,M8_85,C,0.105,0.297,0.041
F,11,F11,M8_3,M8_86,C,0.072,0.15,0.045
G,11,G11,M8_3,M8_87,C,0.057,0.119,0.04
H,11,H11,M8_3,M8_88,C,0.071,0.164,0.044
A,12,A12,M8_3,M8_89,C,0.062,0.135,0.041
B,12,B12,M8_3,M8_90,C,0.106,0.296,0.039
C,12,C12,M8_3,M8_91,C,0.068,0.182,0.039
D,12,D12,M8_3,M8_92,C,0.049,0.089,0.038
E,12,E12,M8_3,M8_93,C,0.112,0.356,0.039
F,12,F12,M8_3,M8_94,C,0.076,0.198,0.038
G,12,G12,M8_3,M8_95,C,0.074,0.19,0.037
H,12,H12,M8_3,M8_96,C,0.082,0.217,0.04
A,1,A1,M12_1,M12_1,A,0.113,0.335,0.038
B,1,B1,M12_1,M12_2,A,0.087,0.259,0.037
C,1,C1,M12_1,M12_3,A,0.04,0.059,0.037
D,1,D1,M12_1,M12_4,A,0.1,0.294,0.036
E,1,E1,M12_1,M12_5,A,0.046,0.076,0.036
F,1,F1,M12_1,M12_6,A,0.046,0.075,0.037
G,1,G1,M12_1,M12_7,A,0.042,0.062,0.037
H,1,H1,M12_1,M12_8,A,0.102,0.278,0.039
A,2,A2,M12_1,M12_9,A,0.052,0.085,0.045
B,2,B2,M12_1,M12_10,A,0.119,0.356,0.043
C,2,C2,M12_1,M12_11,A,0.056,0.104,0.041
D,2,D2,M12_1,M12_12,A,0.05,0.075,0.043
E,2,E2,M12_1,M12_13,A,0.045,0.071,0.038
F,2,F2,M12_1,M12_14,A,0.043,0.058,0.041
G,2,G2,M12_1,M12_15,A,0.08,0.215,0.039
H,2,H2,M12_1,M12_16,A,0.118,0.324,0.044
A,3,A3,M12_1,M12_17,A,0.118,0.318,0.046
B,3,B3,M12_1,M12_18,A,0.115,0.324,0.042
C,3,C3,M12_1,M12_19,A,0.043,0.059,0.041
D,3,D3,M12_1,M12_20,A,0.127,0.379,0.041
E,3,E3,M12_1,M12_21,A,0.064,0.144,0.039
F,3,F3,M12_1,M12_22,A,0.091,0.257,0.04
G,3,G3,M12_1,M12_23,A,0.062,0.135,0.042
H,3,H3,M12_1,M12_24,A,0.119,0.327,0.044
A,4,A4,M12_1,M12_25,A,0.054,0.078,0.046
B,4,B4,M12_1,M12_26,A,0.047,0.071,0.043
C,4,C4,M12_1,M12_27,A,0.098,0.263,0.042
D,4,D4,M12_1,M12_28,A,0.064,0.129,0.043
E,4,E4,M12_1,M12_29,A,0.048,0.077,0.04
F,4,F4,M12_1,M12_30,A,0.047,0.071,0.04
G,4,G4,M12_1,M12_31,A,0.042,0.052,0.041
H,4,H4,M12_1,M12_32,A,0.109,0.279,0.045
A,5,A5,M12_1,M12_33,A,0.099,0.26,0.044
B,5,B5,M12_1,M12_34,A,0.055,0.097,0.044
C,5,C5,M12_1,M12_35,A,0.053,0.092,0.042
D,5,D5,M12_1,M12_36,A,0.051,0.079,0.044
E,5,E5,M12_1,M12_37,A,0.102,0.29,0.038
F,5,F5,M12_1,M12_38,A,0.051,0.086,0.04
G,5,G5,M12_1,M12_39,A,0.13,0.385,0.041
H,5,H5,M12_1,M12_40,A,0.098,0.26,0.046
A,6,A6,M12_1,M12_41,A,0.118,0.346,0.044
B,6,B6,M12_1,M12_42,A,0.053,0.086,0.043
C,6,C6,M12_1,M12_43,A,0.052,0.078,0.044
D,6,D6,M12_1,M12_44,A,0.111,0.31,0.042
E,6,E6,M12_1,M12_45,A,0.046,0.066,0.042
F,6,F6,M12_1,M12_46,A,0.056,0.106,0.04
G,6,G6,M12_1,M12_47,A,0.13,0.38,0.043
H,6,H6,M12_1,M12_48,A,0.061,0.115,0.045
A,7,A7,M12_1,M12_49,A,0.092,0.235,0.044
B,7,B7,M12_1,M12_50,A,0.128,0.371,0.045
C,7,C7,M12_1,M12_51,A,0.145,0.435,0.043
D,7,D7,M12_1,M12_52,A,0.102,0.284,0.042
E,7,E7,M12_1,M12_53,A,0.047,0.078,0.04
F,7,F7,M12_1,M12_54,A,0.079,0.198,0.041
G,7,G7,M12_1,M12_55,A,0.088,0.237,0.043
H,7,H7,M12_1,M12_56,A,0.047,0.067,0.044
A,8,A8,M12_1,M12_57,A,0.062,0.124,0.044
B,8,B8,M12_1,M12_58,A,0.093,0.254,0.041
C,8,C8,M12_1,M12_59,A,0.051,0.075,0.044
D,8,D8,M12_1,M12_60,A,0.051,0.089,0.041
E,8,E8,M12_1,M12_61,A,0.047,0.063,0.042
F,8,F8,M12_1,M12_62,A,0.055,0.085,0.042
G,8,G8,M12_1,M12_63,A,0.064,0.132,0.041
H,8,H8,M12_1,M12_64,A,0.114,0.326,0.043
A,9,A9,M12_1,M12_65,A,0.134,0.419,0.042
B,9,B9,M12_1,M12_66,A,0.052,0.097,0.041
C,9,C9,M12_1,M12_67,A,0.051,0.089,0.041
D,9,D9,M12_1,M12_68,A,0.141,0.436,0.041
E,9,E9,M12_1,M12_69,A,0.136,0.433,0.04
F,9,F9,M12_1,M12_70,A,0.048,0.081,0.039
G,9,G9,M12_1,M12_71,A,0.045,0.067,0.04
H,9,H9,M12_1,M12_72,A,0.116,0.323,0.045
A,10,A10,M12_1,M12_73,A,0.053,0.085,0.043
B,10,B10,M12_1,M12_74,A,0.091,0.255,0.04
C,10,C10,M12_1,M12_75,A,0.158,0.5,0.04
D,10,D10,M12_1,M12_76,A,0.167,0.537,0.041
E,10,E10,M12_1,M12_77,A,0.046,0.074,0.038
F,10,F10,M12_1,M12_78,A,0.113,0.322,0.041
G,10,G10,M12_1,M12_79,A,0.054,0.108,0.04
H,10,H10,M12_1,M12_80,A,0.095,0.266,0.044
A,11,A11,M12_1,M12_81,A,0.109,0.306,0.042
B,11,B11,M12_1,M12_82,A,0.045,0.065,0.04
C,11,C11,M12_1,M12_83,A,0.112,0.32,0.039
D,11,D11,M12_1,M12_84,A,0.145,0.447,0.041
E,11,E11,M12_1,M12_85,A,0.073,0.181,0.039
F,11,F11,M12_1,M12_86,A,0.074,0.188,0.039
G,11,G11,M12_1,M12_87,A,0.12,0.358,0.039
H,11,H11,M12_1,M12_88,A,0.118,0.344,0.043
A,12,A12,M12_1,M12_89,A,0.052,0.079,0.046
B,12,B12,M12_1,M12_90,A,0.05,0.082,0.041
C,12,C12,M12_1,M12_91,A,0.067,0.153,0.042
D,12,D12,M12_1,M12_92,A,0.123,0.367,0.041
E,12,E12,M12_1,M12_93,A,0.14,0.424,0.039
F,12,F12,M12_1,M12_94,A,0.048,0.08,0.039
G,12,G12,M12_1,M12_95,A,0.122,0.374,0.038
H,12,H12,M12_1,M12_96,A,0.119,0.362,0.041
A,1,A1,M12_2,M12_1,B,0.127,0.384,0.039
B,1,B1,M12_2,M12_2,B,0.09,0.268,0.035
C,1,C1,M12_2,M12_3,B,0.041,0.062,0.036
D,1,D1,M12_2,M12_4,B,0.107,0.32,0.037
E,1,E1,M12_2,M12_5,B,0.046,0.082,0.034
F,1,F1,M12_2,M12_6,B,0.046,0.08,0.036
G,1,G1,M12_2,M12_7,B,0.041,0.064,0.036
H,1,H1,M12_2,M12_8,B,0.109,0.3,0.039
A,2,A2,M12_2,M12_9,B,0.05,0.087,0.041
B,2,B2,M12_2,M12_10,B,0.126,0.385,0.04
C,2,C2,M12_2,M12_11,B,0.055,0.108,0.039
D,2,D2,M12_2,M12_12,B,0.049,0.077,0.04
E,2,E2,M12_2,M12_13,B,0.045,0.074,0.037
F,2,F2,M12_2,M12_14,B,0.044,0.059,0.04
G,2,G2,M12_2,M12_15,B,0.088,0.238,0.041
H,2,H2,M12_2,M12_16,B,0.125,0.359,0.042
A,3,A3,M12_2,M12_17,B,0.125,0.349,0.045
B,3,B3,M12_2,M12_18,B,0.123,0.356,0.04
C,3,C3,M12_2,M12_19,B,0.043,0.06,0.04
D,3,D3,M12_2,M12_20,B,0.128,0.38,0.04
E,3,E3,M12_2,M12_21,B,0.067,0.157,0.038
F,3,F3,M12_2,M12_22,B,0.097,0.285,0.038
G,3,G3,M12_2,M12_23,B,0.062,0.144,0.038
H,3,H3,M12_2,M12_24,B,0.127,0.358,0.045
A,4,A4,M12_2,M12_25,B,0.049,0.08,0.041
B,4,B4,M12_2,M12_26,B,0.047,0.073,0.041
C,4,C4,M12_2,M12_27,B,0.103,0.284,0.04
D,4,D4,M12_2,M12_28,B,0.064,0.135,0.04
E,4,E4,M12_2,M12_29,B,0.046,0.078,0.037
F,4,F4,M12_2,M12_30,B,0.047,0.074,0.038
G,4,G4,M12_2,M12_31,B,0.04,0.051,0.037
H,4,H4,M12_2,M12_32,B,0.118,0.315,0.044
A,5,A5,M12_2,M12_33,B,0.105,0.286,0.042
B,5,B5,M12_2,M12_34,B,0.053,0.1,0.04
C,5,C5,M12_2,M12_35,B,0.053,0.096,0.039
D,5,D5,M12_2,M12_36,B,0.049,0.084,0.039
E,5,E5,M12_2,M12_37,B,0.11,0.32,0.037
F,5,F5,M12_2,M12_38,B,0.052,0.093,0.039
G,5,G5,M12_2,M12_39,B,0.141,0.432,0.037
H,5,H5,M12_2,M12_40,B,0.1,0.281,0.04
A,6,A6,M12_2,M12_41,B,0.128,0.389,0.042
B,6,B6,M12_2,M12_42,B,0.052,0.09,0.04
C,6,C6,M12_2,M12_43,B,0.049,0.078,0.04
D,6,D6,M12_2,M12_44,B,0.118,0.344,0.04
E,6,E6,M12_2,M12_45,B,0.043,0.066,0.038
F,6,F6,M12_2,M12_46,B,0.058,0.115,0.04
G,6,G6,M12_2,M12_47,B,0.138,0.419,0.039
H,6,H6,M12_2,M12_48,B,0.06,0.12,0.041
A,7,A7,M12_2,M12_49,B,0.097,0.257,0.043
B,7,B7,M12_2,M12_50,B,0.134,0.401,0.042
C,7,C7,M12_2,M12_51,B,0.153,0.471,0.041
D,7,D7,M12_2,M12_52,B,0.106,0.304,0.039
E,7,E7,M12_2,M12_53,B,0.047,0.08,0.037
F,7,F7,M12_2,M12_54,B,0.081,0.214,0.038
G,7,G7,M12_2,M12_55,B,0.09,0.254,0.039
H,7,H7,M12_2,M12_56,B,0.046,0.068,0.04
A,8,A8,M12_2,M12_57,B,0.064,0.134,0.043
B,8,B8,M12_2,M12_58,B,0.098,0.273,0.041
C,8,C8,M12_2,M12_59,B,0.047,0.074,0.04
D,8,D8,M12_2,M12_60,B,0.05,0.092,0.039
E,8,E8,M12_2,M12_61,B,0.043,0.061,0.037
F,8,F8,M12_2,M12_62,B,0.052,0.085,0.038
G,8,G8,M12_2,M12_63,B,0.064,0.139,0.038
H,8,H8,M12_2,M12_64,B,0.122,0.358,0.04
A,9,A9,M12_2,M12_65,B,0.143,0.458,0.04
B,9,B9,M12_2,M12_66,B,0.052,0.101,0.039
C,9,C9,M12_2,M12_67,B,0.05,0.091,0.039
D,9,D9,M12_2,M12_68,B,0.147,0.461,0.04
E,9,E9,M12_2,M12_69,B,0.153,0.503,0.038
F,9,F9,M12_2,M12_70,B,0.048,0.084,0.037
G,9,G9,M12_2,M12_71,B,0.045,0.069,0.039
H,9,H9,M12_2,M12_72,B,0.121,0.352,0.041
A,10,A10,M12_2,M12_73,B,0.052,0.088,0.039
B,10,B10,M12_2,M12_74,B,0.094,0.273,0.038
C,10,C10,M12_2,M12_75,B,0.165,0.531,0.038
D,10,D10,M12_2,M12_76,B,0.177,0.581,0.039
E,10,E10,M12_2,M12_77,B,0.045,0.076,0.036
F,10,F10,M12_2,M12_78,B,0.119,0.348,0.039
G,10,G10,M12_2,M12_79,B,0.055,0.114,0.037
H,10,H10,M12_2,M12_80,B,0.101,0.291,0.042
A,11,A11,M12_2,M12_81,B,0.114,0.333,0.039
B,11,B11,M12_2,M12_82,B,0.043,0.066,0.038
C,11,C11,M12_2,M12_83,B,0.117,0.345,0.038
D,11,D11,M12_2,M12_84,B,0.154,0.482,0.038
E,11,E11,M12_2,M12_85,B,0.075,0.195,0.037
F,11,F11,M12_2,M12_86,B,0.077,0.204,0.038
G,11,G11,M12_2,M12_87,B,0.129,0.392,0.037
H,11,H11,M12_2,M12_88,B,0.126,0.377,0.041
A,12,A12,M12_2,M12_89,B,0.048,0.077,0.041
B,12,B12,M12_2,M12_90,B,0.049,0.083,0.04
C,12,C12,M12_2,M12_91,B,0.066,0.158,0.038
D,12,D12,M12_2,M12_92,B,0.124,0.379,0.038
E,12,E12,M12_2,M12_93,B,0.146,0.452,0.04
F,12,F12,M12_2,M12_94,B,0.047,0.082,0.037
G,12,G12,M12_2,M12_95,B,0.115,0.35,0.037
H,12,H12,M12_2,M12_96,B,0.126,0.398,0.038
A,1,A1,M12_3,M12_1,C,0.129,0.387,0.041
B,1,B1,M12_3,M12_2,C,0.095,0.284,0.038
C,1,C1,M12_3,M12_3,C,0.043,0.065,0.038
D,1,D1,M12_3,M12_4,C,0.11,0.333,0.037
E,1,E1,M12_3,M12_5,C,0.047,0.083,0.036
F,1,F1,M12_3,M12_6,C,0.065,0.082,0.038
G,1,G1,M12_3,M12_7,C,0.041,0.066,0.035
H,1,H1,M12_3,M12_8,C,0.115,0.322,0.041
A,2,A2,M12_3,M12_9,C,0.054,0.093,0.044
B,2,B2,M12_3,M12_10,C,0.129,0.39,0.043
C,2,C2,M12_3,M12_11,C,0.056,0.11,0.041
D,2,D2,M12_3,M12_12,C,0.049,0.078,0.041
E,2,E2,M12_3,M12_13,C,0.048,0.077,0.04
F,2,F2,M12_3,M12_14,C,0.043,0.06,0.04
G,2,G2,M12_3,M12_15,C,0.086,0.233,0.04
H,2,H2,M12_3,M12_16,C,0.128,0.36,0.046
A,3,A3,M12_3,M12_17,C,0.125,0.352,0.044
B,3,B3,M12_3,M12_18,C,0.157,0.406,0.087
C,3,C3,M12_3,M12_19,C,0.043,0.061,0.04
D,3,D3,M12_3,M12_20,C,0.128,0.378,0.041
E,3,E3,M12_3,M12_21,C,0.068,0.158,0.039
F,3,F3,M12_3,M12_22,C,0.101,0.287,0.041
G,3,G3,M12_3,M12_23,C,0.064,0.144,0.041
H,3,H3,M12_3,M12_24,C,0.129,0.353,0.047
A,4,A4,M12_3,M12_25,C,0.049,0.08,0.042
B,4,B4,M12_3,M12_26,C,0.047,0.073,0.041
C,4,C4,M12_3,M12_27,C,0.104,0.287,0.04
D,4,D4,M12_3,M12_28,C,0.065,0.137,0.041
E,4,E4,M12_3,M12_29,C,0.048,0.079,0.038
F,4,F4,M12_3,M12_30,C,0.047,0.074,0.039
G,4,G4,M12_3,M12_31,C,0.041,0.053,0.04
H,4,H4,M12_3,M12_32,C,0.116,0.31,0.044
A,5,A5,M12_3,M12_33,C,0.106,0.287,0.043
B,5,B5,M12_3,M12_34,C,0.053,0.1,0.04
C,5,C5,M12_3,M12_35,C,0.054,0.097,0.04
D,5,D5,M12_3,M12_36,C,0.05,0.085,0.04
E,5,E5,M12_3,M12_37,C,0.112,0.323,0.04
F,5,F5,M12_3,M12_38,C,0.052,0.091,0.039
G,5,G5,M12_3,M12_39,C,0.143,0.43,0.04
H,5,H5,M12_3,M12_40,C,0.102,0.28,0.044
A,6,A6,M12_3,M12_41,C,0.128,0.392,0.042
B,6,B6,M12_3,M12_42,C,0.056,0.095,0.043
C,6,C6,M12_3,M12_43,C,0.049,0.079,0.04
D,6,D6,M12_3,M12_44,C,0.121,0.347,0.042
E,6,E6,M12_3,M12_45,C,0.044,0.066,0.039
F,6,F6,M12_3,M12_46,C,0.061,0.118,0.043
G,6,G6,M12_3,M12_47,C,0.139,0.421,0.04
H,6,H6,M12_3,M12_48,C,0.061,0.122,0.042
A,7,A7,M12_3,M12_49,C,0.097,0.257,0.043
B,7,B7,M12_3,M12_50,C,0.137,0.408,0.044
C,7,C7,M12_3,M12_51,C,0.154,0.472,0.042
D,7,D7,M12_3,M12_52,C,0.108,0.308,0.041
E,7,E7,M12_3,M12_53,C,0.048,0.074,0.042
F,7,F7,M12_3,M12_54,C,0.082,0.213,0.039
G,7,G7,M12_3,M12_55,C,0.091,0.256,0.041
H,7,H7,M12_3,M12_56,C,0.047,0.069,0.042
A,8,A8,M12_3,M12_57,C,0.065,0.136,0.044
B,8,B8,M12_3,M12_58,C,0.098,0.273,0.041
C,8,C8,M12_3,M12_59,C,0.049,0.076,0.042
D,8,D8,M12_3,M12_60,C,0.051,0.093,0.04
E,8,E8,M12_3,M12_61,C,0.045,0.063,0.04
F,8,F8,M12_3,M12_62,C,0.053,0.086,0.038
G,8,G8,M12_3,M12_63,C,0.065,0.141,0.039
H,8,H8,M12_3,M12_64,C,0.124,0.363,0.042
A,9,A9,M12_3,M12_65,C,0.148,0.463,0.044
B,9,B9,M12_3,M12_66,C,0.052,0.101,0.039
C,9,C9,M12_3,M12_67,C,0.052,0.094,0.04
D,9,D9,M12_3,M12_68,C,0.149,0.465,0.042
E,9,E9,M12_3,M12_69,C,0.154,0.507,0.039
F,9,F9,M12_3,M12_70,C,0.048,0.084,0.038
G,9,G9,M12_3,M12_71,C,0.045,0.07,0.039
H,9,H9,M12_3,M12_72,C,0.123,0.354,0.042
A,10,A10,M12_3,M12_73,C,0.054,0.089,0.041
B,10,B10,M12_3,M12_74,C,0.096,0.274,0.04
C,10,C10,M12_3,M12_75,C,0.17,0.541,0.041
D,10,D10,M12_3,M12_76,C,0.178,0.579,0.04
E,10,E10,M12_3,M12_77,C,0.046,0.077,0.038
F,10,F10,M12_3,M12_78,C,0.118,0.344,0.039
G,10,G10,M12_3,M12_79,C,0.055,0.114,0.039
H,10,H10,M12_3,M12_80,C,0.1,0.289,0.043
A,11,A11,M12_3,M12_81,C,0.116,0.337,0.041
B,11,B11,M12_3,M12_82,C,0.048,0.07,0.042
C,11,C11,M12_3,M12_83,C,0.119,0.347,0.039
D,11,D11,M12_3,M12_84,C,0.156,0.485,0.04
E,11,E11,M12_3,M12_85,C,0.077,0.199,0.039
F,11,F11,M12_3,M12_86,C,0.071,0.175,0.04
G,11,G11,M12_3,M12_87,C,0.129,0.393,0.038
H,11,H11,M12_3,M12_88,C,0.129,0.385,0.043
A,12,A12,M12_3,M12_89,C,0.049,0.08,0.041
B,12,B12,M12_3,M12_90,C,0.05,0.087,0.04
C,12,C12,M12_3,M12_91,C,0.068,0.164,0.039
D,12,D12,M12_3,M12_92,C,0.13,0.402,0.039
E,12,E12,M12_3,M12_93,C,0.146,0.46,0.037
F,12,F12,M12_3,M12_94,C,0.048,0.083,0.038
G,12,G12,M12_3,M12_95,C,0.127,0.385,0.04
H,12,H12,M12_3,M12_96,C,0.126,0.396,0.04
