Date,Time,Memory,Fo,Fm,Fv_Fm
8/10/2021,18:20:20,624,223,578,0.614
8/10/2021,18:20:29,625,220,557,0.605
8/10/2021,18:20:40,626,167,377,0.557
8/10/2021,18:20:41,627,153,15,NA
8/10/2021,18:20:43,628,0,0,NA
8/10/2021,18:21:27,629,157,401,0.608
8/10/2021,18:21:37,630,0,0,NA
8/10/2021,18:22:26,631,158,391,0.596
8/10/2021,18:22:35,632,311,654,0.524
8/10/2021,18:22:42,633,173,347,0.501
8/10/2021,18:22:49,634,164,400,0.59
8/10/2021,18:23:01,635,0,0,NA
8/10/2021,18:23:58,636,161,425,0.621
8/10/2021,18:24:14,637,86,181,0.525
8/10/2021,18:24:25,638,125,271,0.539
8/10/2021,18:24:44,639,149,358,0.584
8/10/2021,18:24:49,640,313,697,0.551
8/10/2021,18:25:06,641,0,0,NA
8/10/2021,18:25:33,642,209,471,0.556
8/10/2021,18:25:41,643,202,454,0.555
8/10/2021,18:25:50,644,189,387,0.512
8/10/2021,18:25:57,645,244,626,0.61
8/10/2021,18:26:18,646,11,11,NA
8/10/2021,18:26:54,647,173,410,0.578
8/10/2021,18:27:01,648,599,858,0.302
8/10/2021,18:27:10,649,211,272,0.224
8/10/2021,18:27:21,650,492,748,0.342
8/10/2021,18:27:27,651,221,301,0.266
8/10/2021,18:27:36,652,8,9,NA
8/10/2021,18:28:16,653,334,889,0.624
8/10/2021,18:28:28,654,265,649,0.592
8/10/2021,18:28:45,655,178,318,0.44
8/10/2021,18:28:51,656,335,583,0.425
8/10/2021,18:33:55,659,261,796,0.672
8/10/2021,18:34:19,660,236,608,0.612
8/10/2021,18:34:26,661,307,752,0.592
8/10/2021,18:34:33,662,269,647,0.584
8/10/2021,18:34:59,663,4,8,NA
8/10/2021,18:35:20,664,245,590,0.585
8/10/2021,18:35:28,665,274,716,0.617
8/10/2021,18:35:37,666,173,437,0.604
8/10/2021,18:35:46,667,280,757,0.63
8/10/2021,18:36:03,668,8,6,NA
8/10/2021,18:36:49,669,245,579,0.577
8/10/2021,18:36:56,670,227,450,0.496
8/10/2021,18:37:03,671,209,580,0.64
8/10/2021,18:37:10,672,197,533,0.63
8/10/2021,18:37:18,673,8,8,NA
8/10/2021,18:38:13,674,208,530,0.608
8/10/2021,18:38:35,675,142,336,0.577
8/10/2021,18:38:50,676,280,754,0.629
8/10/2021,18:39:00,677,247,659,0.625
8/10/2021,18:39:08,678,7,10,NA
8/10/2021,18:39:40,679,358,824,0.566
8/10/2021,18:39:49,680,128,283,0.548
8/10/2021,18:39:55,681,292,803,0.636
8/10/2021,18:40:01,682,226,584,0.613
8/10/2021,18:40:05,683,7,8,NA
8/10/2021,18:40:54,684,191,310,0.384
8/10/2021,18:41:01,685,341,848,0.598
8/10/2021,18:41:07,686,182,419,0.566
8/10/2021,18:41:13,687,218,490,0.555
8/10/2021,18:41:41,688,2,3,NA
8/10/2021,18:41:47,689,0,2,NA
8/10/2021,18:45:46,690,263,716,0.633
8/10/2021,18:45:55,691,276,734,0.624
8/10/2021,18:46:06,692,355,1075,0.67
8/10/2021,18:46:14,693,344,1078,0.681
8/10/2021,18:46:30,694,10,12,NA
8/10/2021,18:47:01,695,376,933,0.597
8/10/2021,18:47:13,696,371,1041,0.644
8/10/2021,18:47:32,697,353,1064,0.668
8/10/2021,18:47:40,698,285,981,0.709
8/10/2021,18:47:45,699,7,10,NA
8/10/2021,18:48:20,700,238,640,0.628
8/10/2021,18:48:32,701,317,910,0.652
8/10/2021,18:49:00,702,303,811,0.626
8/10/2021,18:49:07,703,175,459,0.619
8/10/2021,18:49:12,704,6,6,NA
8/10/2021,18:49:52,705,290,826,0.649
8/10/2021,18:50:00,706,287,781,0.633
8/10/2021,18:50:13,707,282,781,0.639
8/10/2021,18:50:24,708,244,642,0.62
8/10/2021,18:50:28,709,5,8,NA
8/10/2021,18:51:24,710,323,973,0.668
8/10/2021,18:51:37,711,329,975,0.663
8/10/2021,18:51:49,712,208,593,0.649
8/10/2021,18:52:05,713,206,545,0.622
8/10/2021,18:52:40,714,4,7,NA
8/10/2021,18:53:04,715,355,903,0.607
8/10/2021,18:53:11,716,370,1110,0.667
8/10/2021,18:53:23,717,231,611,0.622
8/10/2021,18:53:30,718,262,835,0.686
8/10/2021,18:57:11,719,0,0,NA
8/10/2021,18:57:15,720,0,0,NA
8/10/2021,19:01:03,721,207,251,0.175
8/10/2021,19:01:10,722,297,693,0.571
8/10/2021,19:01:19,723,140,386,0.637
8/10/2021,19:01:30,724,212,578,0.633
8/10/2021,19:01:51,725,12,13,NA
8/10/2021,19:02:22,726,243,737,0.67
8/10/2021,19:02:37,727,117,346,0.662
8/10/2021,19:03:08,728,311,930,0.666
8/10/2021,19:03:21,729,282,714,0.605
8/10/2021,19:03:28,730,154,479,0.678
8/10/2021,19:03:46,731,7,7,NA
8/10/2021,19:04:21,732,317,849,0.627
8/10/2021,19:04:31,733,173,442,0.609
8/10/2021,19:04:40,734,309,883,0.65
8/10/2021,19:04:45,735,271,741,0.634
8/10/2021,19:05:07,736,7,9,NA
8/10/2021,19:05:30,737,266,617,0.569
8/10/2021,19:05:36,738,276,702,0.607
8/10/2021,19:05:43,739,266,676,0.607
8/10/2021,19:05:49,740,75,166,0.548
8/10/2021,19:06:01,741,257,734,0.65
8/10/2021,19:06:11,742,18,21,NA
8/10/2021,19:06:44,743,288,738,0.61
8/10/2021,19:06:52,744,154,388,0.603
8/10/2021,19:07:01,745,245,781,0.686
8/10/2021,19:07:06,746,216,632,0.658
8/10/2021,19:07:21,747,16,16,NA
8/10/2021,19:08:03,748,384,1160,0.669
8/10/2021,19:08:10,749,388,1289,0.699
8/10/2021,19:08:18,750,318,795,0.6
8/10/2021,19:08:26,751,271,773,0.649
8/10/2021,19:13:29,752,0,0,NA
8/10/2021,19:13:36,753,0,0,NA
8/10/2021,20:37:55,754,31,31,NA
8/10/2021,20:38:25,755,355,746,0.524
8/10/2021,20:38:42,756,275,477,0.423
8/10/2021,20:38:50,757,319,635,0.498
8/10/2021,20:38:59,758,303,630,0.519
8/10/2021,20:39:10,759,14,14,NA
8/10/2021,20:40:24,760,185,394,0.53
8/10/2021,20:40:32,761,302,632,0.522
8/10/2021,20:40:42,762,282,589,0.521
8/10/2021,20:40:52,763,152,275,0.447
8/10/2021,20:40:59,764,10,11,NA
8/10/2021,20:41:17,765,213,442,0.518
8/10/2021,20:41:24,766,266,599,0.556
8/10/2021,20:41:34,767,335,761,0.56
8/10/2021,20:41:40,768,230,446,0.484
8/10/2021,20:41:50,769,14,13,NA
8/10/2021,20:42:27,770,210,426,0.507
8/10/2021,20:42:37,771,265,565,0.531
8/10/2021,20:42:46,772,188,374,0.497
8/10/2021,20:42:53,773,268,595,0.55
8/10/2021,20:43:05,774,12,12,NA
8/10/2021,20:43:25,775,309,701,0.559
8/10/2021,20:43:33,776,405,715,0.434
8/10/2021,20:43:42,777,549,807,0.32
8/10/2021,20:43:50,778,321,533,0.398
8/10/2021,20:43:56,779,12,15,NA
8/10/2021,20:44:30,780,360,749,0.519
8/10/2021,20:44:39,781,342,758,0.549
8/10/2021,20:44:49,782,348,762,0.543
8/10/2021,20:44:56,783,282,569,0.504
8/10/2021,20:45:14,784,14,14,NA
8/10/2021,20:45:18,785,14,15,NA
8/10/2021,20:47:06,786,375,900,0.583
8/10/2021,20:47:12,787,267,772,0.654
8/10/2021,20:47:20,788,112,233,0.519
8/10/2021,20:47:34,789,237,539,0.56
8/10/2021,20:47:47,790,255,522,0.511
8/10/2021,20:48:07,791,16,15,NA
8/10/2021,20:48:49,793,220,503,0.563
8/10/2021,20:48:56,794,151,414,0.635
8/10/2021,20:49:04,795,245,543,0.549
8/10/2021,20:49:16,796,377,828,0.545
8/10/2021,20:49:22,797,8,8,NA
8/10/2021,20:49:48,798,274,697,0.607
8/10/2021,20:49:55,799,283,708,0.6
8/10/2021,20:50:01,800,268,625,0.571
8/10/2021,20:50:09,801,203,428,0.526
8/10/2021,20:50:25,802,14,13,NA
8/10/2021,20:51:03,803,248,649,0.618
8/10/2021,20:51:14,804,249,596,0.582
8/10/2021,20:51:25,805,313,806,0.612
8/10/2021,20:51:32,806,267,644,0.585
8/10/2021,20:51:40,807,8,7,NA
8/10/2021,20:52:07,808,330,683,0.517
8/10/2021,20:52:18,809,386,840,0.54
8/10/2021,20:52:38,810,369,960,0.616
8/10/2021,20:52:45,811,374,919,0.593
8/10/2021,20:53:26,812,15,15,NA
8/10/2021,20:53:55,813,467,1089,0.571
8/10/2021,20:54:02,814,301,746,0.597
8/10/2021,20:54:08,815,277,601,0.539
8/10/2021,20:54:17,816,185,325,0.431
8/10/2021,20:54:55,817,0,0,NA
8/10/2021,20:55:02,818,0,1,NA
8/10/2021,20:56:07,819,159,381,0.583
8/10/2021,20:56:15,820,391,897,0.564
8/10/2021,20:56:25,821,261,707,0.631
8/10/2021,20:56:34,822,208,551,0.623
8/10/2021,20:56:40,823,12,14,NA
8/10/2021,20:57:49,824,444,1135,0.609
8/10/2021,20:58:10,825,407,987,0.588
8/10/2021,20:58:27,826,515,1397,0.631
8/10/2021,20:58:42,827,387,1019,0.62
8/10/2021,20:59:15,828,15,14,NA
8/10/2021,20:59:44,829,309,798,0.613
8/10/2021,20:59:53,830,352,910,0.613
8/10/2021,21:00:02,831,277,679,0.592
8/10/2021,21:00:10,832,170,394,0.569
8/10/2021,21:00:20,833,14,15,NA
8/10/2021,21:00:48,834,294,763,0.615
8/10/2021,21:00:54,835,322,791,0.593
8/10/2021,21:01:01,836,293,714,0.59
8/10/2021,21:01:18,837,290,718,0.596
8/10/2021,21:01:38,838,9,10,NA
8/10/2021,21:01:58,839,375,953,0.607
8/10/2021,21:02:06,840,223,520,0.571
8/10/2021,21:02:17,841,347,931,0.627
8/10/2021,21:02:26,842,349,893,0.609
8/10/2021,21:02:40,843,14,15,NA
8/10/2021,21:03:09,844,240,587,0.591
8/10/2021,21:03:17,845,365,925,0.605
8/10/2021,21:03:26,846,326,865,0.623
8/10/2021,21:03:35,847,223,596,0.626
8/10/2021,21:04:05,849,0,0,NA
8/10/2021,21:05:33,850,360,921,0.609
8/10/2021,21:05:40,851,413,997,0.586
8/10/2021,21:05:53,852,265,665,0.602
8/10/2021,21:06:02,853,223,516,0.568
8/10/2021,21:06:08,854,13,14,NA
8/10/2021,21:06:23,855,363,843,0.569
8/10/2021,21:06:50,856,345,788,0.562
8/10/2021,21:07:02,857,258,597,0.568
8/10/2021,21:07:18,858,216,499,0.567
8/10/2021,21:07:29,859,15,16,NA
8/10/2021,21:07:46,860,271,693,0.609
8/10/2021,21:07:55,861,276,695,0.603
8/10/2021,21:08:04,862,260,625,0.584
8/10/2021,21:08:20,863,246,562,0.562
8/10/2021,21:08:31,864,13,13,NA
8/10/2021,21:08:52,865,253,587,0.569
8/10/2021,21:09:04,866,307,740,0.585
8/10/2021,21:09:11,867,300,720,0.583
8/10/2021,21:09:21,868,252,590,0.573
8/10/2021,21:09:27,869,0,0,NA
8/10/2021,21:09:48,870,303,689,0.56
8/10/2021,21:10:00,871,368,940,0.609
8/10/2021,21:10:10,872,367,935,0.607
8/10/2021,21:10:18,873,209,484,0.568
8/10/2021,21:10:26,874,0,0,NA
8/10/2021,21:10:48,875,422,1124,0.625
8/10/2021,21:10:57,876,484,1288,0.624
8/10/2021,21:11:04,877,329,750,0.561
8/10/2021,21:11:29,878,380,1037,0.634
8/10/2021,21:12:02,879,0,0,NA
8/10/2021,21:12:05,880,0,0,NA
8/10/2021,21:12:08,881,0,0,NA
8/10/2021,22:34:08,882,347,736,0.529
8/10/2021,22:34:24,883,128,251,0.49
8/10/2021,22:34:32,884,309,569,0.457
8/10/2021,22:34:44,885,229,422,0.457
8/10/2021,22:34:48,886,1,13,NA
8/10/2021,22:35:44,887,281,612,0.541
8/10/2021,22:35:51,888,236,477,0.505
8/10/2021,22:36:02,889,243,484,0.498
8/10/2021,22:36:18,890,172,350,0.509
8/10/2021,22:36:25,891,0,3,NA
8/10/2021,22:36:43,892,223,477,0.532
8/10/2021,22:36:57,893,221,470,0.53
8/10/2021,22:37:06,894,252,577,0.563
8/10/2021,22:37:18,895,287,595,0.518
8/10/2021,22:37:24,896,12,14,NA
8/10/2021,22:38:00,897,238,523,0.545
8/10/2021,22:38:13,898,210,430,0.512
8/10/2021,22:38:23,899,277,606,0.543
8/10/2021,22:38:35,900,312,732,0.574
8/10/2021,22:38:53,901,15,16,NA
8/10/2021,22:39:25,902,194,182,NA
8/10/2021,22:39:42,903,337,819,0.589
8/10/2021,22:39:56,904,291,644,0.548
8/10/2021,22:40:04,905,489,798,0.387
8/10/2021,22:40:13,906,287,422,0.32
8/10/2021,22:40:18,907,12,14,NA
8/10/2021,22:40:46,908,386,861,0.552
8/10/2021,22:40:55,909,390,931,0.581
8/10/2021,22:41:05,910,266,510,0.478
8/10/2021,22:41:17,911,278,542,0.487
8/10/2021,22:41:26,912,9,14,NA
8/10/2021,22:41:34,913,13,14,NA
8/10/2021,22:44:01,914,241,582,0.586
8/10/2021,22:44:10,915,287,661,0.566
8/10/2021,22:44:32,916,287,649,0.558
8/10/2021,22:44:45,917,283,639,0.557
8/10/2021,22:44:53,918,15,16,NA
8/10/2021,22:45:36,919,263,610,0.569
8/10/2021,22:45:48,920,242,570,0.575
8/10/2021,22:46:00,921,377,882,0.573
8/10/2021,22:46:07,922,378,913,0.586
8/10/2021,22:46:14,923,12,11,NA
8/10/2021,22:47:04,924,307,707,0.566
8/10/2021,22:47:15,925,264,661,0.601
8/10/2021,22:47:26,926,81,373,0.783
8/10/2021,22:47:54,927,253,677,0.626
8/10/2021,22:48:04,928,277,678,0.591
8/10/2021,22:48:10,929,0,10,NA
8/10/2021,22:48:56,930,272,676,0.598
8/10/2021,22:49:03,931,241,585,0.588
8/10/2021,22:49:15,932,292,724,0.597
8/10/2021,22:49:22,933,281,705,0.601
8/10/2021,22:49:29,934,2,16,NA
8/10/2021,22:49:59,935,464,906,0.488
8/10/2021,22:50:07,936,431,906,0.524
8/10/2021,22:50:14,937,267,682,0.609
8/10/2021,22:50:24,938,408,1035,0.606
8/10/2021,22:50:33,939,9,13,NA
8/10/2021,22:51:06,940,456,1088,0.581
8/10/2021,22:51:13,941,386,1012,0.619
8/10/2021,22:51:28,942,428,928,0.539
8/10/2021,22:51:36,943,353,792,0.554
8/10/2021,22:52:01,944,0,0,NA
8/10/2021,22:52:03,945,0,0,NA
8/10/2021,22:53:44,946,363,911,0.602
8/10/2021,22:53:51,947,403,914,0.559
8/10/2021,22:53:57,948,399,1066,0.626
8/10/2021,22:54:06,949,321,826,0.611
8/10/2021,22:54:13,950,17,18,NA
8/10/2021,22:55:28,951,538,1349,0.601
8/10/2021,22:55:35,952,316,773,0.591
8/10/2021,22:55:48,953,282,640,0.559
8/10/2021,22:56:06,954,306,774,0.605
8/10/2021,22:56:13,955,15,15,NA
8/10/2021,22:56:37,956,354,879,0.597
8/10/2021,22:56:46,957,345,893,0.614
8/10/2021,22:56:54,958,257,641,0.599
8/10/2021,22:57:03,959,250,596,0.581
8/10/2021,22:57:08,960,15,16,NA
8/10/2021,22:58:00,961,354,926,0.618
8/10/2021,22:58:10,962,283,677,0.582
8/10/2021,22:58:23,963,272,671,0.595
8/10/2021,22:58:36,964,296,717,0.587
8/10/2021,22:58:44,965,0,14,NA
8/10/2021,22:59:13,966,324,804,0.597
8/10/2021,22:59:23,967,396,975,0.594
8/10/2021,22:59:32,968,394,979,0.598
8/10/2021,22:59:41,969,285,731,0.61
8/10/2021,22:59:51,970,15,18,NA
8/10/2021,23:00:46,971,384,1009,0.619
8/10/2021,23:00:57,972,422,1086,0.611
8/10/2021,23:01:06,973,298,739,0.597
8/10/2021,23:01:13,974,349,897,0.611
8/10/2021,23:01:20,975,13,14,NA
8/10/2021,23:01:22,976,11,13,NA
8/10/2021,23:02:57,977,388,993,0.609
8/10/2021,23:03:05,978,421,1033,0.592
8/10/2021,23:03:12,979,254,656,0.613
8/10/2021,23:03:24,980,330,795,0.585
8/10/2021,23:03:30,981,0,10,NA
8/10/2021,23:03:48,982,331,788,0.58
8/10/2021,23:04:05,983,314,768,0.591
8/10/2021,23:04:16,984,290,703,0.587
8/10/2021,23:04:23,985,323,806,0.599
8/10/2021,23:04:29,986,0,12,NA
8/10/2021,23:04:42,987,302,768,0.607
8/10/2021,23:04:48,988,263,649,0.595
8/10/2021,23:04:56,989,296,727,0.593
8/10/2021,23:05:03,990,254,625,0.594
8/10/2021,23:05:10,991,11,13,NA
8/10/2021,23:05:23,992,271,654,0.586
8/10/2021,23:05:31,993,303,716,0.577
8/10/2021,23:05:38,994,338,861,0.607
8/10/2021,23:05:49,995,290,696,0.583
8/10/2021,23:05:58,996,0,13,NA
8/10/2021,23:06:18,997,303,761,0.602
8/10/2021,23:06:25,998,358,917,0.61
8/10/2021,23:06:33,999,377,908,0.585
8/10/2021,23:06:44,1000,246,590,0.583
8/10/2021,23:06:49,1001,5,15,NA
8/10/2021,23:07:20,1002,480,1294,0.629
8/10/2021,23:07:27,1003,269,706,0.619
8/10/2021,23:07:38,1004,369,887,0.584
8/10/2021,23:08:01,1005,211,518,0.593
8/10/2021,23:08:21,1006,0,0,NA
8/10/2021,23:08:25,1007,0,0,NA
8/10/2021,23:08:27,1008,0,0,NA
8/17/2021,18:22:45,1012,15,14,NA
8/17/2021,18:23:19,1013,381,952,0.6
8/17/2021,18:23:26,1014,391,969,0.596
8/17/2021,18:23:33,1015,295,709,0.584
8/17/2021,18:23:40,1016,194,424,0.542
8/17/2021,18:23:53,1017,15,16,NA
8/17/2021,18:24:26,1018,264,604,0.563
8/17/2021,18:24:33,1019,255,602,0.576
8/17/2021,18:24:47,1020,327,802,0.592
8/17/2021,18:24:53,1021,338,903,0.626
8/17/2021,18:24:58,1022,15,16,NA
8/17/2021,18:26:20,1023,258,692,0.627
8/17/2021,18:26:27,1024,181,480,0.623
8/17/2021,18:26:33,1025,163,447,0.635
8/17/2021,18:26:43,1026,99,251,0.606
8/17/2021,18:26:51,1027,263,588,0.553
8/17/2021,18:27:13,1028,19,21,NA
8/17/2021,18:27:42,1029,293,806,0.636
8/17/2021,18:27:48,1030,263,706,0.627
8/17/2021,18:27:56,1031,316,839,0.623
8/17/2021,18:28:04,1032,314,788,0.602
8/17/2021,18:28:15,1033,14,16,NA
8/17/2021,18:28:42,1034,231,604,0.618
8/17/2021,18:28:48,1035,507,854,0.406
8/17/2021,18:28:56,1036,341,635,0.463
8/17/2021,18:29:04,1037,119,184,0.353
8/17/2021,18:29:21,1038,254,489,0.481
8/17/2021,18:29:36,1039,17,17,NA
8/17/2021,18:29:51,1040,284,592,0.52
8/17/2021,18:29:58,1041,436,880,0.505
8/17/2021,18:30:06,1042,291,789,0.631
8/17/2021,18:30:17,1043,265,764,0.653
8/17/2021,18:30:36,1044,16,17,NA
8/17/2021,18:30:42,1045,17,16,NA
8/17/2021,18:35:43,1046,250,642,0.611
8/17/2021,18:35:52,1047,179,442,0.595
8/17/2021,18:36:00,1048,265,704,0.624
8/17/2021,18:36:06,1049,334,929,0.64
8/17/2021,18:36:35,1050,22,22,NA
8/17/2021,18:36:54,1051,258,655,0.606
8/17/2021,18:37:06,1052,243,631,0.615
8/17/2021,18:37:17,1053,180,448,0.598
8/17/2021,18:37:25,1054,144,395,0.635
8/17/2021,18:37:36,1055,16,17,NA
8/17/2021,18:38:33,1056,189,475,0.602
8/17/2021,18:38:40,1057,249,667,0.627
8/17/2021,18:38:53,1058,177,488,0.637
8/17/2021,18:39:03,1059,170,377,0.549
8/17/2021,18:39:07,1060,11,11,NA
8/17/2021,18:40:06,1061,253,755,0.665
8/17/2021,18:40:15,1062,273,749,0.636
8/17/2021,18:41:12,1063,228,602,0.621
8/17/2021,18:41:22,1064,193,534,0.639
8/17/2021,18:41:28,1065,11,12,NA
8/17/2021,18:43:02,1066,242,553,0.562
8/17/2021,18:43:11,1067,257,137,NA
8/17/2021,18:43:27,1068,326,669,0.513
8/17/2021,18:43:36,1069,257,498,0.484
8/17/2021,18:43:44,1070,274,752,0.636
8/17/2021,18:43:49,1071,17,18,NA
8/17/2021,18:44:13,1072,273,730,0.626
8/17/2021,18:44:20,1073,312,798,0.609
8/17/2021,18:44:33,1074,154,427,0.639
8/17/2021,18:44:40,1075,359,1036,0.653
8/17/2021,18:45:17,1076,0,0,NA
8/17/2021,18:45:19,1077,0,0,NA
8/17/2021,18:46:41,1078,374,1178,0.683
8/17/2021,18:46:50,1079,343,1135,0.698
8/17/2021,18:46:58,1080,312,933,0.666
8/17/2021,18:47:04,1081,262,777,0.663
8/17/2021,18:47:08,1082,6,16,NA
8/17/2021,18:47:19,1083,281,824,0.659
8/17/2021,18:47:26,1084,265,814,0.674
8/17/2021,18:47:32,1085,310,908,0.659
8/17/2021,18:47:39,1086,330,983,0.664
8/17/2021,18:47:46,1087,16,16,NA
8/17/2021,18:48:01,1088,283,910,0.689
8/17/2021,18:48:08,1089,304,880,0.655
8/17/2021,18:48:16,1090,227,439,0.483
8/17/2021,18:48:30,1091,267,748,0.643
8/17/2021,18:48:39,1092,15,16,NA
8/17/2021,18:48:51,1093,313,929,0.663
8/17/2021,18:48:58,1094,219,646,0.661
8/17/2021,18:49:05,1095,300,919,0.674
8/17/2021,18:49:11,1096,280,802,0.651
8/17/2021,18:49:14,1097,8,12,NA
8/17/2021,18:49:32,1098,316,970,0.674
8/17/2021,18:49:38,1099,371,1232,0.699
8/17/2021,18:49:46,1100,341,1061,0.679
8/17/2021,18:49:54,1101,359,1089,0.67
8/17/2021,18:50:04,1102,22,25,NA
8/17/2021,18:50:16,1103,426,1427,0.701
8/17/2021,18:50:23,1104,445,1492,0.702
8/17/2021,18:50:29,1105,383,1272,0.699
8/17/2021,18:50:38,1106,193,590,0.673
8/17/2021,18:50:47,1107,354,1174,0.698
8/17/2021,18:51:39,1108,0,0,NA
8/17/2021,18:51:44,1109,0,0,NA
8/17/2021,18:57:29,1110,279,823,0.661
8/17/2021,18:57:45,1111,284,836,0.66
8/17/2021,18:58:04,1112,264,801,0.67
8/17/2021,18:58:19,1113,246,546,0.549
8/17/2021,18:58:33,1114,0,0,NA
8/17/2021,18:59:33,1115,344,1059,0.675
8/17/2021,18:59:42,1116,379,1173,0.677
8/17/2021,18:59:52,1117,384,1095,0.649
8/17/2021,19:00:01,1118,387,1088,0.644
8/17/2021,19:00:06,1119,0,0,NA
8/17/2021,19:00:59,1120,158,423,0.626
8/17/2021,19:01:10,1121,210,571,0.632
8/17/2021,19:01:21,1122,209,549,0.619
8/17/2021,19:01:32,1123,309,789,0.608
8/17/2021,19:01:42,1124,7,10,NA
8/17/2021,19:03:07,1125,315,966,0.674
8/17/2021,19:03:18,1126,250,708,0.647
8/17/2021,19:03:28,1127,296,797,0.629
8/17/2021,19:03:38,1128,230,665,0.654
8/17/2021,19:03:51,1129,0,0,NA
8/17/2021,19:05:10,1130,418,1273,0.672
8/17/2021,19:05:28,1131,351,1097,0.68
8/17/2021,19:05:50,1132,129,623,0.793
8/17/2021,19:06:11,1133,314,837,0.625
8/17/2021,19:06:20,1134,281,701,0.599
8/17/2021,19:06:31,1135,6,11,NA
8/17/2021,19:08:30,1136,344,1078,0.681
8/17/2021,19:08:37,1137,275,900,0.694
8/17/2021,19:08:46,1138,325,1044,0.689
8/17/2021,19:08:55,1139,336,953,0.647
8/17/2021,19:09:04,1140,10,11,NA
8/17/2021,19:09:07,1141,7,7,NA
8/17/2021,19:09:18,1142,6,8,NA
8/17/2021,20:54:31,1143,343,772,0.556
8/17/2021,20:54:38,1144,406,887,0.542
8/17/2021,20:54:45,1145,164,322,0.491
8/17/2021,20:54:51,1146,224,476,0.529
8/17/2021,20:55:01,1147,294,621,0.527
8/17/2021,20:55:15,1148,14,14,NA
8/17/2021,20:55:44,1149,277,595,0.534
8/17/2021,20:55:52,1150,325,674,0.518
8/17/2021,20:56:01,1151,195,284,0.313
8/17/2021,20:56:09,1152,258,596,0.567
8/17/2021,20:56:20,1153,373,797,0.532
8/17/2021,20:56:25,1154,16,16,NA
8/17/2021,20:57:10,1155,262,597,0.561
8/17/2021,20:57:16,1156,324,771,0.58
8/17/2021,20:57:23,1157,320,579,0.447
8/17/2021,20:57:37,1158,226,508,0.555
8/17/2021,20:57:50,1159,14,16,NA
8/17/2021,20:58:16,1160,357,865,0.587
8/17/2021,20:58:23,1161,250,711,0.648
8/17/2021,20:58:34,1162,371,858,0.568
8/17/2021,20:58:40,1163,224,477,0.53
8/17/2021,20:58:48,1164,7,8,NA
8/17/2021,20:59:21,1165,387,935,0.586
8/17/2021,20:59:26,1166,545,1027,0.469
8/17/2021,20:59:34,1167,373,697,0.465
8/17/2021,20:59:41,1168,369,595,0.38
8/17/2021,20:59:47,1169,0,2,NA
8/17/2021,21:00:50,1170,536,1256,0.573
8/17/2021,21:00:57,1171,436,831,0.475
8/17/2021,21:01:05,1172,366,909,0.597
8/17/2021,21:01:14,1173,294,714,0.588
8/17/2021,21:01:39,1174,8,6,NA
8/17/2021,21:01:43,1175,4,7,NA
8/17/2021,21:03:20,1176,266,641,0.585
8/17/2021,21:03:29,1177,266,605,0.56
8/17/2021,21:03:36,1178,276,653,0.577
8/17/2021,21:03:42,1179,315,749,0.579
8/17/2021,21:03:48,1180,0,1,NA
8/17/2021,21:04:16,1181,335,752,0.555
8/17/2021,21:04:21,1182,388,846,0.541
8/17/2021,21:04:27,1183,293,642,0.544
8/17/2021,21:04:35,1184,351,805,0.564
8/17/2021,21:04:41,1185,9,11,NA
8/17/2021,21:05:15,1186,261,570,0.542
8/17/2021,21:05:26,1187,298,691,0.569
8/17/2021,21:05:51,1188,324,820,0.605
8/17/2021,21:05:57,1189,300,698,0.57
8/17/2021,21:06:09,1190,8,9,NA
8/17/2021,21:06:43,1191,317,807,0.607
8/17/2021,21:06:49,1192,342,808,0.577
8/17/2021,21:06:57,1193,293,715,0.59
8/17/2021,21:07:04,1194,280,694,0.597
8/17/2021,21:07:12,1195,13,13,NA
8/17/2021,21:07:59,1196,287,781,0.633
8/17/2021,21:08:06,1197,300,794,0.622
8/17/2021,21:08:12,1198,303,806,0.624
8/17/2021,21:08:19,1199,295,776,0.62
8/17/2021,21:08:27,1200,16,17,NA
8/17/2021,21:08:50,1201,355,860,0.587
8/17/2021,21:09:01,1202,384,878,0.563
8/17/2021,21:09:07,1203,319,760,0.58
8/17/2021,21:09:14,1204,340,811,0.581
8/17/2021,21:09:43,1205,10,10,NA
8/17/2021,21:09:46,1206,8,11,NA
8/17/2021,21:11:14,1207,397,1049,0.622
8/17/2021,21:11:26,1208,370,1027,0.64
8/17/2021,21:11:44,1209,364,1026,0.645
8/17/2021,21:11:54,1210,364,1043,0.651
8/17/2021,21:12:00,1211,8,19,NA
8/17/2021,21:12:47,1212,365,914,0.601
8/17/2021,21:13:04,1213,257,655,0.608
8/17/2021,21:13:21,1214,303,778,0.611
8/17/2021,21:13:29,1215,320,778,0.589
8/17/2021,21:13:34,1216,13,16,NA
8/17/2021,21:13:56,1217,206,504,0.591
8/17/2021,21:14:02,1218,285,691,0.588
8/17/2021,21:14:12,1219,328,838,0.609
8/17/2021,21:14:19,1220,303,755,0.599
8/17/2021,21:14:26,1221,17,17,NA
8/17/2021,21:14:58,1222,288,695,0.586
8/17/2021,21:15:05,1223,286,729,0.608
8/17/2021,21:15:17,1224,345,861,0.599
8/17/2021,21:15:25,1225,342,834,0.59
8/17/2021,21:15:30,1226,0,0,NA
8/17/2021,21:16:05,1227,295,771,0.617
8/17/2021,21:16:15,1228,379,973,0.61
8/17/2021,21:16:22,1229,371,998,0.628
8/17/2021,21:16:32,1230,401,1062,0.622
8/17/2021,21:16:47,1231,4,12,NA
8/17/2021,21:17:19,1232,327,914,0.642
8/17/2021,21:17:43,1233,252,661,0.619
8/17/2021,21:17:58,1234,432,1238,0.651
8/17/2021,21:18:14,1235,0,2,NA
8/17/2021,21:18:18,1236,0,0,NA
8/17/2021,21:22:58,1237,228,580,0.607
8/17/2021,21:23:22,1238,253,665,0.62
8/17/2021,21:23:38,1239,243,630,0.614
8/17/2021,21:23:48,1240,261,638,0.591
8/17/2021,21:23:55,1241,16,15,NA
8/17/2021,21:24:17,1242,357,901,0.604
8/17/2021,21:24:25,1243,362,953,0.62
8/17/2021,21:24:33,1244,442,1225,0.639
8/17/2021,21:24:42,1245,336,824,0.592
8/17/2021,21:24:45,1246,6,16,NA
8/17/2021,21:25:05,1247,302,741,0.592
8/17/2021,21:25:14,1248,301,708,0.575
8/17/2021,21:25:23,1249,296,701,0.578
8/17/2021,21:25:41,1250,287,678,0.577
8/17/2021,21:25:46,1251,10,8,NA
8/17/2021,21:26:07,1252,46,79,0.418
8/17/2021,21:26:14,1253,293,744,0.606
8/17/2021,21:26:31,1254,308,784,0.607
8/17/2021,21:26:41,1255,299,718,0.584
8/17/2021,21:26:58,1256,366,913,0.599
8/17/2021,21:27:20,1257,11,13,NA
8/17/2021,21:28:01,1258,417,1176,0.645
8/17/2021,21:28:08,1259,404,1068,0.622
8/17/2021,21:28:18,1260,366,900,0.593
8/17/2021,21:28:41,1261,186,602,0.691
8/17/2021,21:28:50,1262,312,939,0.668
8/17/2021,21:29:22,1263,179,461,0.612
8/17/2021,21:29:36,1264,374,1148,0.674
8/17/2021,21:29:44,1265,437,1264,0.654
8/17/2021,21:29:54,1266,367,1005,0.635
8/17/2021,21:30:07,1267,314,758,0.586
8/17/2021,21:30:21,1268,310,833,0.628
8/17/2021,21:30:42,1269,266,659,0.596
8/17/2021,21:32:14,1270,0,0,NA
8/17/2021,21:32:17,1271,0,0,NA
8/17/2021,21:32:19,1272,0,0,NA
8/17/2021,22:19:12,1273,312,704,0.557
8/17/2021,22:19:19,1274,404,844,0.521
8/17/2021,22:19:25,1275,289,607,0.524
8/17/2021,22:19:32,1276,270,520,0.481
8/17/2021,22:19:36,1277,10,12,NA
8/17/2021,22:20:07,1278,219,463,0.527
8/17/2021,22:20:12,1279,232,480,0.517
8/17/2021,22:20:22,1280,274,586,0.532
8/17/2021,22:20:28,1281,330,709,0.535
8/17/2021,22:20:32,1282,11,12,NA
8/17/2021,22:20:56,1283,211,532,0.603
8/17/2021,22:21:03,1284,281,660,0.574
8/17/2021,22:21:11,1285,252,587,0.571
8/17/2021,22:21:40,1286,214,497,0.569
8/17/2021,22:21:56,1287,15,16,NA
8/17/2021,22:22:36,1288,220,504,0.563
8/17/2021,22:22:42,1289,289,667,0.567
8/17/2021,22:22:48,1290,345,812,0.575
8/17/2021,22:22:55,1291,331,774,0.572
8/17/2021,22:22:59,1292,6,9,NA
8/17/2021,22:23:20,1293,246,598,0.589
8/17/2021,22:23:26,1294,541,965,0.439
8/17/2021,22:23:32,1295,346,651,0.469
8/17/2021,22:23:38,1296,361,645,0.44
8/17/2021,22:23:43,1297,7,12,NA
8/17/2021,22:24:14,1298,377,845,0.554
8/17/2021,22:24:23,1299,372,727,0.488
8/17/2021,22:24:31,1300,294,781,0.624
8/17/2021,22:24:38,1301,321,785,0.591
8/17/2021,22:24:56,1302,0,0,NA
8/17/2021,22:24:59,1303,0,2,NA
8/17/2021,22:26:20,1304,215,502,0.572
8/17/2021,22:26:37,1305,260,609,0.573
8/17/2021,22:26:50,1306,128,297,0.569
8/17/2021,22:27:01,1307,182,456,0.601
8/17/2021,22:27:14,1308,283,760,0.628
8/17/2021,22:27:23,1309,237,493,0.519
8/17/2021,22:27:30,1310,7,12,NA
8/17/2021,22:27:48,1311,285,617,0.538
8/17/2021,22:27:54,1312,237,477,0.503
8/17/2021,22:28:00,1313,259,581,0.554
8/17/2021,22:28:09,1314,63,73,0.137
8/17/2021,22:28:21,1315,203,497,0.592
8/17/2021,22:28:26,1316,13,14,NA
8/17/2021,22:28:46,1317,233,530,0.56
8/17/2021,22:28:56,1318,225,521,0.568
8/17/2021,22:29:00,1319,258,601,0.571
8/17/2021,22:29:07,1320,233,556,0.581
8/17/2021,22:29:13,1321,11,13,NA
8/17/2021,22:29:45,1322,282,713,0.604
8/17/2021,22:29:52,1323,272,698,0.61
8/17/2021,22:31:56,1324,220,515,0.573
8/17/2021,22:32:03,1325,249,613,0.594
8/17/2021,22:32:09,1326,14,22,NA
8/17/2021,22:32:39,1327,358,822,0.564
8/17/2021,22:32:47,1328,387,890,0.565
8/17/2021,22:32:54,1329,448,841,0.467
8/17/2021,22:33:01,1330,339,851,0.602
8/17/2021,22:33:06,1331,13,13,NA
8/17/2021,22:33:29,1332,353,809,0.564
8/17/2021,22:33:36,1333,321,737,0.564
8/17/2021,22:33:42,1334,316,796,0.603
8/17/2021,22:33:52,1335,353,843,0.581
8/17/2021,22:34:00,1336,6,6,NA
8/17/2021,22:34:03,1337,7,8,NA
8/17/2021,22:35:11,1338,378,983,0.615
8/17/2021,22:35:19,1339,362,945,0.617
8/17/2021,22:35:27,1340,355,878,0.596
8/17/2021,22:35:35,1341,370,969,0.618
8/17/2021,22:35:42,1342,12,13,NA
8/17/2021,22:36:06,1343,339,846,0.599
8/17/2021,22:36:14,1344,359,899,0.601
8/17/2021,22:36:21,1345,266,667,0.601
8/17/2021,22:36:36,1346,362,910,0.602
8/17/2021,22:37:34,1347,13,13,NA
8/17/2021,22:37:50,1348,253,485,0.478
8/17/2021,22:37:57,1349,226,551,0.59
8/17/2021,22:38:05,1350,324,812,0.601
8/17/2021,22:38:15,1351,275,676,0.593
8/17/2021,22:38:21,1352,12,11,NA
8/17/2021,22:38:43,1353,328,802,0.591
8/17/2021,22:38:51,1354,273,677,0.597
8/17/2021,22:38:58,1355,328,820,0.6
8/17/2021,22:39:06,1356,313,722,0.566
8/17/2021,22:39:16,1357,7,13,NA
8/17/2021,22:39:36,1358,292,825,0.646
8/17/2021,22:39:43,1359,368,931,0.605
8/17/2021,22:39:53,1360,244,546,0.553
8/17/2021,22:40:03,1361,356,943,0.622
8/17/2021,22:40:23,1362,14,15,NA
8/17/2021,22:40:48,1363,314,876,0.642
8/17/2021,22:40:54,1364,431,1175,0.633
8/17/2021,22:41:00,1365,219,619,0.646
8/17/2021,22:41:07,1366,359,999,0.641
8/17/2021,22:41:17,1367,0,0,NA
8/17/2021,22:42:26,1368,225,555,0.595
8/17/2021,22:42:45,1369,206,443,0.535
8/17/2021,22:42:55,1370,276,672,0.589
8/17/2021,22:43:05,1371,395,1011,0.609
8/17/2021,22:43:09,1372,15,16,NA
8/17/2021,22:43:26,1373,351,927,0.621
8/17/2021,22:43:33,1374,318,828,0.616
8/17/2021,22:43:43,1375,237,595,0.602
8/17/2021,22:43:55,1376,394,1038,0.62
8/17/2021,22:43:58,1377,0,0,NA
8/17/2021,22:44:24,1378,237,562,0.578
8/17/2021,22:44:32,1379,257,612,0.58
8/17/2021,22:44:45,1380,299,744,0.598
8/17/2021,22:44:53,1381,300,699,0.571
8/17/2021,22:44:57,1382,1,0,NA
8/17/2021,22:45:32,1383,265,651,0.593
8/17/2021,22:45:39,1384,239,576,0.585
8/17/2021,22:45:45,1385,288,709,0.594
8/17/2021,22:45:53,1386,319,816,0.609
8/17/2021,22:45:59,1387,1,0,NA
8/17/2021,22:46:24,1388,365,970,0.624
8/17/2021,22:46:34,1389,394,980,0.598
8/17/2021,22:46:41,1390,277,681,0.593
8/17/2021,22:46:48,1391,365,938,0.611
8/17/2021,22:46:53,1392,0,1,NA
8/17/2021,22:47:16,1393,244,684,0.643
8/17/2021,22:47:24,1394,354,1063,0.667
8/17/2021,22:47:32,1395,282,716,0.606
8/17/2021,22:47:40,1396,285,748,0.619
8/17/2021,22:47:55,1397,0,0,NA
8/17/2021,22:47:57,1398,0,0,NA
8/17/2021,22:47:59,1399,0,0,NA
8/30/2021,18:53:00,1400,182,331,0.45
8/30/2021,18:53:13,1401,348,813,0.572
8/30/2021,18:53:23,1402,334,808,0.587
8/30/2021,18:53:31,1403,221,483,0.542
8/30/2021,18:53:43,1404,14,15,NA
8/30/2021,18:54:00,1405,274,684,0.599
8/30/2021,18:54:13,1406,295,575,0.487
8/30/2021,18:55:02,1407,294,684,0.57
8/30/2021,18:55:22,1408,229,525,0.564
8/30/2021,18:55:30,1409,4,6,NA
8/30/2021,18:56:07,1410,330,854,0.614
8/30/2021,18:56:14,1411,313,796,0.607
8/30/2021,18:56:20,1412,261,676,0.614
8/30/2021,18:56:28,1413,301,740,0.593
8/30/2021,18:56:35,1414,2,5,NA
8/30/2021,18:57:11,1415,222,577,0.615
8/30/2021,18:57:21,1416,328,847,0.613
8/30/2021,18:57:37,1417,308,775,0.603
8/30/2021,18:57:48,1418,227,563,0.597
8/30/2021,18:57:57,1419,4,3,NA
8/30/2021,18:58:17,1420,622,1030,0.396
8/30/2021,18:58:25,1421,494,855,0.422
8/30/2021,18:58:32,1422,579,980,0.409
8/30/2021,18:58:43,1423,641,1107,0.421
8/30/2021,18:58:49,1424,4,4,NA
8/30/2021,18:59:06,1425,409,709,0.423
8/30/2021,18:59:18,1426,476,873,0.455
8/30/2021,18:59:32,1427,459,789,0.418
8/30/2021,19:00:39,1428,327,935,0.65
8/30/2021,19:00:52,1429,295,859,0.657
8/30/2021,19:01:03,1430,2,4,NA
8/30/2021,19:01:07,1431,1,4,NA
8/30/2021,19:03:57,1432,316,817,0.613
8/30/2021,19:04:08,1433,185,448,0.587
8/30/2021,19:04:18,1434,278,660,0.579
8/30/2021,19:04:33,1435,294,716,0.589
8/30/2021,19:04:44,1436,3,2,NA
8/30/2021,19:05:10,1437,404,981,0.588
8/30/2021,19:05:18,1438,369,890,0.585
8/30/2021,19:05:30,1439,393,968,0.594
8/30/2021,19:05:44,1440,398,979,0.593
8/30/2021,19:05:50,1441,3,4,NA
8/30/2021,19:06:10,1442,282,682,0.587
8/30/2021,19:06:17,1443,189,466,0.594
8/30/2021,19:06:23,1444,206,473,0.564
8/30/2021,19:06:32,1445,364,903,0.597
8/30/2021,19:06:37,1446,2,5,NA
8/30/2021,19:07:42,1447,283,726,0.61
8/30/2021,19:07:53,1448,330,825,0.6
8/30/2021,19:08:02,1449,212,480,0.558
8/30/2021,19:08:25,1450,295,718,0.589
8/30/2021,19:08:32,1451,0,2,NA
8/30/2021,19:09:09,1452,485,956,0.493
8/30/2021,19:09:18,1453,542,1131,0.521
8/30/2021,19:09:28,1454,231,578,0.6
8/30/2021,19:09:38,1455,385,1063,0.638
8/30/2021,19:09:43,1456,1,3,NA
8/30/2021,19:10:16,1457,319,841,0.621
8/30/2021,19:10:49,1458,368,969,0.62
8/30/2021,19:10:56,1459,570,1038,0.451
8/30/2021,19:11:04,1460,422,888,0.525
8/30/2021,19:11:16,1461,2,2,NA
8/30/2021,19:11:18,1462,1,1,NA
8/30/2021,19:13:45,1464,378,1055,0.642
8/30/2021,19:13:55,1465,340,990,0.657
8/30/2021,19:14:02,1466,300,851,0.647
8/30/2021,19:14:11,1467,398,1156,0.656
8/30/2021,19:14:16,1468,31,30,NA
8/30/2021,19:14:38,1469,435,1236,0.648
8/30/2021,19:14:47,1470,432,1268,0.659
8/30/2021,19:14:55,1471,407,1149,0.646
8/30/2021,19:15:05,1472,320,833,0.616
8/30/2021,19:15:20,1473,22,23,NA
8/30/2021,19:15:46,1474,294,795,0.63
8/30/2021,19:15:52,1475,354,939,0.623
8/30/2021,19:16:02,1476,313,820,0.618
8/30/2021,19:16:13,1477,307,839,0.634
8/30/2021,19:16:25,1478,28,30,NA
8/30/2021,19:17:00,1479,304,857,0.645
8/30/2021,19:17:09,1480,365,1049,0.652
8/30/2021,19:17:15,1481,359,1042,0.655
8/30/2021,19:17:22,1482,326,929,0.649
8/30/2021,19:17:35,1483,31,33,NA
8/30/2021,19:18:07,1484,373,1000,0.627
8/30/2021,19:18:13,1485,444,1270,0.65
8/30/2021,19:18:19,1486,476,1390,0.658
8/30/2021,19:18:32,1487,294,861,0.659
8/30/2021,19:18:39,1488,19,20,NA
8/30/2021,19:19:09,1489,443,1306,0.661
8/30/2021,19:19:16,1490,310,934,0.668
8/30/2021,19:19:24,1491,236,672,0.649
8/30/2021,19:19:48,1492,403,1063,0.621
8/30/2021,19:20:08,1493,41,48,NA
8/30/2021,19:20:11,1494,48,51,0.059
8/30/2021,19:24:01,1495,237,685,0.654
8/30/2021,19:24:10,1496,444,1292,0.656
8/30/2021,19:24:19,1497,326,852,0.617
8/30/2021,19:24:31,1498,241,668,0.639
8/30/2021,19:24:48,1499,15,15,NA
8/30/2021,19:25:19,1500,164,475,0.655
8/30/2021,19:25:26,1501,366,1015,0.639
8/30/2021,19:25:33,1502,415,1103,0.624
8/30/2021,19:25:46,1503,299,817,0.634
8/30/2021,19:25:57,1504,20,18,NA
8/30/2021,19:26:23,1505,304,840,0.638
8/30/2021,19:26:30,1506,311,839,0.629
8/30/2021,19:26:38,1507,222,611,0.637
8/30/2021,19:26:48,1508,337,886,0.62
8/30/2021,19:26:54,1509,32,35,NA
8/30/2021,19:27:14,1510,288,705,0.591
8/30/2021,19:27:24,1511,419,1045,0.599
8/30/2021,19:27:40,1512,347,993,0.651
8/30/2021,19:27:48,1513,253,694,0.635
8/30/2021,19:27:54,1514,0,2,NA
8/30/2021,19:28:18,1515,307,888,0.654
8/30/2021,19:28:28,1516,432,1193,0.638
8/30/2021,19:28:34,1517,341,875,0.61
8/30/2021,19:28:41,1518,449,1174,0.618
8/30/2021,19:28:49,1519,1,2,NA
8/30/2021,19:29:16,1520,334,1066,0.687
8/30/2021,19:29:26,1521,248,717,0.654
8/30/2021,19:29:34,1522,207,602,0.656
8/30/2021,19:29:41,1523,423,1192,0.645
8/30/2021,19:29:50,1524,2,3,NA
8/30/2021,19:29:53,1525,2,3,NA
8/30/2021,19:29:56,1526,2,2,NA
8/30/2021,20:36:58,1527,379,846,0.552
8/30/2021,20:37:06,1528,386,842,0.542
8/30/2021,20:37:14,1529,226,431,0.476
8/30/2021,20:37:24,1530,243,515,0.528
8/30/2021,20:37:30,1531,1,2,NA
8/30/2021,20:38:08,1532,293,625,0.531
8/30/2021,20:38:16,1533,338,757,0.554
8/30/2021,20:38:22,1534,225,477,0.528
8/30/2021,20:38:37,1535,159,345,0.539
8/30/2021,20:38:43,1536,1,1,NA
8/30/2021,20:39:09,1537,428,871,0.509
8/30/2021,20:39:19,1538,344,797,0.568
8/30/2021,20:39:41,1539,310,683,0.546
8/30/2021,20:39:51,1540,249,540,0.539
8/30/2021,20:39:55,1541,3,3,NA
8/30/2021,20:40:27,1542,238,516,0.539
8/30/2021,20:40:35,1543,297,660,0.55
8/30/2021,20:40:47,1544,273,618,0.558
8/30/2021,20:40:57,1545,185,372,0.503
8/30/2021,20:41:02,1546,1,2,NA
8/30/2021,20:41:24,1547,527,884,0.404
8/30/2021,20:41:33,1548,492,768,0.359
8/30/2021,20:41:41,1549,652,1076,0.394
8/30/2021,20:41:55,1550,434,681,0.363
8/30/2021,20:42:03,1551,1,2,NA
8/30/2021,20:42:28,1552,417,774,0.461
8/30/2021,20:42:46,1553,216,318,0.321
8/30/2021,20:42:54,1554,385,950,0.595
8/30/2021,20:43:04,1555,305,750,0.593
8/30/2021,20:43:09,1556,5,3,NA
8/30/2021,20:43:12,1557,1,3,NA
8/30/2021,20:45:29,1558,98,217,0.548
8/30/2021,20:45:47,1559,175,411,0.574
8/30/2021,20:46:04,1560,315,745,0.577
8/30/2021,20:46:12,1561,273,624,0.563
8/30/2021,20:46:19,1562,286,619,0.538
8/30/2021,20:46:26,1563,3,2,NA
8/30/2021,20:46:51,1564,355,857,0.586
8/30/2021,20:47:02,1565,383,846,0.547
8/30/2021,20:47:10,1566,391,887,0.559
8/30/2021,20:47:18,1567,390,922,0.577
8/30/2021,20:47:21,1568,30,31,NA
8/30/2021,20:48:01,1569,290,706,0.589
8/30/2021,20:48:12,1570,217,506,0.571
8/30/2021,20:48:24,1571,315,775,0.594
8/30/2021,20:48:35,1572,300,722,0.584
8/30/2021,20:48:41,1573,12,20,NA
8/30/2021,20:49:03,1574,287,840,0.658
8/30/2021,20:49:09,1575,330,810,0.593
8/30/2021,20:49:19,1576,241,570,0.577
8/30/2021,20:49:27,1577,427,800,0.466
8/30/2021,20:49:32,1578,30,33,NA
8/30/2021,20:50:00,1579,367,761,0.518
8/30/2021,20:50:09,1580,469,959,0.511
8/30/2021,20:50:49,1581,333,858,0.612
8/30/2021,20:51:02,1582,338,858,0.606
8/30/2021,20:51:08,1583,3,2,NA
8/30/2021,20:51:46,1584,241,625,0.614
8/30/2021,20:51:53,1585,430,1091,0.606
8/30/2021,20:52:03,1586,388,825,0.53
8/30/2021,20:52:15,1587,497,1085,0.542
8/30/2021,20:52:33,1588,3,2,NA
8/30/2021,20:52:38,1589,2,2,NA
8/30/2021,20:53:50,1590,448,1212,0.63
8/30/2021,20:54:00,1591,350,926,0.622
8/30/2021,20:54:07,1592,453,1339,0.662
8/30/2021,20:54:16,1593,402,1059,0.62
8/30/2021,20:54:25,1594,33,36,NA
8/30/2021,20:54:47,1595,359,1015,0.646
8/30/2021,20:55:07,1596,446,1221,0.635
8/30/2021,20:55:15,1597,356,924,0.615
8/30/2021,20:55:37,1598,338,915,0.631
8/30/2021,20:55:47,1599,1,3,NA
8/30/2021,20:56:18,1600,317,771,0.589
8/30/2021,20:56:26,1601,205,483,0.576
8/30/2021,20:56:33,1602,458,1176,0.611
8/30/2021,20:56:42,1603,250,695,0.64
8/30/2021,20:56:52,1604,29,27,NA
8/30/2021,20:57:09,1605,405,1110,0.635
8/30/2021,20:57:17,1606,393,1053,0.627
8/30/2021,20:57:23,1607,273,703,0.612
8/30/2021,20:57:34,1608,356,985,0.639
8/30/2021,20:57:45,1609,34,35,NA
8/30/2021,20:58:01,1610,420,1113,0.623
8/30/2021,20:58:10,1611,270,746,0.638
8/30/2021,20:58:20,1612,436,1192,0.634
8/30/2021,20:58:31,1613,307,566,0.458
8/30/2021,20:58:55,1614,453,1330,0.659
8/30/2021,20:59:26,1615,504,1353,0.627
8/30/2021,20:59:33,1616,258,495,0.479
8/30/2021,20:59:42,1617,470,1385,0.661
8/30/2021,21:00:53,1618,339,933,0.637
8/30/2021,21:01:05,1619,504,1393,0.638
8/30/2021,21:01:17,1620,14,15,NA
8/30/2021,21:01:19,1621,14,13,NA
8/30/2021,21:05:01,1622,399,1151,0.653
8/30/2021,21:05:10,1623,401,1054,0.62
8/30/2021,21:05:18,1624,496,1256,0.605
8/30/2021,21:05:27,1625,483,1336,0.638
8/30/2021,21:05:33,1626,4,3,NA
8/30/2021,21:05:52,1627,361,969,0.627
8/30/2021,21:06:03,1628,290,750,0.613
8/30/2021,21:06:11,1629,271,648,0.582
8/30/2021,21:06:24,1630,260,633,0.589
8/30/2021,21:06:35,1631,4,4,NA
8/30/2021,21:06:48,1632,332,872,0.619
8/30/2021,21:06:55,1633,319,807,0.605
8/30/2021,21:07:22,1634,218,548,0.602
8/30/2021,21:07:30,1635,368,926,0.603
8/30/2021,21:07:38,1636,21,21,NA
8/30/2021,21:08:09,1637,275,795,0.654
8/30/2021,21:08:21,1638,362,964,0.624
8/30/2021,21:08:30,1639,395,1083,0.635
8/30/2021,21:08:39,1640,294,762,0.614
8/30/2021,21:08:44,1641,3,2,NA
8/30/2021,21:09:02,1642,309,891,0.653
8/30/2021,21:09:13,1643,257,664,0.613
8/30/2021,21:09:23,1644,358,871,0.589
8/30/2021,21:09:31,1645,426,1113,0.617
8/30/2021,21:09:38,1646,1,4,NA
8/30/2021,21:10:28,1647,439,1243,0.647
8/30/2021,21:10:35,1648,365,1031,0.646
8/30/2021,21:10:44,1649,406,1175,0.654
8/30/2021,21:10:54,1650,311,799,0.611
8/30/2021,21:11:07,1651,0,2,NA
8/30/2021,21:11:09,1652,1,2,NA
8/30/2021,21:11:12,1653,0,1,NA
8/30/2021,22:22:20,1654,330,685,0.518
8/30/2021,22:22:30,1655,339,784,0.568
8/30/2021,22:22:39,1656,238,434,0.452
8/30/2021,22:22:49,1657,270,533,0.493
8/30/2021,22:22:55,1658,3,2,NA
8/30/2021,22:23:12,1659,266,528,0.496
8/30/2021,22:23:20,1660,372,748,0.503
8/30/2021,22:23:26,1661,295,603,0.511
8/30/2021,22:23:49,1662,159,334,0.524
8/30/2021,22:23:57,1663,3,4,NA
8/30/2021,22:24:17,1664,212,481,0.559
8/30/2021,22:24:26,1665,338,774,0.563
8/30/2021,22:24:33,1666,344,806,0.573
8/30/2021,22:24:42,1667,195,422,0.538
8/30/2021,22:24:50,1668,1,2,NA
8/30/2021,22:25:03,1669,326,699,0.534
8/30/2021,22:25:09,1670,334,717,0.534
8/30/2021,22:25:15,1671,351,742,0.527
8/30/2021,22:25:44,1672,228,487,0.532
8/30/2021,22:25:57,1673,28,28,NA
8/30/2021,22:26:14,1674,312,571,0.454
8/30/2021,22:26:57,1675,236,477,0.505
8/30/2021,22:27:08,1676,305,706,0.568
8/30/2021,22:27:20,1677,256,572,0.552
8/30/2021,22:27:40,1678,24,22,NA
8/30/2021,22:27:57,1679,437,766,0.43
8/30/2021,22:28:06,1680,326,516,0.368
8/30/2021,22:28:13,1681,641,1079,0.406
8/30/2021,22:28:21,1682,282,497,0.433
8/30/2021,22:28:35,1683,26,31,NA
8/30/2021,22:28:37,1684,24,25,NA
8/30/2021,22:31:33,1685,281,673,0.582
8/30/2021,22:31:45,1686,229,506,0.547
8/30/2021,22:31:56,1687,189,385,0.509
8/30/2021,22:32:07,1688,144,319,0.549
8/30/2021,22:32:20,1689,20,21,NA
8/30/2021,22:32:45,1690,334,771,0.567
8/30/2021,22:33:00,1691,403,798,0.495
8/30/2021,22:33:09,1692,346,853,0.594
8/30/2021,22:33:23,1693,297,733,0.595
8/30/2021,22:33:29,1694,22,23,NA
8/30/2021,22:33:46,1695,349,878,0.603
8/30/2021,22:33:53,1696,311,760,0.591
8/30/2021,22:34:01,1697,189,352,0.463
8/30/2021,22:34:11,1698,302,826,0.634
8/30/2021,22:34:27,1699,323,778,0.585
8/30/2021,22:34:38,1700,26,28,NA
8/30/2021,22:35:30,1701,297,752,0.605
8/30/2021,22:35:37,1702,418,959,0.564
8/30/2021,22:35:45,1703,341,792,0.569
8/30/2021,22:35:54,1704,290,701,0.586
8/30/2021,22:36:09,1705,27,30,NA
8/30/2021,22:36:28,1706,392,837,0.532
8/30/2021,22:36:40,1707,441,910,0.515
8/30/2021,22:36:47,1708,265,761,0.652
8/30/2021,22:36:57,1709,406,1053,0.614
8/30/2021,22:37:03,1710,28,33,NA
8/30/2021,22:37:20,1711,385,971,0.604
8/30/2021,22:37:27,1712,343,840,0.592
8/30/2021,22:37:35,1713,496,961,0.484
8/30/2021,22:37:50,1714,245,562,0.564
8/30/2021,22:38:01,1715,362,848,0.573
8/30/2021,22:38:20,1716,3,2,NA
8/30/2021,22:38:22,1717,1,1,NA
8/30/2021,22:40:59,1718,375,1058,0.646
8/30/2021,22:41:08,1719,339,794,0.573
8/30/2021,22:41:21,1720,380,1006,0.622
8/30/2021,22:41:33,1721,295,802,0.632
8/30/2021,22:41:42,1722,26,30,NA
8/30/2021,22:42:15,1723,499,1390,0.641
8/30/2021,22:42:25,1724,391,1090,0.641
8/30/2021,22:42:32,1725,398,1046,0.62
8/30/2021,22:42:42,1726,357,944,0.622
8/30/2021,22:42:49,1727,46,45,NA
8/30/2021,22:43:12,1728,326,834,0.609
8/30/2021,22:43:20,1729,341,893,0.618
8/30/2021,22:43:28,1730,273,704,0.612
8/30/2021,22:43:41,1731,263,669,0.607
8/30/2021,22:43:47,1732,46,48,NA
8/30/2021,22:44:02,1733,348,929,0.625
8/30/2021,22:44:12,1734,364,1026,0.645
8/30/2021,22:44:19,1735,324,919,0.647
8/30/2021,22:44:28,1736,173,404,0.572
8/30/2021,22:44:41,1737,378,1034,0.634
8/30/2021,22:45:30,1738,38,37,NA
8/30/2021,22:45:44,1739,351,918,0.618
8/30/2021,22:45:52,1740,375,1043,0.64
8/30/2021,22:46:01,1741,418,1126,0.629
8/30/2021,22:46:08,1742,419,1216,0.655
8/30/2021,22:46:27,1743,41,44,NA
8/30/2021,22:46:38,1744,348,945,0.632
8/30/2021,22:46:45,1745,247,681,0.637
8/30/2021,22:46:51,1746,437,1192,0.633
8/30/2021,22:47:00,1747,327,887,0.631
8/30/2021,22:47:08,1748,2,2,NA
8/30/2021,22:47:10,1749,1,3,NA
8/30/2021,22:50:48,1750,395,1078,0.634
8/30/2021,22:51:03,1751,468,1275,0.633
8/30/2021,22:51:11,1752,393,1020,0.615
8/30/2021,22:51:22,1753,458,1221,0.625
8/30/2021,22:51:30,1754,35,36,NA
8/30/2021,22:51:48,1755,306,801,0.618
8/30/2021,22:51:55,1756,288,717,0.598
8/30/2021,22:52:03,1757,409,1025,0.601
8/30/2021,22:52:11,1758,298,750,0.603
8/30/2021,22:52:17,1759,29,30,NA
8/30/2021,22:52:39,1760,290,768,0.622
8/30/2021,22:52:46,1761,346,851,0.593
8/30/2021,22:52:53,1762,323,857,0.623
8/30/2021,22:53:01,1763,403,938,0.57
8/30/2021,22:53:16,1764,36,36,NA
8/30/2021,22:53:34,1765,427,973,0.561
8/30/2021,22:53:41,1766,407,1144,0.644
8/30/2021,22:53:48,1767,325,1036,0.686
8/30/2021,22:53:55,1768,258,642,0.598
8/30/2021,22:54:05,1769,3,29,NA
8/30/2021,22:54:30,1770,190,459,0.586
8/30/2021,22:54:38,1771,396,1050,0.623
8/30/2021,22:54:45,1772,403,1021,0.605
8/30/2021,22:54:53,1773,347,887,0.609
8/30/2021,22:54:58,1774,30,30,NA
8/30/2021,22:55:14,1775,471,1323,0.644
8/30/2021,22:55:33,1776,376,1141,0.67
8/30/2021,22:55:40,1777,294,814,0.639
8/30/2021,22:55:52,1778,462,1093,0.577
8/30/2021,22:56:01,1779,24,27,NA
8/30/2021,22:56:03,1780,25,27,NA
8/30/2021,22:56:05,1781,28,30,NA
8/30/2021,22:56:07,1782,24,24,NA
8/30/2021,22:56:08,1783,25,23,NA
12/9/2021,19:01:38,1794,8,7,NA
12/9/2021,19:01:43,1795,5,6,NA
12/9/2021,19:01:47,1796,4,5,NA
12/9/2021,19:01:50,1797,6,7,NA
12/9/2021,19:01:53,1798,4,7,NA
12/9/2021,19:15:28,1799,397,1019,0.61
12/9/2021,19:16:59,1800,257,603,0.574
12/9/2021,19:17:47,1801,267,613,0.564
12/9/2021,19:18:06,1802,438,1089,0.598
12/9/2021,19:18:19,1803,11,13,NA
12/9/2021,19:18:52,1804,74,149,0.503
12/9/2021,19:19:06,1805,222,549,0.596
12/9/2021,19:19:56,1806,226,459,0.508
12/9/2021,19:20:16,1807,345,809,0.574
12/9/2021,19:20:40,1808,220,547,0.598
12/9/2021,19:20:57,1809,9,11,NA
12/9/2021,19:21:19,1810,212,462,0.541
12/9/2021,19:21:39,1811,287,713,0.597
12/9/2021,19:21:53,1812,273,581,0.53
12/9/2021,19:22:09,1813,232,510,0.545
12/9/2021,19:22:16,1814,11,12,NA
12/9/2021,19:22:50,1815,252,588,0.571
12/9/2021,19:23:03,1816,217,478,0.546
12/9/2021,19:23:16,1817,282,613,0.54
12/9/2021,19:24:02,1818,189,435,0.566
12/9/2021,19:24:23,1819,9,9,NA
12/9/2021,19:24:50,1820,478,1081,0.558
12/9/2021,19:25:03,1821,462,968,0.523
12/9/2021,19:25:18,1822,505,1085,0.535
12/9/2021,19:25:31,1823,45,84,0.464
12/9/2021,19:25:38,1824,327,907,0.639
12/9/2021,19:25:52,1825,7,8,NA
12/9/2021,19:26:14,1826,289,568,0.491
12/9/2021,19:26:26,1827,357,792,0.549
12/9/2021,19:26:37,1828,363,665,0.454
12/9/2021,19:26:49,1829,401,938,0.572
12/9/2021,19:26:57,1830,10,10,NA
12/9/2021,19:26:59,1831,12,12,NA
12/9/2021,19:29:26,1832,234,533,0.561
12/9/2021,19:29:51,1833,282,686,0.589
12/9/2021,19:30:04,1834,293,655,0.553
12/9/2021,19:30:17,1835,422,1018,0.585
12/9/2021,19:30:30,1836,12,12,NA
12/9/2021,19:31:04,1837,176,386,0.544
12/9/2021,19:31:17,1838,284,627,0.547
12/9/2021,19:31:39,1839,249,572,0.565
12/9/2021,19:31:54,1840,352,802,0.561
12/9/2021,19:32:07,1841,9,11,NA
12/9/2021,19:32:25,1842,382,921,0.585
12/9/2021,19:32:59,1843,349,695,0.498
12/9/2021,19:33:10,1844,353,728,0.515
12/9/2021,19:33:22,1845,385,800,0.519
12/9/2021,19:33:42,1846,11,14,NA
12/9/2021,19:34:00,1847,268,581,0.539
12/9/2021,19:34:14,1848,230,448,0.487
12/9/2021,19:34:26,1849,238,455,0.477
12/9/2021,19:34:40,1850,317,689,0.54
12/9/2021,19:34:57,1851,12,14,NA
12/9/2021,19:35:17,1852,589,1136,0.482
12/9/2021,19:35:32,1853,239,487,0.509
12/9/2021,19:35:43,1854,468,672,0.304
12/9/2021,19:35:52,1855,245,662,0.63
12/9/2021,19:36:04,1856,7,9,NA
12/9/2021,19:36:28,1857,347,786,0.559
12/9/2021,19:36:40,1858,439,645,0.319
12/9/2021,19:37:07,1859,246,546,0.549
12/9/2021,19:37:19,1860,176,240,0.267
12/9/2021,19:37:27,1861,10,10,NA
12/9/2021,19:37:29,1862,12,12,NA
12/9/2021,19:41:46,1863,373,1032,0.639
12/9/2021,19:42:04,1864,526,1386,0.62
12/9/2021,19:42:17,1865,417,1155,0.639
12/9/2021,19:42:41,1866,418,1072,0.61
12/9/2021,19:43:05,1867,8,10,NA
12/9/2021,19:43:30,1868,287,692,0.585
12/9/2021,19:43:52,1869,177,413,0.571
12/9/2021,19:44:40,1870,235,571,0.588
12/9/2021,19:44:59,1871,278,689,0.597
12/9/2021,19:45:09,1872,9,10,NA
12/9/2021,19:45:29,1873,326,821,0.603
12/9/2021,19:45:43,1874,212,596,0.644
12/9/2021,19:45:54,1875,317,848,0.626
12/9/2021,19:46:12,1876,365,919,0.603
12/9/2021,19:46:23,1877,7,9,NA
12/9/2021,19:46:42,1878,293,761,0.615
12/9/2021,19:47:03,1879,142,358,0.603
12/9/2021,19:47:30,1880,197,477,0.587
12/9/2021,19:47:42,1881,252,669,0.623
12/9/2021,19:48:00,1882,7,9,NA
12/9/2021,19:48:23,1883,311,929,0.665
12/9/2021,19:48:38,1884,247,649,0.619
12/9/2021,19:49:04,1885,414,1236,0.665
12/9/2021,19:49:20,1886,282,759,0.628
12/9/2021,19:49:34,1887,10,11,NA
12/9/2021,19:49:51,1888,151,390,0.613
12/9/2021,19:50:08,1889,316,810,0.61
12/9/2021,19:50:21,1890,437,1166,0.625
12/9/2021,19:50:31,1891,349,945,0.631
12/9/2021,19:50:46,1892,8,12,NA
12/9/2021,19:50:49,1893,10,11,NA
12/9/2021,19:52:33,1894,299,753,0.603
12/9/2021,19:52:52,1895,437,1184,0.631
12/9/2021,19:53:45,1896,172,430,0.6
12/9/2021,19:53:59,1897,424,1208,0.649
12/9/2021,19:54:18,1898,8,11,NA
12/9/2021,19:54:33,1899,278,722,0.615
12/9/2021,19:54:48,1900,24,67,0.642
12/9/2021,19:54:56,1901,226,623,0.637
12/9/2021,19:55:17,1902,308,823,0.626
12/9/2021,19:55:31,1903,250,621,0.597
12/9/2021,19:55:41,1904,8,10,NA
12/9/2021,19:56:03,1905,152,337,0.549
12/9/2021,19:56:17,1906,381,1005,0.621
12/9/2021,19:56:41,1907,277,757,0.634
12/9/2021,19:56:58,1908,292,838,0.652
12/9/2021,19:57:18,1909,8,11,NA
12/9/2021,19:57:48,1910,178,442,0.597
12/9/2021,19:58:04,1911,331,849,0.61
12/9/2021,19:58:31,1912,238,568,0.581
12/9/2021,19:58:45,1913,301,791,0.619
12/9/2021,19:59:01,1914,9,11,NA
12/9/2021,19:59:37,1915,173,485,0.643
12/9/2021,19:59:54,1916,474,1284,0.631
12/9/2021,20:00:15,1917,222,623,0.644
12/9/2021,20:00:25,1918,428,1289,0.668
12/9/2021,20:00:42,1919,9,11,NA
12/9/2021,20:01:05,1920,326,908,0.641
12/9/2021,20:01:16,1921,301,788,0.618
12/9/2021,20:01:27,1922,321,881,0.636
12/9/2021,20:01:43,1923,307,825,0.628
12/9/2021,20:01:53,1924,11,12,NA
12/9/2021,20:01:55,1925,11,14,NA
12/9/2021,20:01:57,1926,9,10,NA
12/9/2021,21:00:09,1927,317,750,0.577
12/9/2021,21:00:23,1928,288,606,0.525
12/9/2021,21:00:41,1929,213,469,0.546
12/9/2021,21:00:51,1930,228,492,0.537
12/9/2021,21:01:02,1931,6,7,NA
12/9/2021,21:01:30,1932,177,405,0.563
12/9/2021,21:01:39,1933,261,574,0.545
12/9/2021,21:01:49,1934,363,852,0.574
12/9/2021,21:02:03,1935,166,404,0.589
12/9/2021,21:02:13,1936,5,5,NA
12/9/2021,21:02:30,1937,236,524,0.55
12/9/2021,21:02:45,1938,227,497,0.543
12/9/2021,21:02:56,1939,129,306,0.578
12/9/2021,21:03:08,1940,392,996,0.606
12/9/2021,21:03:20,1941,4,6,NA
12/9/2021,21:03:37,1942,290,693,0.582
12/9/2021,21:03:50,1943,266,653,0.593
12/9/2021,21:04:08,1944,240,525,0.543
12/9/2021,21:04:28,1945,199,384,0.482
12/9/2021,21:04:41,1946,4,7,NA
12/9/2021,21:05:10,1947,421,949,0.556
12/9/2021,21:05:20,1948,475,1059,0.551
12/9/2021,21:05:33,1949,369,725,0.491
12/9/2021,21:05:45,1950,199,529,0.624
12/9/2021,21:06:02,1951,7,9,NA
12/9/2021,21:06:16,1952,374,843,0.556
12/9/2021,21:06:32,1953,327,773,0.577
12/9/2021,21:06:43,1954,316,716,0.559
12/9/2021,21:07:03,1955,191,479,0.601
12/9/2021,21:07:15,1956,6,7,NA
12/9/2021,21:07:18,1957,10,8,NA
12/9/2021,21:08:23,1958,433,985,0.56
12/9/2021,21:08:40,1959,178,418,0.574
12/9/2021,21:08:52,1960,319,704,0.547
12/9/2021,21:09:03,1961,296,675,0.561
12/9/2021,21:09:12,1962,5,7,NA
12/9/2021,21:09:27,1963,276,640,0.569
12/9/2021,21:09:49,1965,324,782,0.586
12/9/2021,21:09:59,1966,258,550,0.531
12/9/2021,21:10:09,1967,7,8,NA
12/9/2021,21:10:28,1968,178,436,0.592
12/9/2021,21:10:41,1969,347,825,0.579
12/9/2021,21:10:53,1970,116,262,0.557
12/9/2021,21:11:00,1971,330,856,0.614
12/9/2021,21:12:35,1972,239,609,0.608
12/9/2021,21:12:53,1973,2,6,NA
12/9/2021,21:13:15,1974,187,421,0.556
12/9/2021,21:13:29,1975,288,645,0.553
12/9/2021,21:13:43,1976,269,639,0.579
12/9/2021,21:13:55,1977,270,638,0.577
12/9/2021,21:14:06,1978,6,6,NA
12/9/2021,21:14:26,1979,245,482,0.492
12/9/2021,21:14:40,1980,234,522,0.552
12/9/2021,21:14:55,1981,356,696,0.489
12/9/2021,21:15:08,1982,170,422,0.597
12/9/2021,21:15:19,1983,6,6,NA
12/9/2021,21:15:42,1984,328,703,0.533
12/9/2021,21:15:53,1985,422,635,0.335
12/9/2021,21:16:05,1986,364,839,0.566
12/9/2021,21:16:16,1987,383,697,0.451
12/9/2021,21:16:26,1988,0,0,NA
12/9/2021,21:16:29,1989,1,0,NA
12/9/2021,21:18:44,1990,39,80,0.513
12/9/2021,21:18:57,1991,180,436,0.587
12/9/2021,21:19:49,1992,361,978,0.631
12/9/2021,21:20:00,1993,450,1099,0.591
12/9/2021,21:20:11,1994,363,975,0.628
12/9/2021,21:20:24,1995,8,8,NA
12/9/2021,21:20:59,1996,264,637,0.586
12/9/2021,21:21:10,1997,302,682,0.557
12/9/2021,21:21:20,1998,296,646,0.542
12/9/2021,21:21:31,1999,261,646,0.596
12/9/2021,21:21:54,2000,4,8,NA
12/9/2021,21:22:14,2001,171,397,0.569
12/9/2021,21:22:26,2002,409,1126,0.637
12/9/2021,21:22:36,2003,262,689,0.62
12/9/2021,21:22:46,2004,177,444,0.601
12/9/2021,21:22:59,2005,8,7,NA
12/9/2021,21:23:31,2006,249,593,0.58
12/9/2021,21:23:47,2007,203,514,0.605
12/9/2021,21:23:58,2008,314,815,0.615
12/9/2021,21:24:11,2009,240,660,0.636
12/9/2021,21:24:24,2010,6,7,NA
12/9/2021,21:24:43,2011,180,499,0.639
12/9/2021,21:24:55,2012,273,675,0.596
12/9/2021,21:25:10,2013,324,903,0.641
12/9/2021,21:25:28,2014,369,1051,0.649
12/9/2021,21:25:43,2015,8,8,NA
12/9/2021,21:26:06,2016,301,760,0.604
12/9/2021,21:26:17,2017,358,971,0.631
12/9/2021,21:26:34,2018,116,265,0.562
12/9/2021,21:26:45,2019,307,773,0.603
12/9/2021,21:27:03,2020,288,801,0.64
12/9/2021,21:27:14,2021,3,6,NA
12/9/2021,21:27:17,2022,3,5,NA
12/9/2021,21:28:34,2023,428,1165,0.633
12/9/2021,21:28:49,2024,309,756,0.591
12/9/2021,21:29:00,2025,436,1164,0.625
12/9/2021,21:29:11,2026,408,1104,0.63
12/9/2021,21:29:21,2027,4,5,NA
12/9/2021,21:29:42,2028,134,323,0.585
12/9/2021,21:30:02,2029,145,362,0.599
12/9/2021,21:30:14,2030,298,736,0.595
12/9/2021,21:30:26,2031,291,746,0.61
12/9/2021,21:30:37,2032,8,6,NA
12/9/2021,21:31:02,2033,153,371,0.588
12/9/2021,21:31:13,2034,372,963,0.614
12/9/2021,21:31:31,2035,343,951,0.639
12/9/2021,21:31:43,2036,398,1111,0.642
12/9/2021,21:31:56,2037,5,8,NA
12/9/2021,21:32:23,2038,148,375,0.605
12/9/2021,21:32:43,2039,237,610,0.611
12/9/2021,21:32:57,2040,205,471,0.565
12/9/2021,21:33:13,2041,238,641,0.629
12/9/2021,21:33:26,2042,5,5,NA
12/9/2021,21:33:41,2043,513,1348,0.619
12/9/2021,21:34:09,2044,247,639,0.613
12/9/2021,21:34:41,2045,145,400,0.638
12/9/2021,21:35:04,2046,404,1145,0.647
12/9/2021,21:35:18,2047,6,7,NA
12/9/2021,21:35:40,2048,193,551,0.65
12/9/2021,21:35:58,2049,306,793,0.614
12/9/2021,21:36:12,2050,282,738,0.618
12/9/2021,21:36:26,2051,384,1023,0.625
12/9/2021,21:36:34,2052,4,7,NA
12/9/2021,21:36:36,2053,5,8,NA
12/9/2021,21:36:38,2054,7,8,NA
12/9/2021,22:38:06,2055,271,654,0.586
12/9/2021,22:38:22,2056,429,1058,0.595
12/9/2021,22:38:35,2057,217,517,0.58
12/9/2021,22:38:47,2058,159,378,0.579
12/9/2021,22:38:56,2059,4,6,NA
12/9/2021,22:39:13,2060,254,575,0.558
12/9/2021,22:39:24,2061,228,506,0.549
12/9/2021,22:39:34,2062,331,784,0.578
12/9/2021,22:39:45,2063,239,576,0.585
12/9/2021,22:39:54,2064,4,5,NA
12/9/2021,22:40:11,2065,105,259,0.595
12/9/2021,22:40:37,2066,306,767,0.601
12/9/2021,22:40:53,2067,306,709,0.568
12/9/2021,22:41:04,2068,237,520,0.544
12/9/2021,22:41:17,2069,223,541,0.588
12/9/2021,22:41:28,2070,4,4,NA
12/9/2021,22:41:46,2071,160,381,0.58
12/9/2021,22:41:58,2072,243,586,0.585
12/9/2021,22:42:07,2073,243,598,0.594
12/9/2021,22:42:21,2074,182,404,0.55
12/9/2021,22:42:33,2075,3,7,NA
12/9/2021,22:42:56,2076,163,374,0.564
12/9/2021,22:43:09,2077,522,1247,0.581
12/9/2021,22:43:18,2078,518,1166,0.556
12/9/2021,22:43:28,2079,352,989,0.644
12/9/2021,22:43:38,2080,5,7,NA
12/9/2021,22:44:08,2081,402,904,0.555
12/9/2021,22:44:18,2082,281,663,0.576
12/9/2021,22:44:30,2083,384,844,0.545
12/9/2021,22:44:42,2084,302,733,0.588
12/9/2021,22:44:51,2085,7,7,NA
12/9/2021,22:44:53,2086,4,6,NA
12/9/2021,22:46:09,2087,351,787,0.554
12/9/2021,22:46:24,2088,326,738,0.558
12/9/2021,22:46:34,2089,277,584,0.526
12/9/2021,22:46:42,2090,407,957,0.575
12/9/2021,22:46:55,2091,6,6,NA
12/9/2021,22:47:11,2092,166,370,0.551
12/9/2021,22:47:40,2093,218,466,0.532
12/9/2021,22:47:55,2094,424,905,0.531
12/9/2021,22:48:04,2095,310,687,0.549
12/9/2021,22:48:16,2096,6,6,NA
12/9/2021,22:48:40,2097,292,696,0.58
12/9/2021,22:48:51,2098,379,886,0.572
12/9/2021,22:49:03,2099,305,686,0.555
12/9/2021,22:49:16,2100,167,386,0.567
12/9/2021,22:49:27,2101,6,8,NA
12/9/2021,22:49:54,2102,241,526,0.542
12/9/2021,22:50:05,2103,231,534,0.567
12/9/2021,22:50:22,2104,183,373,0.509
12/9/2021,22:50:31,2105,284,670,0.576
12/9/2021,22:50:42,2106,7,7,NA
12/9/2021,22:51:02,2107,459,934,0.509
12/9/2021,22:51:24,2108,351,821,0.572
12/9/2021,22:51:37,2109,368,839,0.561
12/9/2021,22:51:49,2110,309,789,0.608
12/9/2021,22:52:00,2111,5,4,NA
12/9/2021,22:52:16,2112,298,761,0.608
12/9/2021,22:52:29,2113,353,590,0.402
12/9/2021,22:52:50,2114,201,477,0.579
12/9/2021,22:53:00,2115,193,362,0.467
12/9/2021,22:53:22,2116,6,7,NA
12/9/2021,22:53:24,2117,4,7,NA
12/9/2021,22:55:20,2118,455,1133,0.598
12/9/2021,22:55:34,2119,420,1102,0.619
12/9/2021,22:55:46,2120,259,650,0.602
12/9/2021,22:56:01,2121,318,827,0.615
12/9/2021,22:56:12,2122,4,5,NA
12/9/2021,22:56:41,2123,159,384,0.586
12/9/2021,22:56:53,2124,218,525,0.585
12/9/2021,22:57:12,2125,144,360,0.6
12/9/2021,22:57:23,2126,259,638,0.594
12/9/2021,22:57:34,2127,7,7,NA
12/9/2021,22:57:56,2128,284,726,0.609
12/9/2021,22:58:13,2129,11,2,NA
12/9/2021,22:58:19,2130,265,724,0.634
12/9/2021,22:58:45,2131,351,928,0.622
12/9/2021,22:59:03,2132,365,930,0.608
12/9/2021,22:59:17,2133,3,6,NA
12/9/2021,22:59:38,2134,329,867,0.621
12/9/2021,22:59:53,2135,199,522,0.619
12/9/2021,23:00:25,2136,166,420,0.605
12/9/2021,23:00:39,2137,329,885,0.628
12/9/2021,23:00:52,2138,3,6,NA
12/9/2021,23:01:08,2139,390,1097,0.644
12/9/2021,23:01:27,2140,351,736,0.523
12/9/2021,23:01:45,2141,288,828,0.652
12/9/2021,23:01:59,2142,333,908,0.633
12/9/2021,23:02:11,2143,6,7,NA
12/9/2021,23:03:03,2144,288,710,0.594
12/9/2021,23:03:24,2145,250,617,0.595
12/9/2021,23:03:34,2146,358,949,0.623
12/9/2021,23:03:45,2147,340,814,0.582
12/9/2021,23:03:55,2148,3,6,NA
12/9/2021,23:03:57,2149,5,6,NA
12/9/2021,23:05:52,2150,390,946,0.588
12/9/2021,23:06:09,2151,440,1154,0.619
12/9/2021,23:06:20,2152,237,649,0.635
12/9/2021,23:06:33,2153,297,803,0.63
12/9/2021,23:06:47,2154,3,5,NA
12/9/2021,23:07:00,2155,201,478,0.579
12/9/2021,23:07:12,2156,247,604,0.591
12/9/2021,23:07:25,2157,301,685,0.561
12/9/2021,23:07:38,2158,318,785,0.595
12/9/2021,23:07:51,2159,4,8,NA
12/9/2021,23:08:08,2160,235,591,0.602
12/9/2021,23:08:21,2161,318,701,0.546
12/9/2021,23:08:44,2162,158,367,0.569
12/9/2021,23:09:07,2163,304,801,0.62
12/9/2021,23:09:22,2164,7,8,NA
12/9/2021,23:09:42,2165,253,634,0.601
12/9/2021,23:09:55,2166,262,625,0.581
12/9/2021,23:10:13,2167,221,521,0.576
12/9/2021,23:10:26,2168,195,512,0.619
12/9/2021,23:10:38,2169,3,4,NA
12/9/2021,23:11:01,2170,207,563,0.632
12/9/2021,23:11:14,2171,148,353,0.581
12/9/2021,23:11:30,2172,304,790,0.615
12/9/2021,23:11:43,2173,386,1055,0.634
12/9/2021,23:11:54,2174,4,5,NA
12/9/2021,23:12:13,2175,218,606,0.64
12/9/2021,23:12:27,2176,245,650,0.623
12/9/2021,23:12:46,2177,320,871,0.633
12/9/2021,23:13:00,2178,288,745,0.613
12/9/2021,23:13:15,2179,6,6,NA
12/9/2021,23:13:15,2180,4,6,NA
12/9/2021,23:13:17,2181,5,5,NA
12/9/2021,23:13:23,2182,4,8,NA
,,,,,
3/24/2022,19:20:24,3815,601,1452,0.586
3/24/2022,19:20:39,3816,567,1440,0.606
3/24/2022,19:21:16,3817,633,1232,0.486
3/24/2022,19:21:28,3818,606,1283,0.528
3/24/2022,19:21:47,3819,432,640,0.325
3/24/2022,19:23:44,3820,363,4070,0.911
3/24/2022,19:25:02,3821,199,4074,0.951
3/24/2022,19:25:15,3822,356,609,0.415
3/24/2022,19:25:34,3823,9,3716,NA
3/24/2022,19:27:18,3824,131,4010,0.967
3/24/2022,19:27:38,3825,173,4029,0.957
3/24/2022,19:27:48,3826,203,4096,0.95
3/24/2022,19:29:27,3827,259,3962,0.935
3/24/2022,19:29:37,3828,63,3874,0.984
3/24/2022,19:30:30,3829,281,3982,0.929
3/24/2022,19:30:42,3830,382,4084,0.906
3/24/2022,19:31:15,3831,304,4039,0.925
3/24/2022,19:31:30,3832,372,4078,0.909
3/24/2022,19:34:42,3833,223,497,0.551
3/24/2022,19:35:12,3834,262,514,0.49
3/24/2022,19:35:34,3835,129,298,0.567
3/24/2022,19:35:59,3836,194,500,0.612
3/24/2022,19:36:11,3837,10,10,NA
3/24/2022,19:36:38,3838,451,983,0.541
3/24/2022,19:36:51,3839,426,1082,0.606
3/24/2022,19:37:22,3840,443,1001,0.557
3/24/2022,19:37:33,3841,393,943,0.583
3/24/2022,19:37:43,3842,12,10,NA
3/24/2022,19:38:01,3843,485,1050,0.538
3/24/2022,19:38:28,3844,110,215,0.488
3/24/2022,19:38:44,3845,474,1131,0.581
3/24/2022,19:39:26,3846,443,1010,0.561
3/24/2022,19:39:34,3847,2,3,NA
3/24/2022,19:40:16,3848,416,1117,0.628
3/24/2022,19:40:35,3849,658,1751,0.624
3/24/2022,19:40:56,3850,566,1439,0.607
3/24/2022,19:41:07,3851,594,1447,0.589
3/24/2022,19:41:16,3852,9,7,NA
3/24/2022,19:41:37,3853,477,993,0.52
3/24/2022,19:41:48,3854,372,1570,0.763
3/24/2022,19:42:20,3855,212,542,0.609
3/24/2022,19:42:38,3856,371,1009,0.632
3/24/2022,19:43:31,3857,272,626,0.565
3/24/2022,19:43:42,3858,8,11,NA
3/24/2022,19:43:44,3859,8,9,NA
3/24/2022,19:45:04,3860,467,1086,0.57
3/24/2022,19:45:27,3861,274,591,0.536
3/24/2022,19:45:42,3862,402,939,0.572
3/24/2022,19:45:54,3863,615,1565,0.607
3/24/2022,19:46:08,3864,10,11,NA
3/24/2022,19:46:29,3865,378,827,0.543
3/24/2022,19:46:42,3866,245,528,0.536
3/24/2022,19:46:53,3867,518,1232,0.58
3/24/2022,19:47:06,3868,475,1122,0.577
3/24/2022,19:47:19,3869,11,12,NA
3/24/2022,19:47:36,3870,323,673,0.52
3/24/2022,19:47:53,3871,266,599,0.556
3/24/2022,19:48:07,3872,160,313,0.489
3/24/2022,19:48:19,3873,576,1392,0.586
3/24/2022,19:49:23,3874,521,1222,0.574
3/24/2022,19:49:44,3875,10,11,NA
3/24/2022,19:50:37,3876,509,1213,0.58
3/24/2022,19:50:59,3877,366,793,0.538
3/24/2022,19:51:22,3878,308,691,0.554
3/24/2022,19:51:35,3879,326,723,0.549
3/24/2022,19:52:02,3880,10,13,NA
3/24/2022,19:52:22,3881,522,1351,0.614
3/24/2022,19:52:32,3882,660,1598,0.587
3/24/2022,19:52:45,3883,637,1526,0.583
3/24/2022,19:53:00,3884,652,1752,0.628
3/24/2022,19:53:08,3885,9,9,NA
3/24/2022,19:53:44,3886,525,1285,0.591
3/24/2022,19:53:54,3887,522,1159,0.55
3/24/2022,19:54:06,3888,342,759,0.549
3/24/2022,19:54:17,3889,243,684,0.645
3/24/2022,19:54:24,3890,7,11,NA
3/24/2022,19:54:26,3891,6,6,NA
3/24/2022,20:00:47,3892,616,1741,0.646
3/24/2022,20:01:01,3893,684,1723,0.603
3/24/2022,20:01:29,3894,232,536,0.567
3/24/2022,20:01:53,3895,364,939,0.612
3/24/2022,20:02:05,3896,9,9,NA
3/24/2022,20:02:21,3897,365,849,0.57
3/24/2022,20:02:42,3898,377,918,0.589
3/24/2022,20:02:55,3899,421,1032,0.592
3/24/2022,20:03:06,3900,434,1133,0.617
3/24/2022,20:03:21,3901,9,9,NA
3/24/2022,20:03:38,3902,341,871,0.608
3/24/2022,20:03:49,3903,415,1013,0.59
3/24/2022,20:04:36,3904,587,1418,0.586
3/24/2022,20:04:51,3905,443,1171,0.622
3/24/2022,20:05:12,3906,5,11,NA
3/24/2022,20:05:29,3907,472,1158,0.592
3/24/2022,20:05:51,3908,480,1177,0.592
3/24/2022,20:06:06,3909,439,1131,0.612
3/24/2022,20:06:25,3910,427,1047,0.592
3/24/2022,20:06:36,3911,8,9,NA
3/24/2022,20:06:56,3912,485,1187,0.591
3/24/2022,20:07:11,3913,582,1585,0.633
3/24/2022,20:07:51,3914,496,1361,0.636
3/24/2022,20:08:09,3915,563,1612,0.651
3/24/2022,20:08:35,3916,9,12,NA
3/24/2022,20:09:32,3917,240,627,0.617
3/24/2022,20:09:50,3918,218,533,0.591
3/24/2022,20:10:20,3919,442,1225,0.639
3/24/2022,20:10:37,3920,260,676,0.615
3/24/2022,20:10:44,3921,8,10,NA
3/24/2022,20:10:47,3922,8,11,NA
3/24/2022,20:15:56,3923,609,1572,0.613
3/24/2022,20:16:09,3924,516,1335,0.613
3/24/2022,20:16:22,3925,500,1249,0.6
3/24/2022,20:16:44,3926,573,1460,0.608
3/24/2022,20:17:01,3927,11,11,NA
3/24/2022,20:17:20,3928,354,841,0.579
3/24/2022,20:17:36,3929,515,1283,0.599
3/24/2022,20:17:49,3930,402,928,0.567
3/24/2022,20:18:02,3931,478,1085,0.559
3/24/2022,20:18:18,3932,10,11,NA
3/24/2022,20:18:38,3933,282,685,0.588
3/24/2022,20:18:51,3934,439,1073,0.591
3/24/2022,20:19:03,3935,492,1168,0.579
3/24/2022,20:19:17,3936,435,1089,0.601
3/24/2022,20:19:25,3937,9,12,NA
3/24/2022,20:19:53,3938,284,680,0.582
3/24/2022,20:20:36,3939,361,896,0.597
3/24/2022,20:20:53,3940,535,1308,0.591
3/24/2022,20:21:04,3941,512,1237,0.586
3/24/2022,20:21:09,3942,9,8,NA
3/24/2022,20:21:29,3943,402,1117,0.64
3/24/2022,20:21:42,3944,570,1547,0.632
3/24/2022,20:21:53,3945,274,628,0.564
3/24/2022,20:22:03,3946,593,1765,0.664
3/24/2022,20:22:11,3947,8,10,NA
3/24/2022,20:22:46,3948,296,718,0.588
3/24/2022,20:23:01,3949,209,535,0.609
3/24/2022,20:23:14,3950,588,1521,0.613
3/24/2022,20:23:26,3951,464,1192,0.611
3/24/2022,20:23:32,3952,7,7,NA
3/24/2022,20:23:34,3953,6,9,NA
3/24/2022,20:23:37,3954,7,8,NA
3/24/2022,21:19:21,3955,588,1441,0.592
3/24/2022,21:19:36,3956,402,984,0.591
3/24/2022,21:19:48,3957,438,1148,0.618
3/24/2022,21:20:04,3958,311,738,0.579
3/24/2022,21:20:16,3959,7,9,NA
3/24/2022,21:20:35,3960,323,698,0.537
3/24/2022,21:21:44,3961,396,903,0.561
3/24/2022,21:21:59,3962,331,702,0.528
3/24/2022,21:22:12,3963,414,955,0.566
3/24/2022,21:22:17,3964,9,9,NA
3/24/2022,21:22:46,3965,438,970,0.548
3/24/2022,21:23:04,3966,603,1510,0.601
3/24/2022,21:23:15,3967,224,464,0.517
3/24/2022,21:23:27,3968,358,813,0.56
3/24/2022,21:23:31,3969,9,9,NA
3/24/2022,21:24:14,3970,416,899,0.537
3/24/2022,21:24:25,3971,427,957,0.554
3/24/2022,21:24:36,3972,244,531,0.54
3/24/2022,21:24:44,3973,452,1050,0.57
3/24/2022,21:24:51,3974,10,9,NA
3/24/2022,21:25:18,3975,628,1668,0.624
3/24/2022,21:25:28,3976,267,629,0.576
3/24/2022,21:25:34,3977,596,1533,0.611
3/24/2022,21:25:44,3978,578,1492,0.613
3/24/2022,21:25:51,3979,9,12,NA
3/24/2022,21:26:22,3980,572,1266,0.548
3/24/2022,21:26:38,3981,379,889,0.574
3/24/2022,21:26:50,3982,519,1179,0.56
3/24/2022,21:26:57,3983,456,1071,0.574
3/24/2022,21:27:13,3984,9,12,NA
3/24/2022,21:27:15,3985,6,8,NA
3/24/2022,21:28:14,3986,412,835,0.507
3/24/2022,21:28:23,3987,450,939,0.521
3/24/2022,21:28:38,3988,367,876,0.581
3/24/2022,21:28:53,3989,456,1122,0.594
3/24/2022,21:29:03,3990,8,9,NA
3/24/2022,21:29:19,3991,171,333,0.486
3/24/2022,21:29:27,3992,421,963,0.563
3/24/2022,21:29:44,3993,369,793,0.535
3/24/2022,21:29:53,3994,444,966,0.54
3/24/2022,21:30:02,3995,468,1065,0.561
3/24/2022,21:30:16,3996,12,13,NA
3/24/2022,21:30:37,3997,302,740,0.592
3/24/2022,21:30:48,3998,501,1058,0.526
3/24/2022,21:31:10,3999,440,1074,0.59
3/24/2022,21:31:28,4000,217,445,0.512
3/24/2022,21:31:47,1,7,9,NA
3/24/2022,21:33:24,2,240,482,0.502
3/24/2022,21:33:38,3,386,846,0.544
3/24/2022,21:33:57,4,355,893,0.602
3/24/2022,21:34:12,5,429,981,0.563
3/24/2022,21:34:28,6,10,10,NA
3/24/2022,21:34:47,7,463,1105,0.581
3/24/2022,21:34:57,8,690,1636,0.578
3/24/2022,21:35:06,9,168,382,0.56
3/24/2022,21:35:30,10,327,685,0.523
3/24/2022,21:35:37,11,8,13,NA
3/24/2022,21:36:03,12,244,582,0.581
3/24/2022,21:36:15,13,435,977,0.555
3/24/2022,21:36:23,14,444,993,0.553
3/24/2022,21:36:35,15,464,1094,0.576
3/24/2022,21:36:45,16,8,10,NA
3/24/2022,21:36:47,17,10,10,NA
3/24/2022,21:38:20,18,584,1432,0.592
3/24/2022,21:38:31,19,654,1612,0.594
3/24/2022,21:38:44,20,552,1471,0.625
3/24/2022,21:38:54,21,141,337,0.582
3/24/2022,21:39:03,22,8,12,NA
3/24/2022,21:39:23,23,396,903,0.561
3/24/2022,21:39:30,24,439,1028,0.573
3/24/2022,21:39:44,25,175,421,0.584
3/24/2022,21:39:58,26,153,340,0.55
3/24/2022,21:40:05,27,12,12,NA
3/24/2022,21:40:26,28,595,1332,0.553
3/24/2022,21:40:35,29,522,1290,0.595
3/24/2022,21:40:44,30,278,646,0.57
3/24/2022,21:40:52,31,512,1336,0.617
3/24/2022,21:41:00,32,10,12,NA
3/24/2022,21:41:43,33,346,830,0.583
3/24/2022,21:41:58,34,366,891,0.589
3/24/2022,21:42:17,35,363,848,0.572
3/24/2022,21:42:39,36,438,1101,0.602
3/24/2022,21:42:44,37,10,10,NA
3/24/2022,21:43:19,38,416,1113,0.626
3/24/2022,21:43:34,39,648,1687,0.616
3/24/2022,21:43:44,40,251,696,0.639
3/24/2022,21:43:58,41,612,1748,0.65
3/24/2022,21:44:04,42,6,9,NA
3/24/2022,21:44:32,43,583,1451,0.598
3/24/2022,21:44:42,44,465,1161,0.599
3/24/2022,21:44:50,45,466,1248,0.627
3/24/2022,21:45:01,46,255,572,0.554
3/24/2022,21:45:08,47,10,12,NA
3/24/2022,21:45:10,48,9,11,NA
3/24/2022,21:46:19,49,402,909,0.558
3/24/2022,21:46:27,50,486,1173,0.586
3/24/2022,21:46:36,51,577,1439,0.599
3/24/2022,21:46:44,52,595,1533,0.612
3/24/2022,21:46:50,53,9,11,NA
3/24/2022,21:47:12,54,290,631,0.54
3/24/2022,21:47:19,55,303,681,0.555
3/24/2022,21:47:25,56,393,896,0.561
3/24/2022,21:47:34,57,491,1037,0.527
3/24/2022,21:47:42,58,9,10,NA
3/24/2022,21:48:03,59,460,1141,0.597
3/24/2022,21:48:16,60,389,974,0.601
3/24/2022,21:48:28,61,465,1046,0.555
3/24/2022,21:48:39,62,486,1237,0.607
3/24/2022,21:48:44,63,9,8,NA
3/24/2022,21:49:10,64,307,739,0.585
3/24/2022,21:49:19,65,381,803,0.526
3/24/2022,21:49:44,66,471,1136,0.585
3/24/2022,21:49:56,67,437,1033,0.577
3/24/2022,21:50:01,68,0,1,NA
3/24/2022,21:50:42,69,600,1681,0.643
3/24/2022,21:50:50,70,589,1500,0.607
3/24/2022,21:50:57,71,460,1218,0.622
3/24/2022,21:51:06,72,91,222,0.59
3/24/2022,21:51:16,73,497,1375,0.639
3/24/2022,21:51:32,74,8,8,NA
3/24/2022,21:52:10,75,434,1084,0.6
3/24/2022,21:52:18,76,323,761,0.576
3/24/2022,21:52:28,77,493,1107,0.555
3/24/2022,21:52:41,78,440,1099,0.6
3/24/2022,21:52:51,79,9,9,NA
3/24/2022,21:52:52,80,11,11,NA
3/24/2022,21:52:54,81,6,11,NA
3/24/2022,22:43:15,82,528,1299,0.594
3/24/2022,22:43:23,83,601,1522,0.605
3/24/2022,22:43:35,84,182,405,0.551
3/24/2022,22:43:48,85,164,365,0.551
3/24/2022,22:44:03,86,7,9,NA
3/24/2022,22:44:21,87,355,790,0.551
3/24/2022,22:44:37,88,275,610,0.549
3/24/2022,22:44:46,89,418,971,0.57
3/24/2022,22:44:55,90,431,963,0.552
3/24/2022,22:45:06,91,10,12,NA
3/24/2022,22:45:22,92,454,1011,0.551
3/24/2022,22:45:31,93,595,1475,0.597
3/24/2022,22:45:40,94,466,1107,0.579
3/24/2022,22:45:50,95,422,999,0.578
3/24/2022,22:45:57,96,8,10,NA
3/24/2022,22:46:15,97,348,789,0.559
3/24/2022,22:46:23,98,447,1011,0.558
3/24/2022,22:46:33,99,216,454,0.524
3/24/2022,22:46:46,100,355,821,0.568
3/24/2022,22:46:52,101,11,12,NA
3/24/2022,22:47:14,102,594,1636,0.637
3/24/2022,22:47:24,103,624,1531,0.592
3/24/2022,22:47:36,104,558,1403,0.602
3/24/2022,22:47:46,105,584,1319,0.557
3/24/2022,22:47:57,106,12,13,NA
3/24/2022,22:48:10,107,264,555,0.524
3/24/2022,22:48:18,108,458,1110,0.587
3/24/2022,22:48:26,109,515,1227,0.58
3/24/2022,22:48:33,110,429,1037,0.586
3/24/2022,22:48:38,111,8,10,NA
3/24/2022,22:48:40,112,8,9,NA
3/24/2022,22:49:49,113,348,776,0.552
3/24/2022,22:49:56,114,605,1506,0.598
3/24/2022,22:50:05,115,461,1094,0.579
3/24/2022,22:50:14,116,561,1369,0.59
3/24/2022,22:50:21,117,11,13,NA
3/24/2022,22:50:43,118,332,724,0.541
3/24/2022,22:50:50,119,454,1018,0.554
3/24/2022,22:50:58,120,400,906,0.558
3/24/2022,22:51:07,121,362,856,0.577
3/24/2022,22:51:12,122,12,12,NA
3/24/2022,22:51:31,123,478,1078,0.557
3/24/2022,22:51:38,124,501,1204,0.584
3/24/2022,22:51:47,125,445,1022,0.565
3/24/2022,22:51:55,126,532,1349,0.606
3/24/2022,22:52:01,127,9,11,NA
3/24/2022,22:52:28,128,388,928,0.582
3/24/2022,22:52:41,129,263,513,0.487
3/24/2022,22:52:49,130,297,642,0.537
3/24/2022,22:53:27,131,355,860,0.587
3/24/2022,22:53:42,132,254,521,0.512
3/24/2022,22:53:48,133,8,13,NA
3/24/2022,22:54:11,134,424,1061,0.6
3/24/2022,22:54:20,135,573,1125,0.491
3/24/2022,22:54:30,136,707,1557,0.546
3/24/2022,22:54:40,137,436,1059,0.588
3/24/2022,22:54:49,138,620,1541,0.598
3/24/2022,22:54:54,139,12,11,NA
3/24/2022,22:55:16,140,579,1413,0.59
3/24/2022,22:55:26,141,468,1011,0.537
3/24/2022,22:55:33,142,590,1166,0.494
3/24/2022,22:55:50,143,566,1431,0.604
3/24/2022,22:56:04,144,469,1186,0.605
3/24/2022,22:56:10,145,9,8,NA
3/24/2022,22:56:12,146,11,12,NA
3/24/2022,22:57:47,147,414,927,0.553
3/24/2022,22:57:57,148,539,1340,0.598
3/24/2022,22:58:12,149,467,1244,0.625
3/24/2022,22:58:23,150,190,472,0.597
3/24/2022,22:58:29,151,9,10,NA
3/24/2022,22:58:56,152,142,306,0.536
3/24/2022,22:59:18,153,322,804,0.6
3/24/2022,22:59:38,154,369,882,0.582
3/24/2022,22:59:46,155,367,859,0.573
3/24/2022,22:59:54,156,365,837,0.564
3/24/2022,23:00:01,157,8,9,NA
3/24/2022,23:00:27,158,505,1286,0.607
3/24/2022,23:00:37,159,514,1285,0.6
3/24/2022,23:00:48,160,512,1224,0.582
3/24/2022,23:00:58,161,484,1222,0.604
3/24/2022,23:01:04,162,11,13,NA
3/24/2022,23:01:21,163,342,798,0.571
3/24/2022,23:01:30,164,265,613,0.568
3/24/2022,23:01:38,165,512,1288,0.602
3/24/2022,23:01:46,166,481,1152,0.582
3/24/2022,23:01:52,167,8,12,NA
3/24/2022,23:02:17,168,465,1240,0.625
3/24/2022,23:02:26,169,725,1924,0.623
3/24/2022,23:02:34,170,562,1557,0.639
3/24/2022,23:02:48,171,566,1522,0.628
3/24/2022,23:02:54,172,12,13,NA
3/24/2022,23:03:15,173,477,1189,0.599
3/24/2022,23:03:23,174,375,933,0.598
3/24/2022,23:03:32,175,452,1186,0.619
3/24/2022,23:03:44,176,410,1070,0.617
3/24/2022,23:03:54,177,7,8,NA
3/24/2022,23:03:56,178,8,11,NA
3/24/2022,23:05:35,179,531,1299,0.591
3/24/2022,23:05:46,180,631,1520,0.585
3/24/2022,23:05:53,181,597,1450,0.588
3/24/2022,23:06:04,182,230,510,0.549
3/24/2022,23:06:09,183,10,10,NA
3/24/2022,23:06:30,184,339,740,0.542
3/24/2022,23:06:38,185,460,1049,0.561
3/24/2022,23:06:46,186,375,843,0.555
3/24/2022,23:06:53,187,397,888,0.553
3/24/2022,23:07:06,188,11,13,NA
3/24/2022,23:07:26,189,503,1270,0.604
3/24/2022,23:07:33,190,378,933,0.595
3/24/2022,23:07:40,191,507,1213,0.582
3/24/2022,23:07:49,192,437,1031,0.576
3/24/2022,23:07:57,193,12,13,NA
3/24/2022,23:08:21,194,256,599,0.573
3/24/2022,23:08:34,195,424,947,0.552
3/24/2022,23:08:44,196,563,1337,0.579
3/24/2022,23:08:52,197,451,1034,0.564
3/24/2022,23:09:01,198,7,8,NA
3/24/2022,23:09:31,199,638,1709,0.627
3/24/2022,23:09:40,200,644,1671,0.615
3/24/2022,23:10:01,201,619,1595,0.612
3/24/2022,23:10:11,202,617,1717,0.641
3/24/2022,23:10:20,203,8,8,NA
3/24/2022,23:10:41,204,457,1075,0.575
3/24/2022,23:10:49,205,517,1316,0.607
3/24/2022,23:10:57,206,519,1244,0.583
3/24/2022,23:11:09,207,452,1118,0.596
8/4/2022,19:03:20,11352,452,1081,0.582
8/4/2022,19:03:30,11353,440,1158,0.62
8/4/2022,19:03:41,11354,310,633,0.51
8/4/2022,19:04:20,11355,365,841,0.566
8/4/2022,19:04:41,11356,13,13,NA
8/4/2022,19:04:53,11357,347,792,0.562
8/4/2022,19:05:04,11358,303,668,0.546
8/4/2022,19:05:13,11359,230,514,0.553
8/4/2022,19:05:30,11360,305,658,0.536
8/4/2022,19:05:36,11361,9,12,NA
8/4/2022,19:06:05,11362,268,576,0.535
8/4/2022,19:06:20,11363,281,616,0.544
8/4/2022,19:06:52,11364,258,602,0.571
8/4/2022,19:07:08,11365,355,818,0.566
8/4/2022,19:07:24,11366,13,16,NA
8/4/2022,19:07:35,11367,238,521,0.543
8/4/2022,19:07:50,11368,290,654,0.557
8/4/2022,19:08:04,11369,232,526,0.559
8/4/2022,19:08:15,11370,235,549,0.572
8/4/2022,19:08:23,11371,12,12,NA
8/4/2022,19:08:49,11372,335,802,0.582
8/4/2022,19:08:58,11373,784,1524,0.486
8/4/2022,19:09:08,11374,729,1425,0.488
8/4/2022,19:09:22,11375,760,1443,0.473
8/4/2022,19:09:27,11376,14,14,NA
8/4/2022,19:09:57,11377,582,991,0.413
8/4/2022,19:10:16,11378,323,777,0.584
8/4/2022,19:10:30,11379,232,369,0.371
8/4/2022,19:10:44,11380,599,1050,0.43
8/4/2022,19:10:54,11381,380,542,0.299
8/4/2022,19:11:08,11382,590,954,0.382
8/4/2022,19:11:17,11383,11,13,NA
8/4/2022,19:11:19,11384,9,12,NA
8/4/2022,19:13:07,11385,542,1147,0.527
8/4/2022,19:13:18,11386,454,947,0.521
8/4/2022,19:13:28,11387,385,750,0.487
8/4/2022,19:13:41,11388,383,687,0.443
8/4/2022,19:13:47,11389,9,12,NA
8/4/2022,19:15:36,11390,337,647,0.479
8/4/2022,19:15:45,11391,199,342,0.418
8/4/2022,19:15:58,11392,349,630,0.446
8/4/2022,19:16:11,11393,364,716,0.492
8/4/2022,19:16:23,11394,12,12,NA
8/4/2022,19:16:34,11395,345,674,0.488
8/4/2022,19:16:45,11396,400,781,0.488
8/4/2022,19:16:55,11397,320,601,0.468
8/4/2022,19:17:04,11398,301,574,0.476
8/4/2022,19:17:17,11399,10,12,NA
8/4/2022,19:17:41,11400,266,499,0.467
8/4/2022,19:17:52,11401,274,559,0.51
8/4/2022,19:18:01,11402,228,391,0.417
8/4/2022,19:18:15,11403,286,549,0.479
8/4/2022,19:18:31,11404,10,12,NA
8/4/2022,19:18:53,11405,585,688,0.15
8/4/2022,19:19:03,11406,790,1082,0.27
8/4/2022,19:19:18,11407,316,427,0.26
8/4/2022,19:20:31,11408,717,941,0.238
8/4/2022,19:21:01,11409,404,752,0.463
8/4/2022,19:21:08,11410,793,1165,0.319
8/4/2022,19:21:15,11411,8,10,NA
8/4/2022,19:21:35,11412,207,283,0.269
8/4/2022,19:21:46,11413,355,693,0.488
8/4/2022,19:21:56,11414,452,662,0.317
8/4/2022,19:22:07,11415,751,1092,0.312
8/4/2022,19:22:12,11416,10,11,NA
8/4/2022,19:22:14,11417,8,8,NA
8/4/2022,19:23:35,11418,371,1048,0.646
8/4/2022,19:23:46,11419,554,1741,0.682
8/4/2022,19:23:57,11420,598,1850,0.677
8/4/2022,19:24:10,11421,568,1826,0.689
8/4/2022,19:24:21,11422,9,10,NA
8/4/2022,19:25:08,11423,371,1045,0.645
8/4/2022,19:25:19,11424,418,1227,0.659
8/4/2022,19:25:27,11425,511,1551,0.671
8/4/2022,19:25:36,11426,382,1102,0.653
8/4/2022,19:25:48,11427,6,10,NA
8/4/2022,19:26:06,11428,364,972,0.626
8/4/2022,19:26:15,11429,545,1591,0.657
8/4/2022,19:26:25,11430,457,1377,0.668
8/4/2022,19:26:34,11431,461,1346,0.658
8/4/2022,19:26:50,11432,10,8,NA
8/4/2022,19:27:09,11433,354,963,0.632
8/4/2022,19:27:22,11434,398,1071,0.628
8/4/2022,19:27:46,11435,393,1018,0.614
8/4/2022,19:27:58,11436,416,1154,0.64
8/4/2022,19:28:09,11437,11,11,NA
8/4/2022,19:28:31,11438,578,1867,0.69
8/4/2022,19:28:42,11439,496,1437,0.655
8/4/2022,19:28:55,11440,383,1141,0.664
8/4/2022,19:29:07,11441,540,1565,0.655
8/4/2022,19:29:12,11442,10,11,NA
8/4/2022,19:29:27,11443,421,1146,0.633
8/4/2022,19:29:38,11444,354,977,0.638
8/4/2022,19:29:49,11445,582,1792,0.675
8/4/2022,19:30:01,11446,281,888,0.684
8/4/2022,19:30:06,11447,8,9,NA
8/4/2022,19:30:10,11448,7,9,NA
8/4/2022,19:31:22,11449,588,1458,0.597
8/4/2022,19:31:33,11450,537,1585,0.661
8/4/2022,19:31:44,11451,459,1272,0.639
8/4/2022,19:31:55,11452,617,1860,0.668
8/4/2022,19:32:14,11453,8,10,NA
8/4/2022,19:32:30,11454,382,1086,0.648
8/4/2022,19:32:50,11455,468,1261,0.629
8/4/2022,19:33:06,11456,404,1083,0.627
8/4/2022,19:33:21,11457,497,1392,0.643
8/4/2022,19:33:26,11458,9,10,NA
8/4/2022,19:33:50,11459,514,1360,0.622
8/4/2022,19:34:04,11460,500,1408,0.645
8/4/2022,19:34:18,11461,515,1404,0.633
8/4/2022,19:34:29,11462,476,1374,0.654
8/4/2022,19:34:42,11463,5,7,NA
8/4/2022,19:35:12,11464,366,1007,0.637
8/4/2022,19:35:24,11465,419,1149,0.635
8/4/2022,19:35:41,11466,485,1320,0.633
8/4/2022,19:35:52,11467,433,1136,0.619
8/4/2022,19:36:04,11468,10,8,NA
8/4/2022,19:36:27,11469,544,1750,0.689
8/4/2022,19:36:38,11470,504,1609,0.687
8/4/2022,19:36:59,11471,238,699,0.66
8/4/2022,19:37:20,11472,386,1035,0.627
8/4/2022,19:37:28,11473,7,9,NA
8/4/2022,19:37:47,11474,202,544,0.629
8/4/2022,19:37:56,11475,426,1083,0.607
8/4/2022,19:38:08,11476,436,1192,0.634
8/4/2022,19:38:18,11477,487,1367,0.644
8/4/2022,19:38:24,11478,9,10,NA
8/4/2022,19:38:26,11479,8,7,NA
8/4/2022,19:38:28,11480,8,7,NA
8/4/2022,20:40:47,11481,370,835,0.557
8/4/2022,20:40:57,11482,454,1028,0.558
8/4/2022,20:41:09,11483,367,758,0.516
8/4/2022,20:41:30,11484,359,775,0.537
8/4/2022,20:41:36,11485,12,13,NA
8/4/2022,20:42:07,11486,429,928,0.538
8/4/2022,20:42:17,11487,394,848,0.535
8/4/2022,20:42:29,11488,380,783,0.515
8/4/2022,20:42:50,11489,214,413,0.482
8/4/2022,20:43:08,11490,294,617,0.524
8/4/2022,20:43:19,11491,13,13,NA
8/4/2022,20:43:46,11492,405,876,0.538
8/4/2022,20:43:59,11493,359,789,0.545
8/4/2022,20:44:11,11494,363,839,0.567
8/4/2022,20:44:22,11495,296,688,0.57
8/4/2022,20:44:28,11496,11,11,NA
8/4/2022,20:44:59,11497,220,527,0.583
8/4/2022,20:45:10,11498,371,860,0.569
8/4/2022,20:45:22,11499,293,563,0.48
8/4/2022,20:45:57,11500,297,735,0.596
8/4/2022,20:46:04,11501,10,13,NA
8/4/2022,20:46:30,11502,412,1036,0.602
8/4/2022,20:47:06,11503,768,1449,0.47
8/4/2022,20:47:18,11504,887,1420,0.375
8/4/2022,20:47:31,11505,798,1514,0.473
8/4/2022,20:47:39,11506,9,11,NA
8/4/2022,20:48:28,11507,520,823,0.368
8/4/2022,20:48:43,11508,294,691,0.575
8/4/2022,20:48:55,11509,670,970,0.309
8/4/2022,20:49:05,11510,671,1096,0.388
8/4/2022,20:49:12,11511,6,9,NA
8/4/2022,20:49:16,11512,9,12,NA
8/4/2022,20:50:52,11513,240,457,0.475
8/4/2022,20:51:02,11514,592,1194,0.504
8/4/2022,20:51:11,11515,481,940,0.488
8/4/2022,20:51:20,11516,522,1081,0.517
8/4/2022,20:51:30,11517,10,10,NA
8/4/2022,20:51:49,11518,345,812,0.575
8/4/2022,20:51:50,11519,590,799,0.262
8/4/2022,20:51:52,11520,642,780,0.177
8/4/2022,20:52:54,11521,237,503,0.529
8/4/2022,20:53:08,11522,244,477,0.488
8/4/2022,20:53:19,11523,360,707,0.491
8/4/2022,20:53:33,11524,325,661,0.508
8/4/2022,20:53:40,11525,10,10,NA
8/4/2022,20:54:02,11526,348,773,0.55
8/4/2022,20:54:11,11527,372,798,0.534
8/4/2022,20:54:21,11528,372,701,0.469
8/4/2022,20:54:29,11529,360,749,0.519
8/4/2022,20:54:36,11530,12,12,NA
8/4/2022,20:54:54,11531,352,747,0.529
8/4/2022,20:55:06,11532,295,678,0.565
8/4/2022,20:55:17,11533,248,496,0.5
8/4/2022,20:55:29,11534,364,810,0.551
8/4/2022,20:55:34,11535,13,10,NA
8/4/2022,20:56:00,11536,865,1213,0.287
8/4/2022,20:56:15,11537,722,1024,0.295
8/4/2022,20:57:03,11538,878,1355,0.352
8/4/2022,20:57:12,11539,439,930,0.528
8/4/2022,20:57:20,11540,556,762,0.27
8/4/2022,20:57:28,11541,11,13,NA
8/4/2022,20:57:52,11542,565,791,0.286
8/4/2022,20:58:00,11543,373,819,0.545
8/4/2022,20:58:11,11544,643,1026,0.373
8/4/2022,20:58:20,11545,748,1172,0.362
8/4/2022,20:58:26,11546,11,12,NA
8/4/2022,20:58:29,11547,9,10,NA
8/4/2022,20:59:55,11548,373,992,0.624
8/4/2022,21:00:06,11549,400,1127,0.645
8/4/2022,21:00:21,11550,621,1837,0.662
8/4/2022,21:00:34,11551,353,962,0.633
8/4/2022,21:00:41,11552,8,8,NA
8/4/2022,21:01:02,11553,379,1073,0.647
8/4/2022,21:01:17,11554,419,1168,0.641
8/4/2022,21:01:28,11555,445,1224,0.636
8/4/2022,21:01:45,11556,449,1289,0.652
8/4/2022,21:01:50,11557,6,8,NA
8/4/2022,21:02:13,11558,371,1044,0.645
8/4/2022,21:02:24,11559,318,935,0.66
8/4/2022,21:02:34,11560,479,1433,0.666
8/4/2022,21:02:46,11561,474,1391,0.659
8/4/2022,21:02:52,11562,11,11,NA
8/4/2022,21:03:14,11563,328,906,0.638
8/4/2022,21:03:26,11564,260,642,0.595
8/4/2022,21:03:39,11565,268,773,0.653
8/4/2022,21:04:03,11566,433,1261,0.657
8/4/2022,21:04:08,11567,8,10,NA
8/4/2022,21:04:34,11568,480,1447,0.668
8/4/2022,21:04:51,11569,553,1653,0.665
8/4/2022,21:05:05,11570,530,1564,0.661
8/4/2022,21:05:18,11571,571,1707,0.665
8/4/2022,21:05:24,11572,7,11,NA
8/4/2022,21:05:50,11573,547,1582,0.654
8/4/2022,21:05:59,11574,381,1061,0.641
8/4/2022,21:06:11,11575,323,963,0.665
8/4/2022,21:06:22,11576,345,1010,0.658
8/4/2022,21:06:28,11577,8,10,NA
8/4/2022,21:06:30,11578,8,9,NA
8/4/2022,21:08:12,11579,495,1347,0.633
8/4/2022,21:08:22,11580,524,1432,0.634
8/4/2022,21:08:37,11581,558,1522,0.633
8/4/2022,21:08:53,11582,593,1669,0.645
8/4/2022,21:08:57,11583,7,8,NA
8/4/2022,21:09:22,11584,424,1109,0.618
8/4/2022,21:09:31,11585,406,1071,0.621
8/4/2022,21:09:48,11586,456,1218,0.626
8/4/2022,21:09:57,11587,468,1223,0.617
8/4/2022,21:10:04,11588,10,12,NA
8/4/2022,21:10:42,11589,532,1452,0.634
8/4/2022,21:10:53,11590,462,1241,0.628
8/4/2022,21:11:05,11591,228,613,0.628
8/4/2022,21:11:14,11592,567,1465,0.613
8/4/2022,21:11:20,11593,11,11,NA
8/4/2022,21:11:46,11594,406,1145,0.645
8/4/2022,21:11:56,11595,310,859,0.639
8/4/2022,21:12:12,11596,276,750,0.632
8/4/2022,21:12:21,11597,433,1189,0.636
8/4/2022,21:12:25,11598,7,13,NA
8/4/2022,21:12:43,11599,522,1590,0.672
8/4/2022,21:12:53,11600,458,1409,0.675
8/4/2022,21:13:07,11601,464,1457,0.682
8/4/2022,21:13:18,11602,529,1564,0.662
8/4/2022,21:13:27,11603,8,8,NA
8/4/2022,21:13:47,11604,493,1334,0.63
8/4/2022,21:13:55,11605,434,1218,0.644
8/4/2022,21:14:05,11606,419,1157,0.638
8/4/2022,21:14:18,11607,379,1084,0.65
8/4/2022,21:14:23,11608,8,9,NA
8/4/2022,21:14:25,11609,9,9,NA
8/4/2022,21:14:26,11610,9,9,NA
8/4/2022,22:13:38,11611,381,868,0.561
8/4/2022,22:13:50,11612,271,589,0.54
8/4/2022,22:14:07,11613,371,829,0.552
8/4/2022,22:14:20,11614,429,937,0.542
8/4/2022,22:14:26,11615,13,13,NA
8/4/2022,22:14:51,11616,388,885,0.562
8/4/2022,22:15:01,11617,216,442,0.511
8/4/2022,22:15:14,11618,295,627,0.53
8/4/2022,22:15:25,11619,318,685,0.536
8/4/2022,22:15:30,11620,14,12,NA
8/4/2022,22:15:53,11621,358,800,0.553
8/4/2022,22:16:05,11622,348,736,0.527
8/4/2022,22:16:17,11623,325,771,0.578
8/4/2022,22:16:27,11624,327,770,0.575
8/4/2022,22:16:32,11625,13,13,NA
8/4/2022,22:16:57,11626,316,744,0.575
8/4/2022,22:17:07,11627,345,817,0.578
8/4/2022,22:17:21,11628,297,643,0.538
8/4/2022,22:17:38,11629,266,662,0.598
8/4/2022,22:17:43,11630,11,11,NA
8/4/2022,22:18:03,11631,290,723,0.599
8/4/2022,22:18:19,11632,871,1681,0.482
8/4/2022,22:18:29,11633,776,1478,0.475
8/4/2022,22:18:41,11634,619,1290,0.52
8/4/2022,22:18:45,11635,10,12,NA
8/4/2022,22:19:04,11636,340,587,0.421
8/4/2022,22:19:15,11637,350,849,0.588
8/4/2022,22:19:27,11638,519,918,0.435
8/4/2022,22:19:39,11639,707,1250,0.434
8/4/2022,22:19:45,11640,12,13,NA
8/4/2022,22:19:47,11641,13,11,NA
8/4/2022,22:20:54,11642,363,754,0.519
8/4/2022,22:21:03,11643,474,951,0.502
8/4/2022,22:21:17,11644,468,946,0.505
8/4/2022,22:21:27,11645,372,773,0.519
8/4/2022,22:21:33,11646,11,12,NA
8/4/2022,22:21:50,11647,356,716,0.503
8/4/2022,22:22:08,11648,380,759,0.499
8/4/2022,22:22:20,11649,377,786,0.52
8/4/2022,22:22:31,11650,339,687,0.507
8/4/2022,22:22:37,11651,13,12,NA
8/4/2022,22:22:56,11652,413,880,0.531
8/4/2022,22:23:05,11653,347,758,0.542
8/4/2022,22:23:18,11654,411,721,0.43
8/4/2022,22:23:28,11655,239,424,0.436
8/4/2022,22:23:33,11656,9,10,NA
8/4/2022,22:24:02,11657,312,645,0.516
8/4/2022,22:24:13,11658,371,743,0.501
8/4/2022,22:24:23,11659,277,552,0.498
8/4/2022,22:24:36,11660,405,853,0.525
8/4/2022,22:24:42,11661,11,10,NA
8/4/2022,22:25:00,11662,543,816,0.335
8/4/2022,22:25:10,11663,631,940,0.329
8/4/2022,22:25:27,11664,871,1288,0.324
8/4/2022,22:25:38,11665,461,1014,0.545
8/4/2022,22:25:50,11666,544,854,0.363
8/4/2022,22:25:55,11667,11,12,NA
8/4/2022,22:26:14,11668,406,595,0.318
8/4/2022,22:26:28,11669,339,633,0.464
8/4/2022,22:26:45,11670,448,711,0.37
8/4/2022,22:26:58,11671,483,715,0.324
8/4/2022,22:27:05,11672,12,11,NA
8/4/2022,22:27:06,11673,9,13,NA
8/4/2022,22:28:16,11674,486,1311,0.629
8/4/2022,22:28:26,11675,603,1666,0.638
8/4/2022,22:28:38,11676,589,1683,0.65
8/4/2022,22:28:53,11677,435,1152,0.622
8/4/2022,22:28:57,11678,9,8,NA
8/4/2022,22:29:15,11679,338,888,0.619
8/4/2022,22:29:29,11680,397,1070,0.629
8/4/2022,22:29:40,11681,514,1406,0.634
8/4/2022,22:29:50,11682,477,1252,0.619
8/4/2022,22:29:55,11683,7,9,NA
8/4/2022,22:30:23,11684,266,764,0.652
8/4/2022,22:30:31,11685,429,1181,0.637
8/4/2022,22:30:41,11686,316,929,0.66
8/4/2022,22:30:51,11687,483,1194,0.595
8/4/2022,22:30:57,11688,5,8,NA
8/4/2022,22:31:20,11689,175,485,0.639
8/4/2022,22:31:41,11690,311,857,0.637
8/4/2022,22:31:55,11691,302,886,0.659
8/4/2022,22:32:11,11692,411,1186,0.653
8/4/2022,22:32:33,11693,10,11,NA
8/4/2022,22:32:52,11694,575,1762,0.674
8/4/2022,22:33:03,11695,476,1388,0.657
8/4/2022,22:33:16,11696,627,1799,0.651
8/4/2022,22:33:26,11697,584,1714,0.659
8/4/2022,22:33:32,11698,9,11,NA
8/4/2022,22:33:52,11699,559,1560,0.642
8/4/2022,22:34:02,11700,461,1187,0.612
8/4/2022,22:34:15,11701,539,1404,0.616
8/4/2022,22:34:26,11702,448,1285,0.651
8/4/2022,22:34:32,11703,7,13,NA
8/4/2022,22:34:36,11704,8,13,NA
8/4/2022,22:35:55,11705,523,1500,0.651
8/4/2022,22:36:09,11706,556,1502,0.63
8/4/2022,22:36:20,11707,534,1417,0.623
8/4/2022,22:36:33,11708,513,1426,0.64
8/4/2022,22:36:38,11709,9,10,NA
8/4/2022,22:36:56,11710,471,1161,0.594
8/4/2022,22:37:07,11711,246,602,0.591
8/4/2022,22:37:21,11712,504,1253,0.598
8/4/2022,22:37:32,11713,354,954,0.629
8/4/2022,22:37:42,11714,10,13,NA
8/4/2022,22:37:59,11715,300,780,0.615
8/4/2022,22:38:09,11716,433,1171,0.63
8/4/2022,22:38:21,11717,489,1369,0.643
8/4/2022,22:38:34,11718,471,1139,0.586
8/4/2022,22:38:41,11719,9,9,NA
8/4/2022,22:39:01,11720,377,1069,0.647
8/4/2022,22:39:09,11721,500,1204,0.585
8/4/2022,22:39:30,11722,371,981,0.622
8/4/2022,22:39:42,11723,466,1133,0.589
8/4/2022,22:39:47,11724,7,11,NA
8/4/2022,22:40:25,11725,553,1638,0.662
8/4/2022,22:40:34,11726,521,1494,0.651
8/4/2022,22:40:45,11727,558,1599,0.651
8/4/2022,22:40:55,11728,521,1474,0.647
8/4/2022,22:41:02,11729,9,6,NA
8/4/2022,22:41:16,11730,492,1338,0.632
8/4/2022,22:41:28,11731,370,1059,0.651
8/4/2022,22:41:38,11732,257,664,0.613
8/4/2022,22:41:49,11733,240,673,0.643
8/4/2022,22:41:55,11734,8,9,NA
8/4/2022,22:41:56,11735,7,9,NA
8/4/2022,22:41:58,11736,8,9,NA
