TimeP,RandN,Rep,Count_ul,FC_df,InputVol_ul,RespVol_ul,SendInputVol_ul,SendTotalVol_ul
M1,M1_1,A,668.6,1,1000,300,20,200
M1,M1_1,B,697.34,1,1000,300,20,200
M1,M1_1,C,732.72,1,1000,300,20,200
M1,M1_2,A,174.33,1,1000,300,20,200
M1,M1_2,B,144.12,1,1000,300,20,200
M1,M1_2,C,104.64,1,1000,300,20,200
M1,M1_3,A,215.7,1,1000,300,20,200
M1,M1_3,B,173.12,1,1000,300,20,200
M1,M1_3,C,226.73,1,1000,300,20,200
M1,M1_4,A,117.29,1,1000,300,20,200
M1,M1_4,B,190.99,1,1000,300,20,200
M1,M1_4,C,111.26,1,1000,300,20,200
M1,M1_5,A,183.4,1,1000,300,20,200
M1,M1_5,B,158.66,1,1000,300,20,200
M1,M1_5,C,143.96,1,1000,300,20,200
M1,M1_6,A,106.84,1,1000,300,20,200
M1,M1_6,B,82.48,1,1000,300,20,200
M1,M1_6,C,86.88,1,1000,300,20,200
M1,M1_7,A,95.39,1,1000,300,20,200
M1,M1_7,B,74.47,1,1000,300,20,200
M1,M1_7,C,109,1,1000,300,20,200
M1,M1_8,A,215.6,1,1000,300,20,200
M1,M1_8,B,242.53,1,1000,300,20,200
M1,M1_8,C,229.48,1,1000,300,20,200
M1,M1_9,A,NA,1,1000,300,20,200
M1,M1_9,B,115.8,1,1000,300,20,200
M1,M1_9,C,77.44,1,1000,300,20,200
M1,M1_10,A,171.35,1,1000,300,20,200
M1,M1_10,B,144.56,1,1000,300,20,200
M1,M1_10,C,156.61,1,1000,300,20,200
M1,M1_11,A,248.71,1,1000,300,20,200
M1,M1_11,B,231.28,1,1000,300,20,200
M1,M1_11,C,337.08,1,1000,300,20,200
M1,M1_12,A,243.09,1,1000,300,20,200
M1,M1_12,B,266.68,1,1000,300,20,200
M1,M1_12,C,329.6,1,1000,300,20,200
M1,M1_13,A,801.84,1,1000,300,20,200
M1,M1_13,B,863.99,1,1000,300,20,200
M1,M1_13,C,794.83,1,1000,300,20,200
M1,M1_14,A,805.41,1,1000,300,20,200
M1,M1_14,B,818.32,1,1000,300,20,200
M1,M1_14,C,1241.24,1,1000,300,20,200
M1,M1_15,A,985.2,1,1000,300,20,200
M1,M1_15,B,761.77,1,1000,300,20,200
M1,M1_15,C,742.16,1,1000,300,20,200
M1,M1_16,A,561,1,1000,300,20,200
M1,M1_16,B,575.11,1,1000,300,20,200
M1,M1_16,C,542.08,1,1000,300,20,200
M1,M1_17,A,120,1,1000,300,20,200
M1,M1_17,B,127.98,1,1000,300,20,200
M1,M1_17,C,111.54,1,1000,300,20,200
M1,M1_18,A,667.82,1,1000,300,20,200
M1,M1_18,B,616.72,1,1000,300,20,200
M1,M1_18,C,680.8,1,1000,300,20,200
M1,M1_19,A,1064.15,1,1000,300,20,200
M1,M1_19,B,1373.4,1,1000,300,20,200
M1,M1_19,C,1156.6,1,1000,300,20,200
M1,M1_20,A,416.6,1,1000,300,20,200
M1,M1_20,B,440.15,1,1000,300,20,200
M1,M1_20,C,450,1,1000,300,20,200
M1,M1_21,A,1336.44,1,1000,300,20,200
M1,M1_21,B,1453,1,1000,300,20,200
M1,M1_21,C,1461.2,1,1000,300,20,200
M1,M1_22,A,441.56,1,1000,300,20,200
M1,M1_22,B,493.4,1,1000,300,20,200
M1,M1_22,C,503.29,1,1000,300,20,200
M1,M1_23,A,1330,1,1000,300,20,200
M1,M1_23,B,1234.52,1,1000,300,20,200
M1,M1_23,C,1360.26,1,1000,300,20,200
M1,M1_24,A,1161.07,1,1000,300,20,200
M1,M1_24,B,1169.44,1,1000,300,20,200
M1,M1_24,C,1091.48,1,1000,300,20,200
M1,M1_25,A,599.92,1,1000,300,20,200
M1,M1_25,B,544.06,1,1000,300,20,200
M1,M1_25,C,539.37,1,1000,300,20,200
M1,M1_26,A,118.12,1,1000,300,20,200
M1,M1_26,B,139.8,1,1000,300,20,200
M1,M1_26,C,142.36,1,1000,300,20,200
M1,M1_27,A,1212.24,1,1000,300,20,200
M1,M1_27,B,1269.76,1,1000,300,20,200
M1,M1_27,C,1274.37,1,1000,300,20,200
M1,M1_28,A,118.45,1,1000,300,20,200
M1,M1_28,B,117.41,1,1000,300,20,200
M1,M1_28,C,94.75,1,1000,300,20,200
M1,M1_29,A,499.64,1,1000,300,20,200
M1,M1_29,B,441.96,1,1000,300,20,200
M1,M1_29,C,391.3,1,1000,300,20,200
M1,M1_30,A,329.61,1,1000,300,20,200
M1,M1_30,B,274.42,1,1000,300,20,200
M1,M1_30,C,328.61,1,1000,300,20,200
M1,M1_31,A,84.16,1,1000,300,20,200
M1,M1_31,B,97.16,1,1000,300,20,200
M1,M1_31,C,80.13,1,1000,300,20,200
M1,M1_32,A,802.38,1,1000,300,20,200
M1,M1_32,B,819.76,1,1000,300,20,200
M1,M1_32,C,766.2,1,1000,300,20,200
M1,M1_33,A,55.67,1,1000,300,20,200
M1,M1_33,B,38.87,1,1000,300,20,200
M1,M1_33,C,50.84,1,1000,300,20,200
M1,M1_34,A,565.84,1,1000,300,20,200
M1,M1_34,B,450.58,1,1000,300,20,200
M1,M1_34,C,632.99,1,1000,300,20,200
M1,M1_35,A,763.86,1,1000,300,20,200
M1,M1_35,B,766.61,1,1000,300,20,200
M1,M1_35,C,790.05,1,1000,300,20,200
M1,M1_36,A,433.16,1,1000,300,20,200
M1,M1_36,B,501,1,1000,300,20,200
M1,M1_36,C,475.58,1,1000,300,20,200
M1,M1_37,A,738.76,1,1000,300,20,200
M1,M1_37,B,780.05,1,1000,300,20,200
M1,M1_37,C,736.1,1,1000,300,20,200
M1,M1_38,A,789.12,1,1000,300,20,200
M1,M1_38,B,706.14,1,1000,300,20,200
M1,M1_38,C,770.77,1,1000,300,20,200
M1,M1_39,A,727.04,1,1000,300,20,200
M1,M1_39,B,787.8,1,1000,300,20,200
M1,M1_39,C,806.56,1,1000,300,20,200
M1,M1_40,A,328.09,1,1000,300,20,200
M1,M1_40,B,356.84,1,1000,300,20,200
M1,M1_40,C,413.2,1,1000,300,20,200
M1,M1_41,A,441.85,1,1000,300,20,200
M1,M1_41,B,418.18,1,1000,300,20,200
M1,M1_41,C,469.6,1,1000,300,20,200
M1,M1_42,A,187.72,1,1000,300,20,200
M1,M1_42,B,222.36,1,1000,300,20,200
M1,M1_42,C,227.88,1,1000,300,20,200
M1,M1_43,A,183.8,1,1000,300,20,200
M1,M1_43,B,149.14,1,1000,300,20,200
M1,M1_43,C,288.52,1,1000,300,20,200
M1,M1_44,A,522.28,1,1000,300,20,200
M1,M1_44,B,506.31,1,1000,300,20,200
M1,M1_44,C,571.68,1,1000,300,20,200
M1,M1_45,A,162.84,1,1000,300,20,200
M1,M1_45,B,148.54,1,1000,300,20,200
M1,M1_45,C,151.02,1,1000,300,20,200
M1,M1_46,A,906.09,1,1000,300,20,200
M1,M1_46,B,1020.73,1,1000,300,20,200
M1,M1_46,C,976.16,1,1000,300,20,200
M1,M1_47,A,320.66,1,1000,300,20,200
M1,M1_47,B,283.14,1,1000,300,20,200
M1,M1_47,C,353.08,1,1000,300,20,200
M1,M1_48,A,543.58,1,1000,300,20,200
M1,M1_48,B,565.72,1,1000,300,20,200
M1,M1_48,C,553.98,1,1000,300,20,200
M1,M1_49,A,1174.24,1,1000,300,20,200
M1,M1_49,B,872.03,1,1000,300,20,200
M1,M1_49,C,1226.94,1,1000,300,20,200
M1,M1_50,A,263.52,1,1000,300,20,200
M1,M1_50,B,251.56,1,1000,300,20,200
M1,M1_50,C,295.19,1,1000,300,20,200
M1,M1_51,A,439.6,1,1000,300,20,200
M1,M1_51,B,456.8,1,1000,300,20,200
M1,M1_51,C,484.36,1,1000,300,20,200
M1,M1_52,A,680.51,1,1000,300,20,200
M1,M1_52,B,817.68,1,1000,300,20,200
M1,M1_52,C,691.32,1,1000,300,20,200
M1,M1_53,A,304.06,1,1000,300,20,200
M1,M1_53,B,261.13,1,1000,300,20,200
M1,M1_53,C,344.83,1,1000,300,20,200
M1,M1_54,A,746.4,1,1000,300,20,200
M1,M1_54,B,715.84,1,1000,300,20,200
M1,M1_54,C,873.02,1,1000,300,20,200
M1,M1_55,A,366.36,1,1000,300,20,200
M1,M1_55,B,347.24,1,1000,300,20,200
M1,M1_55,C,361.68,1,1000,300,20,200
M1,M1_56,A,867.29,1,1000,300,20,200
M1,M1_56,B,709.32,1,1000,300,20,200
M1,M1_56,C,886.33,1,1000,300,20,200
M1,M1_57,A,26.26,1,1000,300,20,200
M1,M1_57,B,24.6,1,1000,300,20,200
M1,M1_57,C,25.2,1,1000,300,20,200
M1,M1_58,A,697.48,1,1000,300,20,200
M1,M1_58,B,722.68,1,1000,300,20,200
M1,M1_58,C,534.91,1,1000,300,20,200
M1,M1_59,A,648.57,1,1000,300,20,200
M1,M1_59,B,671.83,1,1000,300,20,200
M1,M1_59,C,698.36,1,1000,300,20,200
M1,M1_60,A,611.25,1,1000,300,20,200
M1,M1_60,B,572.66,1,1000,300,20,200
M1,M1_60,C,678.98,1,1000,300,20,200
M1,M1_61,A,315.19,1,1000,300,20,200
M1,M1_61,B,329.75,1,1000,300,20,200
M1,M1_61,C,289.85,1,1000,300,20,200
M1,M1_62,A,931.27,1,1000,300,20,200
M1,M1_62,B,773.94,1,1000,300,20,200
M1,M1_62,C,865.49,1,1000,300,20,200
M1,M1_63,A,371.67,1,1000,300,20,200
M1,M1_63,B,363.15,1,1000,300,20,200
M1,M1_63,C,374.36,1,1000,300,20,200
M1,M1_64,A,796.47,1,1000,300,20,200
M1,M1_64,B,915.96,1,1000,300,20,200
M1,M1_64,C,849.2,1,1000,300,20,200
M1,M1_65,A,709.84,1,1000,300,20,200
M1,M1_65,B,673.4,1,1000,300,20,200
M1,M1_65,C,763.92,1,1000,300,20,200
M1,M1_66,A,529.76,1,1000,300,20,200
M1,M1_66,B,572.9,1,1000,300,20,200
M1,M1_66,C,659.04,1,1000,300,20,200
M1,M1_67,A,788.52,1,1000,300,20,200
M1,M1_67,B,877.81,1,1000,300,20,200
M1,M1_67,C,874.86,1,1000,300,20,200
M1,M1_68,A,157.33,1,1000,300,20,200
M1,M1_68,B,140.83,1,1000,300,20,200
M1,M1_68,C,167.56,1,1000,300,20,200
M1,M1_69,A,419.4,1,1000,300,20,200
M1,M1_69,B,419.68,1,1000,300,20,200
M1,M1_69,C,446.92,1,1000,300,20,200
M1,M1_70,A,401.11,1,1000,300,20,200
M1,M1_70,B,475.24,1,1000,300,20,200
M1,M1_70,C,465.86,1,1000,300,20,200
M1,M1_71,A,870.83,1,1000,300,20,200
M1,M1_71,B,826.34,1,1000,300,20,200
M1,M1_71,C,985.94,1,1000,300,20,200
M1,M1_72,A,1245.77,1,1000,300,20,200
M1,M1_72,B,1253.01,1,1000,300,20,200
M1,M1_72,C,1221.03,1,1000,300,20,200
M1,M1_73,A,1552.18,1,1000,300,20,200
M1,M1_73,B,1191.96,1,1000,300,20,200
M1,M1_73,C,1473.97,1,1000,300,20,200
M1,M1_74,A,1097.77,1,1000,300,20,200
M1,M1_74,B,1007.99,1,1000,300,20,200
M1,M1_74,C,880.12,1,1000,300,20,200
M1,M1_75,A,1228.03,1,1000,300,20,200
M1,M1_75,B,1061.01,1,1000,300,20,200
M1,M1_75,C,1268.84,1,1000,300,20,200
M1,M1_76,A,1238.92,1,1000,300,20,200
M1,M1_76,B,1251.88,1,1000,300,20,200
M1,M1_76,C,1096.28,1,1000,300,20,200
M1,M1_77,A,707.53,1,1000,300,20,200
M1,M1_77,B,618.87,1,1000,300,20,200
M1,M1_77,C,680.12,1,1000,300,20,200
M1,M1_78,A,1106.93,1,1000,300,20,200
M1,M1_78,B,1182.92,1,1000,300,20,200
M1,M1_78,C,1457.28,1,1000,300,20,200
M1,M1_79,A,348.13,1,1000,300,20,200
M1,M1_79,B,329.57,1,1000,300,20,200
M1,M1_79,C,479.16,1,1000,300,20,200
M1,M1_80,A,672.68,1,1000,300,20,200
M1,M1_80,B,761.8,1,1000,300,20,200
M1,M1_80,C,948.26,1,1000,300,20,200
M1,M1_81,A,764.22,1,1000,300,20,200
M1,M1_81,B,592.43,1,1000,300,20,200
M1,M1_81,C,704.84,1,1000,300,20,200
M1,M1_82,A,349.84,1,1000,300,20,200
M1,M1_82,B,518.44,1,1000,300,20,200
M1,M1_82,C,228.72,1,1000,300,20,200
M1,M1_83,A,203.05,1,1000,300,20,200
M1,M1_83,B,209.68,1,1000,300,20,200
M1,M1_83,C,156.17,1,1000,300,20,200
M1,M1_84,A,655.54,1,1000,300,20,200
M1,M1_84,B,742.05,1,1000,300,20,200
M1,M1_84,C,662.12,1,1000,300,20,200
M1,M1_85,A,696.2,1,1000,300,20,200
M1,M1_85,B,799.93,1,1000,300,20,200
M1,M1_85,C,762.56,1,1000,300,20,200
M1,M1_86,A,134.67,1,1000,300,20,200
M1,M1_86,B,133.92,1,1000,300,20,200
M1,M1_86,C,109.84,1,1000,300,20,200
M1,M1_87,A,53.62,1,1000,300,20,200
M1,M1_87,B,74.32,1,1000,300,20,200
M1,M1_87,C,55.07,1,1000,300,20,200
M1,M1_88,A,113.05,1,1000,300,20,200
M1,M1_88,B,113.71,1,1000,300,20,200
M1,M1_88,C,98.73,1,1000,300,20,200
M1,M1_89,A,307.4,1,1000,300,20,200
M1,M1_89,B,297.84,1,1000,300,20,200
M1,M1_89,C,306.72,1,1000,300,20,200
M1,M1_90,A,610.41,1,1000,300,20,200
M1,M1_90,B,532.4,1,1000,300,20,200
M1,M1_90,C,512.38,1,1000,300,20,200
M1,M1_91,A,388.92,1,1000,300,20,200
M1,M1_91,B,369.86,1,1000,300,20,200
M1,M1_91,C,344.75,1,1000,300,20,200
M1,M1_92,A,257.88,1,1000,300,20,200
M1,M1_92,B,280.85,1,1000,300,20,200
M1,M1_92,C,228.68,1,1000,300,20,200
M1,M1_93,A,362.92,1,1000,300,20,200
M1,M1_93,B,338.13,1,1000,300,20,200
M1,M1_93,C,292.86,1,1000,300,20,200
M1,M1_94,A,498.24,1,1000,300,20,200
M1,M1_94,B,460.4,1,1000,300,20,200
M1,M1_94,C,442.84,1,1000,300,20,200
M1,M1_95,A,51.21,1,1000,300,20,200
M1,M1_95,B,44.18,1,1000,300,20,200
M1,M1_95,C,43.12,1,1000,300,20,200
M1,M1_96,A,172.12,1,1000,300,20,200
M1,M1_96,B,153.56,1,1000,300,20,200
M1,M1_96,C,170.32,1,1000,300,20,200
M4,M4_2,A,110.76,1,1000,300,20,200
M4,M4_1,B,115.58,1,1000,300,20,200
M4,M4_1,C,130.04,1,1000,300,20,200
M4,M4_2,A,184.44,1,1000,300,20,200
M4,M4_1,B,117.85,1,1000,300,20,200
M4,M4_2,C,98.81,1,1000,300,20,200
M4,M4_3,A,215.42,1,1000,300,20,200
M4,M4_3,B,278.44,1,1000,300,20,200
M4,M4_3,C,266.47,1,1000,300,20,200
M4,M4_4,A,145.81,1,1000,300,20,200
M4,M4_4,B,236.42,1,1000,300,20,200
M4,M4_4,C,268.32,1,1000,300,20,200
M4,M4_5,A,184.45,1,1000,300,20,200
M4,M4_5,B,264,1,1000,300,20,200
M4,M4_5,C,330.13,1,1000,300,20,200
M4,M4_6,A,222.9,1,1000,300,20,200
M4,M4_6,B,155.09,1,1000,300,20,200
M4,M4_6,C,256.95,1,1000,300,20,200
M4,M4_7,A,444.65,1,1000,300,20,200
M4,M4_7,B,546.27,1,1000,300,20,200
M4,M4_7,C,497.59,1,1000,300,20,200
M4,M4_8,A,408.84,1,1000,300,20,200
M4,M4_8,B,524.56,1,1000,300,20,200
M4,M4_8,C,468.83,1,1000,300,20,200
M4,M4_9,A,139,1,1000,300,20,200
M4,M4_9,B,133.8,1,1000,300,20,200
M4,M4_9,C,113.23,1,1000,300,20,200
M4,M4_10,A,258.94,1,1000,300,20,200
M4,M4_10,B,193.2,1,1000,300,20,200
M4,M4_10,C,275.31,1,1000,300,20,200
M4,M4_11,A,172.36,1,1000,300,20,200
M4,M4_11,B,209.16,1,1000,300,20,200
M4,M4_11,C,100.76,1,1000,300,20,200
M4,M4_12,A,454.65,1,1000,300,20,200
M4,M4_12,B,818.8,1,1000,300,20,200
M4,M4_12,C,895.76,1,1000,300,20,200
M4,M4_13,A,139.06,1,1000,300,20,200
M4,M4_13,B,122.76,1,1000,300,20,200
M4,M4_13,C,246.59,1,1000,300,20,200
M4,M4_14,A,163.76,1,1000,300,20,200
M4,M4_14,B,246.63,1,1000,300,20,200
M4,M4_14,C,140.24,1,1000,300,20,200
M4,M4_15,A,63.91,1,1000,300,20,200
M4,M4_15,B,47.56,1,1000,300,20,200
M4,M4_15,C,87.89,1,1000,300,20,200
M4,M4_16,A,94.27,1,1000,300,20,200
M4,M4_16,B,274.64,1,1000,300,20,200
M4,M4_16,C,90.32,1,1000,300,20,200
M4,M4_17,A,148.66,1,1000,600,20,200
M4,M4_17,B,185.37,1,1000,600,20,200
M4,M4_17,C,188.56,1,1000,600,20,200
M4,M4_18,A,72.02,1,1000,600,20,200
M4,M4_18,B,55.79,1,1000,600,20,200
M4,M4_18,C,51.09,1,1000,600,20,200
M4,M4_19,A,177.29,1,1000,600,20,200
M4,M4_19,B,104.16,1,1000,600,20,200
M4,M4_19,C,164.88,1,1000,600,20,200
M4,M4_20,A,167,1,1000,600,20,200
M4,M4_20,B,163.76,1,1000,600,20,200
M4,M4_20,C,119.12,1,1000,600,20,200
M4,M4_21,A,48.2,1,1000,600,20,200
M4,M4_21,B,33.1,1,1000,600,20,200
M4,M4_21,C,44.36,1,1000,600,20,200
M4,M4_22,A,61.28,1,1000,600,20,200
M4,M4_22,B,41.76,1,1000,600,20,200
M4,M4_22,C,26.63,1,1000,600,20,200
M4,M4_23,A,118.88,1,1000,600,20,200
M4,M4_23,B,117.2,1,1000,600,20,200
M4,M4_23,C,143.08,1,1000,600,20,200
M4,M4_24,A,84.71,1,1000,600,20,200
M4,M4_24,B,84.43,1,1000,600,20,200
M4,M4_24,C,74.79,1,1000,600,20,200
M4,M4_25,A,49.91,1,1000,600,20,200
M4,M4_25,B,139.54,1,1000,600,20,200
M4,M4_25,C,104.92,1,1000,600,20,200
M4,M4_26,A,144.52,1,1000,600,20,200
M4,M4_26,B,110.72,1,1000,600,20,200
M4,M4_26,C,132.6,1,1000,600,20,200
M4,M4_27,A,106.68,1,1000,600,20,200
M4,M4_27,B,95.36,1,1000,600,20,200
M4,M4_27,C,134.08,1,1000,600,20,200
M4,M4_28,A,86.24,1,1000,600,20,200
M4,M4_28,B,94.85,1,1000,600,20,200
M4,M4_28,C,62.54,1,1000,600,20,200
M4,M4_29,A,256.72,1,1000,600,20,200
M4,M4_29,B,132.12,1,1000,600,20,200
M4,M4_29,C,226.12,1,1000,600,20,200
M4,M4_30,A,57.4,1,1000,600,20,200
M4,M4_30,B,55.68,1,1000,600,20,200
M4,M4_30,C,55.66,1,1000,600,20,200
M4,M4_31,A,78.37,1,1000,600,20,200
M4,M4_31,B,78.4,1,1000,600,20,200
M4,M4_31,C,71.96,1,1000,600,20,200
M4,M4_32,A,322.92,1,1000,600,20,200
M4,M4_32,B,247.99,1,1000,600,20,200
M4,M4_32,C,358.49,1,1000,600,20,200
M4,M4_33,A,294.52,1,1000,600,20,200
M4,M4_33,B,262.25,1,1000,600,20,200
M4,M4_33,C,284.02,1,1000,600,20,200
M4,M4_34,A,259.72,1,1000,600,20,200
M4,M4_34,B,32.6,1,1000,600,20,200
M4,M4_34,C,254.91,1,1000,600,20,200
M4,M4_35,A,44.88,1,1000,600,20,200
M4,M4_35,B,88.97,1,1000,600,20,200
M4,M4_35,C,73.64,1,1000,600,20,200
M4,M4_37,A,312.46,1,1000,600,20,200
M4,M4_36,B,97.61,1,1000,600,20,200
M4,M4_36,C,98.65,1,1000,600,20,200
M4,M4_36,A,135.72,1,1000,600,20,200
M4,M4_37,B,313.16,1,1000,600,20,200
M4,M4_37,C,282.48,1,1000,600,20,200
M4,M4_38,A,105.21,1,1000,600,20,200
M4,M4_38,B,114.07,1,1000,600,20,200
M4,M4_38,C,84.04,1,1000,600,20,200
M4,M4_39,A,90.98,1,1000,600,20,200
M4,M4_39,B,105.44,1,1000,600,20,200
M4,M4_39,C,155.12,1,1000,600,20,200
M4,M4_40,A,135.6,1,1000,600,20,200
M4,M4_40,B,58.88,1,1000,600,20,200
M4,M4_40,C,133.44,1,1000,600,20,200
M4,M4_41,A,284.54,1,1000,600,20,200
M4,M4_41,B,240.92,1,1000,600,20,200
M4,M4_41,C,250.72,1,1000,600,20,200
M4,M4_42,A,216.7,1,1000,600,20,200
M4,M4_42,B,130.18,1,1000,600,20,200
M4,M4_42,C,232.76,1,1000,600,20,200
M4,M4_43,A,274.14,1,1000,600,20,200
M4,M4_43,B,102.06,1,1000,600,20,200
M4,M4_43,C,232.08,1,1000,600,20,200
M4,M4_44,A,358.56,1,1000,600,20,200
M4,M4_44,B,84.2,1,1000,600,20,200
M4,M4_44,C,37.56,1,1000,600,20,200
M4,M4_45,A,88.17,1,1000,600,20,200
M4,M4_45,B,112.03,1,1000,600,20,200
M4,M4_45,C,127.44,1,1000,600,20,200
M4,M4_46,A,33.33,1,1000,600,20,200
M4,M4_46,B,49.53,1,1000,600,20,200
M4,M4_46,C,29.52,1,1000,600,20,200
M4,M4_47,A,54.39,1,1000,600,20,200
M4,M4_47,B,53.1,1,1000,600,20,200
M4,M4_47,C,37.48,1,1000,600,20,200
M4,M4_48,A,275.64,1,1000,600,20,200
M4,M4_48,B,307.84,1,1000,600,20,200
M4,M4_48,C,281.02,1,1000,600,20,200
M4,M4_49,A,229.64,1,1000,600,20,200
M4,M4_49,B,228.39,1,1000,600,20,200
M4,M4_49,C,398.02,1,1000,600,20,200
M4,M4_50,A,468.96,1,1000,600,20,200
M4,M4_50,B,495.36,1,1000,600,20,200
M4,M4_50,C,671.87,1,1000,600,20,200
M4,M4_51,A,373.24,1,1000,600,20,200
M4,M4_51,B,385.12,1,1000,600,20,200
M4,M4_51,C,481,1,1000,600,20,200
M4,M4_52,A,321.3,1,1000,600,20,200
M4,M4_52,B,458.76,1,1000,600,20,200
M4,M4_52,C,175.45,1,1000,600,20,200
M4,M4_53,A,737.4,1,1000,600,20,200
M4,M4_53,B,510.04,1,1000,600,20,200
M4,M4_53,C,755.38,1,1000,600,20,200
M4,M4_54,A,348.25,1,1000,600,20,200
M4,M4_54,B,321.7,1,1000,600,20,200
M4,M4_54,C,315.27,1,1000,600,20,200
M4,M4_55,A,166.61,1,1000,600,20,200
M4,M4_55,B,189.27,1,1000,600,20,200
M4,M4_55,C,79.46,1,1000,600,20,200
M4,M4_56,A,78.78,1,1000,600,20,200
M4,M4_56,B,202.16,1,1000,600,20,200
M4,M4_56,C,154.68,1,1000,600,20,200
M4,M4_57,A,807.48,1,1000,600,20,200
M4,M4_57,B,357.77,1,1000,600,20,200
M4,M4_57,C,575.2,1,1000,600,20,200
M4,M4_58,A,201.4,1,1000,600,20,200
M4,M4_58,B,162.46,1,1000,600,20,200
M4,M4_58,C,182.64,1,1000,600,20,200
M4,M4_59,A,176.8,1,1000,600,20,200
M4,M4_59,B,301.86,1,1000,600,20,200
M4,M4_59,C,217.14,1,1000,600,20,200
M4,M4_60,A,227.35,1,1000,600,20,200
M4,M4_60,B,243.28,1,1000,600,20,200
M4,M4_60,C,204.96,1,1000,600,20,200
M4,M4_61,A,242.24,1,1000,600,20,200
M4,M4_61,B,267.88,1,1000,600,20,200
M4,M4_61,C,511.61,1,1000,600,20,200
M4,M4_62,A,197.76,1,1000,600,20,200
M4,M4_62,B,129.16,1,1000,600,20,200
M4,M4_62,C,176.4,1,1000,600,20,200
M4,M4_63,A,366.81,1,1000,600,20,200
M4,M4_63,B,376.65,1,1000,600,20,200
M4,M4_63,C,272.81,1,1000,600,20,200
M4,M4_64,A,104.58,1,1000,600,20,200
M4,M4_64,B,158.92,1,1000,600,20,200
M4,M4_64,C,138.78,1,1000,600,20,200
M4,M4_65,A,202.48,1,1000,600,20,200
M4,M4_65,B,189.24,1,1000,600,20,200
M4,M4_65,C,202.76,1,1000,600,20,200
M4,M4_66,A,172.48,1,1000,600,20,200
M4,M4_66,B,137.56,1,1000,600,20,200
M4,M4_66,C,158.91,1,1000,600,20,200
M4,M4_67,A,377.84,1,1000,600,20,200
M4,M4_67,B,340.88,1,1000,600,20,200
M4,M4_67,C,347.24,1,1000,600,20,200
M4,M4_68,A,179.36,1,1000,600,20,200
M4,M4_68,B,198.44,1,1000,600,20,200
M4,M4_68,C,91,1,1000,600,20,200
M4,M4_69,A,146.04,1,1000,600,20,200
M4,M4_69,B,176.28,1,1000,600,20,200
M4,M4_69,C,316.04,1,1000,600,20,200
M4,M4_70,A,278.83,1,1000,600,20,200
M4,M4_70,B,304.92,1,1000,600,20,200
M4,M4_70,C,266.44,1,1000,600,20,200
M4,M4_71,A,414.56,1,1000,600,20,200
M4,M4_71,B,411.12,1,1000,600,20,200
M4,M4_71,C,356.92,1,1000,600,20,200
M4,M4_72,A,169.32,1,1000,600,20,200
M4,M4_72,B,344.79,1,1000,600,20,200
M4,M4_72,C,345.12,1,1000,600,20,200
M4,M4_73,A,191.4,1,1000,600,20,200
M4,M4_73,B,225.92,1,1000,600,20,200
M4,M4_73,C,121.52,1,1000,600,20,200
M4,M4_74,A,554.88,1,1000,600,20,200
M4,M4_74,B,199.67,1,1000,600,20,200
M4,M4_74,C,460.76,1,1000,600,20,200
M4,M4_75,A,181.35,1,1000,600,20,200
M4,M4_75,B,181.19,1,1000,600,20,200
M4,M4_75,C,174.29,1,1000,600,20,200
M4,M4_76,A,682.36,1,1000,600,20,200
M4,M4_76,B,498.15,1,1000,600,20,200
M4,M4_76,C,257.52,1,1000,600,20,200
M4,M4_77,A,167.2,1,1000,600,20,200
M4,M4_77,B,141.58,1,1000,600,20,200
M4,M4_77,C,167,1,1000,600,20,200
M4,M4_78,A,334.04,1,1000,600,20,200
M4,M4_78,B,201.89,1,1000,600,20,200
M4,M4_78,C,366.44,1,1000,600,20,200
M4,M4_79,A,234.16,1,1000,600,20,200
M4,M4_79,B,190.84,1,1000,600,20,200
M4,M4_79,C,124.99,1,1000,600,20,200
M4,M4_80,A,109.21,1,1000,600,20,200
M4,M4_80,B,130.6,1,1000,600,20,200
M4,M4_80,C,97.08,1,1000,600,20,200
M4,M4_81,A,267.47,1,1000,600,20,200
M4,M4_81,B,210.92,1,1000,600,20,200
M4,M4_81,C,262.92,1,1000,600,20,200
M4,M4_82,A,184.13,1,1000,600,20,200
M4,M4_82,B,187.18,1,1000,600,20,200
M4,M4_82,C,184.2,1,1000,600,20,200
M4,M4_83,A,203.28,1,1000,600,20,200
M4,M4_83,B,216.54,1,1000,600,20,200
M4,M4_83,C,129.44,1,1000,600,20,200
M4,M4_84,A,221.84,1,1000,600,20,200
M4,M4_84,B,232.71,1,1000,600,20,200
M4,M4_84,C,305.48,1,1000,600,20,200
M4,M4_85,A,359.09,1,1000,600,20,200
M4,M4_85,B,545.43,1,1000,600,20,200
M4,M4_85,C,321.2,1,1000,600,20,200
M4,M4_86,A,166.8,1,1000,600,20,200
M4,M4_86,B,282.5,1,1000,600,20,200
M4,M4_86,C,202.4,1,1000,600,20,200
M4,M4_87,A,74,1,1000,600,20,200
M4,M4_87,B,110.34,1,1000,600,20,200
M4,M4_87,C,61.2,1,1000,600,20,200
M4,M4_88,A,209.63,1,1000,600,20,200
M4,M4_88,B,219.79,1,1000,600,20,200
M4,M4_88,C,179.47,1,1000,600,20,200
M4,M4_89,A,94.08,1,1000,600,20,200
M4,M4_89,B,128,1,1000,600,20,200
M4,M4_89,C,139.16,1,1000,600,20,200
M4,M4_90,A,79.05,1,1000,600,20,200
M4,M4_90,B,92.56,1,1000,600,20,200
M4,M4_90,C,62.38,1,1000,600,20,200
M4,M4_91,A,206.5,1,1000,600,20,200
M4,M4_91,B,96.36,1,1000,600,20,200
M4,M4_91,C,128.53,1,1000,600,20,200
M4,M4_92,A,49.36,1,1000,600,20,200
M4,M4_92,B,57.96,1,1000,600,20,200
M4,M4_92,C,54.76,1,1000,600,20,200
M4,M4_93,A,74.59,1,1000,600,20,200
M4,M4_93,B,48,1,1000,600,20,200
M4,M4_93,C,65.12,1,1000,600,20,200
M4,M4_94,A,222.56,1,1000,600,20,200
M4,M4_94,B,228.36,1,1000,600,20,200
M4,M4_94,C,330.04,1,1000,600,20,200
M4,M4_95,A,57.32,1,1000,600,20,200
M4,M4_95,B,55.04,1,1000,600,20,200
M4,M4_95,C,37.32,1,1000,600,20,200
M4,M4_96,A,81.26,1,1000,600,20,200
M4,M4_96,B,124.68,1,1000,600,20,200
M4,M4_96,C,59.72,1,1000,600,20,200
M8,M8_1,A,119.14,1,1000,600,20,200
M8,M8_1,B,114.52,1,1000,600,20,200
M8,M8_1,C,117.85,1,1000,600,20,200
M8,M8_2,A,75.03,1,1000,600,20,200
M8,M8_2,B,83.16,1,1000,600,20,200
M8,M8_2,C,86.59,1,1000,600,20,200
M8,M8_3,A,117.01,1,1000,600,20,200
M8,M8_3,B,114.28,1,1000,600,20,200
M8,M8_3,C,120.84,1,1000,600,20,200
M8,M8_4,A,373.6,1,1000,600,20,200
M8,M8_4,B,376.88,1,1000,600,20,200
M8,M8_4,C,395.65,1,1000,600,20,200
M8,M8_5,A,747.64,1,1000,600,20,200
M8,M8_5,B,800.88,1,1000,600,20,200
M8,M8_5,C,833.72,1,1000,600,20,200
M8,M8_6,A,394.52,1,1000,600,20,200
M8,M8_6,B,411.24,1,1000,600,20,200
M8,M8_6,C,429.77,1,1000,600,20,200
M8,M8_7,A,193.73,1,1000,600,20,200
M8,M8_7,B,203.68,1,1000,600,20,200
M8,M8_7,C,205.74,1,1000,600,20,200
M8,M8_8,A,686.78,1,1000,600,20,200
M8,M8_8,B,711.4,1,1000,600,20,200
M8,M8_8,C,705.04,1,1000,600,20,200
M8,M8_9,A,763.86,1,1000,600,20,200
M8,M8_9,B,751.07,1,1000,600,20,200
M8,M8_9,C,770.45,1,1000,600,20,200
M8,M8_10,A,249.21,1,1000,600,20,200
M8,M8_10,B,275.63,1,1000,600,20,200
M8,M8_10,C,269.64,1,1000,600,20,200
M8,M8_11,A,630.6,1,1000,600,20,200
M8,M8_11,B,642.48,1,1000,600,20,200
M8,M8_11,C,612.04,1,1000,600,20,200
M8,M8_12,A,570.63,1,1000,600,20,200
M8,M8_12,B,635.12,1,1000,600,20,200
M8,M8_12,C,577.84,1,1000,600,20,200
M8,M8_13,A,471.84,1,1000,600,20,200
M8,M8_13,B,443,1,1000,600,20,200
M8,M8_13,C,514.26,1,1000,600,20,200
M8,M8_14,A,667.5,1,1000,600,20,200
M8,M8_14,B,661.88,1,1000,600,20,200
M8,M8_14,C,674.16,1,1000,600,20,200
M8,M8_15,A,387.8,1,1000,600,20,200
M8,M8_15,B,377.32,1,1000,600,20,200
M8,M8_15,C,393,1,1000,600,20,200
M8,M8_16,A,443.2,1,1000,600,20,200
M8,M8_16,B,446.76,1,1000,600,20,200
M8,M8_16,C,458.39,1,1000,600,20,200
M8,M8_17,A,421.24,1,1000,600,20,200
M8,M8_17,B,417.9,1,1000,600,20,200
M8,M8_17,C,436.31,1,1000,600,20,200
M8,M8_18,A,854.43,1,1000,600,20,200
M8,M8_18,B,908.24,1,1000,600,20,200
M8,M8_18,C,953.21,1,1000,600,20,200
M8,M8_19,A,514.6,1,1000,600,20,200
M8,M8_19,B,545.03,1,1000,600,20,200
M8,M8_19,C,532.54,1,1000,600,20,200
M8,M8_20,A,1018.68,1,1000,600,20,200
M8,M8_20,B,1089.36,1,1000,600,20,200
M8,M8_20,C,1073.52,1,1000,600,20,200
M8,M8_21,A,874.58,1,1000,600,20,200
M8,M8_21,B,713.71,1,1000,600,20,200
M8,M8_21,C,672.44,1,1000,600,20,200
M8,M8_22,A,552.8,1,1000,600,20,200
M8,M8_22,B,553.4,1,1000,600,20,200
M8,M8_22,C,511.41,1,1000,600,20,200
M8,M8_23,A,581.02,1,1000,600,20,200
M8,M8_23,B,607.34,1,1000,600,20,200
M8,M8_23,C,601.54,1,1000,600,20,200
M8,M8_24,A,533.98,1,1000,600,20,200
M8,M8_24,B,549.57,1,1000,600,20,200
M8,M8_24,C,531.37,1,1000,600,20,200
M8,M8_25,A,863.34,1,1000,600,20,200
M8,M8_25,B,473.53,1,1000,600,20,200
M8,M8_25,C,839.37,1,1000,600,20,200
M8,M8_26,A,372.15,1,1000,600,20,200
M8,M8_26,B,383.6,1,1000,600,20,200
M8,M8_26,C,371.25,1,1000,600,20,200
M8,M8_27,A,1051.66,1,1000,600,20,200
M8,M8_27,B,987.83,1,1000,600,20,200
M8,M8_27,C,916.25,1,1000,600,20,200
M8,M8_28,A,803.02,1,1000,600,20,200
M8,M8_28,B,847.87,1,1000,600,20,200
M8,M8_28,C,881.84,1,1000,600,20,200
M8,M8_29,A,718.91,1,1000,600,20,200
M8,M8_29,B,723.56,1,1000,600,20,200
M8,M8_29,C,694.16,1,1000,600,20,200
M8,M8_30,A,466.61,1,1000,600,20,200
M8,M8_30,B,505.3,1,1000,600,20,200
M8,M8_30,C,450.54,1,1000,600,20,200
M8,M8_31,A,435.48,1,1000,600,20,200
M8,M8_31,B,370.52,1,1000,600,20,200
M8,M8_31,C,381.51,1,1000,600,20,200
M8,M8_32,A,481.97,1,1000,600,20,200
M8,M8_32,B,465.36,1,1000,600,20,200
M8,M8_32,C,468.59,1,1000,600,20,200
M8,M8_33,A,847.16,1,1000,600,20,200
M8,M8_33,B,842.52,1,1000,600,20,200
M8,M8_33,C,868.77,1,1000,600,20,200
M8,M8_34,A,223.06,1,1000,600,20,200
M8,M8_34,B,227.8,1,1000,600,20,200
M8,M8_34,C,236.3,1,1000,600,20,200
M8,M8_35,A,687.56,1,1000,600,20,200
M8,M8_35,B,655.32,1,1000,600,20,200
M8,M8_35,C,613.52,1,1000,600,20,200
M8,M8_36,A,714.83,1,1000,600,20,200
M8,M8_36,B,750.36,1,1000,600,20,200
M8,M8_36,C,784.1,1,1000,600,20,200
M8,M8_37,A,629.16,1,1000,600,20,200
M8,M8_37,B,635.53,1,1000,600,20,200
M8,M8_37,C,649.38,1,1000,600,20,200
M8,M8_38,A,204.73,1,1000,600,20,200
M8,M8_38,B,206.92,1,1000,600,20,200
M8,M8_38,C,208.55,1,1000,600,20,200
M8,M8_39,A,188.34,1,1000,600,20,200
M8,M8_39,B,188.76,1,1000,600,20,200
M8,M8_39,C,202.93,1,1000,600,20,200
M8,M8_40,A,470.48,1,1000,600,20,200
M8,M8_40,B,477.47,1,1000,600,20,200
M8,M8_40,C,474.82,1,1000,600,20,200
M8,M8_41,A,787.88,1,1000,600,20,200
M8,M8_41,B,846.24,1,1000,600,20,200
M8,M8_41,C,747.84,1,1000,600,20,200
M8,M8_42,A,925.33,1,1000,600,20,200
M8,M8_42,B,905.89,1,1000,600,20,200
M8,M8_42,C,1130.46,1,1000,600,20,200
M8,M8_43,A,493.01,1,1000,600,20,200
M8,M8_43,B,525.96,1,1000,600,20,200
M8,M8_43,C,544.36,1,1000,600,20,200
M8,M8_44,A,572.04,1,1000,600,20,200
M8,M8_44,B,590.12,1,1000,600,20,200
M8,M8_44,C,514.86,1,1000,600,20,200
M8,M8_45,A,704.9,1,1000,600,20,200
M8,M8_45,B,703.12,1,1000,600,20,200
M8,M8_45,C,756.44,1,1000,600,20,200
M8,M8_46,A,1020.93,1,1000,600,20,200
M8,M8_46,B,1066.92,1,1000,600,20,200
M8,M8_46,C,1002.53,1,1000,600,20,200
M8,M8_47,A,421.4,1,1000,600,20,200
M8,M8_47,B,427.58,1,1000,600,20,200
M8,M8_47,C,434.89,1,1000,600,20,200
M8,M8_48,A,636.28,1,1000,600,20,200
M8,M8_48,B,635.65,1,1000,600,20,200
M8,M8_48,C,760.2,1,1000,600,20,200
M8,M8_49,A,251.49,1,1000,600,20,200
M8,M8_49,B,266.28,1,1000,600,20,200
M8,M8_49,C,289.69,1,1000,600,20,200
M8,M8_50,A,643.4,1,1000,600,20,200
M8,M8_50,B,530.24,1,1000,600,20,200
M8,M8_50,C,617.81,1,1000,600,20,200
M8,M8_51,A,792.64,1,1000,600,20,200
M8,M8_51,B,835.92,1,1000,600,20,200
M8,M8_51,C,869.58,1,1000,600,20,200
M8,M8_52,A,555.36,1,1000,600,20,200
M8,M8_52,B,562.98,1,1000,600,20,200
M8,M8_52,C,445.94,1,1000,600,20,200
M8,M8_53,A,628.72,1,1000,600,20,200
M8,M8_53,B,649.86,1,1000,600,20,200
M8,M8_53,C,610.89,1,1000,600,20,200
M8,M8_54,A,337.48,1,1000,600,20,200
M8,M8_54,B,411.03,1,1000,600,20,200
M8,M8_54,C,383.21,1,1000,600,20,200
M8,M8_55,A,253.29,1,1000,600,20,200
M8,M8_55,B,286.47,1,1000,600,20,200
M8,M8_55,C,269.9,1,1000,600,20,200
M8,M8_56,A,147.68,1,1000,600,20,200
M8,M8_56,B,195.37,1,1000,600,20,200
M8,M8_56,C,176.45,1,1000,600,20,200
M8,M8_57,A,290.77,1,1000,600,20,200
M8,M8_57,B,329.09,1,1000,600,20,200
M8,M8_57,C,313.02,1,1000,600,20,200
M8,M8_58,A,421.55,1,1000,600,20,200
M8,M8_58,B,273.52,1,1000,600,20,200
M8,M8_58,C,296.07,1,1000,600,20,200
M8,M8_59,A,145.76,1,1000,600,20,200
M8,M8_59,B,181.88,1,1000,600,20,200
M8,M8_59,C,184.08,1,1000,600,20,200
M8,M8_60,A,227.01,1,1000,600,20,200
M8,M8_60,B,223.42,1,1000,600,20,200
M8,M8_60,C,224.94,1,1000,600,20,200
M8,M8_61,A,454.13,1,1000,600,20,200
M8,M8_61,B,487.39,1,1000,600,20,200
M8,M8_61,C,447.34,1,1000,600,20,200
M8,M8_62,A,348.41,1,1000,600,20,200
M8,M8_62,B,324.16,1,1000,600,20,200
M8,M8_62,C,371.52,1,1000,600,20,200
M8,M8_63,A,483.92,1,1000,600,20,200
M8,M8_63,B,557.4,1,1000,600,20,200
M8,M8_63,C,523.7,1,1000,600,20,200
M8,M8_64,A,179.44,1,1000,600,20,200
M8,M8_64,B,184.01,1,1000,600,20,200
M8,M8_64,C,189.19,1,1000,600,20,200
M8,M8_65,A,56.77,1,1000,600,20,200
M8,M8_65,B,62.62,1,1000,600,20,200
M8,M8_65,C,48.76,1,1000,600,20,200
M8,M8_66,A,497.51,1,1000,600,20,200
M8,M8_66,B,446.72,1,1000,600,20,200
M8,M8_66,C,502.97,1,1000,600,20,200
M8,M8_67,A,190.16,1,1000,600,20,200
M8,M8_67,B,169.08,1,1000,600,20,200
M8,M8_67,C,200.32,1,1000,600,20,200
M8,M8_68,A,190.83,1,1000,600,20,200
M8,M8_68,B,198.6,1,1000,600,20,200
M8,M8_68,C,292.9,1,1000,600,20,200
M8,M8_69,A,600,1,1000,600,20,200
M8,M8_69,B,1003.68,1,1000,600,20,200
M8,M8_69,C,650.32,1,1000,600,20,200
M8,M8_70,A,283.16,1,1000,600,20,200
M8,M8_70,B,245.74,1,1000,600,20,200
M8,M8_70,C,279.48,1,1000,600,20,200
M8,M8_71,A,468.87,1,1000,600,20,200
M8,M8_71,B,753.66,1,1000,600,20,200
M8,M8_71,C,478.75,1,1000,600,20,200
M8,M8_72,A,147.24,1,1000,600,20,200
M8,M8_72,B,160.52,1,1000,600,20,200
M8,M8_72,C,152.56,1,1000,600,20,200
M8,M8_73,A,199.72,1,1000,600,20,200
M8,M8_73,B,187.54,1,1000,600,20,200
M8,M8_73,C,208.76,1,1000,600,20,200
M8,M8_74,A,174.08,1,1000,600,20,200
M8,M8_74,B,193.4,1,1000,600,20,200
M8,M8_74,C,212.92,1,1000,600,20,200
M8,M8_75,A,462.46,1,1000,600,20,200
M8,M8_75,B,557.96,1,1000,600,20,200
M8,M8_75,C,534.99,1,1000,600,20,200
M8,M8_76,A,333.39,1,1000,600,20,200
M8,M8_76,B,369.28,1,1000,600,20,200
M8,M8_76,C,293.58,1,1000,600,20,200
M8,M8_77,A,451.42,1,1000,600,20,200
M8,M8_77,B,435.6,1,1000,600,20,200
M8,M8_77,C,501.76,1,1000,600,20,200
M8,M8_78,A,776.82,1,1000,600,20,200
M8,M8_78,B,737.83,1,1000,600,20,200
M8,M8_78,C,735.4,1,1000,600,20,200
M8,M8_79,A,468.4,1,1000,600,20,200
M8,M8_79,B,503.01,1,1000,600,20,200
M8,M8_79,C,455.33,1,1000,600,20,200
M8,M8_80,A,743.37,1,1000,600,20,200
M8,M8_80,B,789.12,1,1000,600,20,200
M8,M8_80,C,790.14,1,1000,600,20,200
M8,M8_81,A,218.84,1,1000,600,20,200
M8,M8_81,B,173.78,1,1000,600,20,200
M8,M8_81,C,233.5,1,1000,600,20,200
M8,M8_82,A,593.8,1,1000,600,20,200
M8,M8_82,B,601.8,1,1000,600,20,200
M8,M8_82,C,650.6,1,1000,600,20,200
M8,M8_83,A,600.16,1,1000,600,20,200
M8,M8_83,B,649.28,1,1000,600,20,200
M8,M8_83,C,1213.47,1,1000,600,20,200
M8,M8_84,A,263.17,1,1000,600,20,200
M8,M8_84,B,284.78,1,1000,600,20,200
M8,M8_84,C,264.52,1,1000,600,20,200
M8,M8_85,A,678.84,1,1000,600,20,200
M8,M8_85,B,696.98,1,1000,600,20,200
M8,M8_85,C,648,1,1000,600,20,200
M8,M8_86,A,327.23,1,1000,600,20,200
M8,M8_86,B,383.52,1,1000,600,20,200
M8,M8_86,C,377.25,1,1000,600,20,200
M8,M8_87,A,333.44,1,1000,600,20,200
M8,M8_87,B,346.52,1,1000,600,20,200
M8,M8_87,C,353.24,1,1000,600,20,200
M8,M8_88,A,322.88,1,1000,600,20,200
M8,M8_88,B,323.57,1,1000,600,20,200
M8,M8_88,C,364.64,1,1000,600,20,200
M8,M8_89,A,553.68,1,1000,600,20,200
M8,M8_89,B,522.96,1,1000,600,20,200
M8,M8_89,C,649.56,1,1000,600,20,200
M8,M8_90,A,555.52,1,1000,600,20,200
M8,M8_90,B,641.47,1,1000,600,20,200
M8,M8_90,C,660.43,1,1000,600,20,200
M8,M8_91,A,371.12,1,1000,600,20,200
M8,M8_91,B,399,1,1000,600,20,200
M8,M8_91,C,437.23,1,1000,600,20,200
M8,M8_92,A,139.52,1,1000,600,20,200
M8,M8_92,B,133.95,1,1000,600,20,200
M8,M8_92,C,152.12,1,1000,600,20,200
M8,M8_93,A,403.64,1,1000,600,20,200
M8,M8_93,B,403.08,1,1000,600,20,200
M8,M8_93,C,412.23,1,1000,600,20,200
M8,M8_94,A,330.84,1,1000,600,20,200
M8,M8_94,B,338.73,1,1000,600,20,200
M8,M8_94,C,358.21,1,1000,600,20,200
M8,M8_95,A,583.64,1,1000,600,20,200
M8,M8_95,B,535.47,1,1000,600,20,200
M8,M8_95,C,587.44,1,1000,600,20,200
M8,M8_96,A,415.53,1,1000,600,20,200
M8,M8_96,B,435.78,1,1000,600,20,200
M8,M8_96,C,428.18,1,1000,600,20,200
M12,M12_1,A,552.38,1,1000,600,20,200
M12,M12_1,B,539.68,1,1000,600,20,200
M12,M12_1,C,580.29,1,1000,600,20,200
M12,M12_2,A,384.52,1,1000,600,20,200
M12,M12_2,B,445.56,1,1000,600,20,200
M12,M12_2,C,421.32,1,1000,600,20,200
M12,M12_3,A,61.8,1,1000,600,20,200
M12,M12_3,B,57.32,1,1000,600,20,200
M12,M12_3,C,73.8,1,1000,600,20,200
M12,M12_4,A,570.65,1,1000,600,20,200
M12,M12_4,B,479,1,1000,600,20,200
M12,M12_4,C,414.3,1,1000,600,20,200
M12,M12_5,A,217.8,1,1000,600,20,200
M12,M12_5,B,257.39,1,1000,600,20,200
M12,M12_5,C,238.34,1,1000,600,20,200
M12,M12_6,A,117.24,1,1000,600,20,200
M12,M12_6,B,120.46,1,1000,600,20,200
M12,M12_6,C,121.04,1,1000,600,20,200
M12,M12_7,A,122.99,1,1000,600,20,200
M12,M12_7,B,144.88,1,1000,600,20,200
M12,M12_7,C,144.56,1,1000,600,20,200
M12,M12_8,A,688.96,1,1000,600,20,200
M12,M12_8,B,555.48,1,1000,600,20,200
M12,M12_8,C,592.96,1,1000,600,20,200
M12,M12_9,A,151.39,1,1000,600,20,200
M12,M12_9,B,174.65,1,1000,600,20,200
M12,M12_9,C,196.4,1,1000,600,20,200
M12,M12_10,A,534.46,1,1000,600,20,200
M12,M12_10,B,611.34,1,1000,600,20,200
M12,M12_10,C,612.68,1,1000,600,20,200
M12,M12_11,A,156.77,1,1000,600,20,200
M12,M12_11,B,182.24,1,1000,600,20,200
M12,M12_11,C,166.53,1,1000,600,20,200
M12,M12_12,A,199.32,1,1000,600,20,200
M12,M12_12,B,208.04,1,1000,600,20,200
M12,M12_12,C,233,1,1000,600,20,200
M12,M12_13,A,371.38,1,1000,600,20,200
M12,M12_13,B,381.69,1,1000,600,20,200
M12,M12_13,C,380.32,1,1000,600,20,200
M12,M12_14,A,157.24,1,1000,600,20,200
M12,M12_14,B,159.78,1,1000,600,20,200
M12,M12_14,C,158.5,1,1000,600,20,200
M12,M12_15,A,461.16,1,1000,600,20,200
M12,M12_15,B,575.15,1,1000,600,20,200
M12,M12_15,C,554.08,1,1000,600,20,200
M12,M12_16,A,608.8,1,1000,600,20,200
M12,M12_16,B,628.87,1,1000,600,20,200
M12,M12_16,C,710.92,1,1000,600,20,200
M12,M12_17,A,757.4,1,1000,600,20,200
M12,M12_17,B,853.96,1,1000,600,20,200
M12,M12_17,C,764.26,1,1000,600,20,200
M12,M12_18,A,825.35,1,1000,600,20,200
M12,M12_18,B,700.2,1,1000,600,20,200
M12,M12_18,C,809.96,1,1000,600,20,200
M12,M12_19,A,78.33,1,1000,600,20,200
M12,M12_19,B,92.04,1,1000,600,20,200
M12,M12_19,C,95.72,1,1000,600,20,200
M12,M12_20,A,697.8,1,1000,600,20,200
M12,M12_20,B,673.56,1,1000,600,20,200
M12,M12_20,C,761.44,1,1000,600,20,200
M12,M12_21,A,492.44,1,1000,600,20,200
M12,M12_21,B,517.91,1,1000,600,20,200
M12,M12_21,C,483.96,1,1000,600,20,200
M12,M12_22,A,478.11,1,1000,600,20,200
M12,M12_22,B,532.17,1,1000,600,20,200
M12,M12_22,C,622.81,1,1000,600,20,200
M12,M12_23,A,515.46,1,1000,600,20,200
M12,M12_23,B,537.96,1,1000,600,20,200
M12,M12_23,C,501.97,1,1000,600,20,200
M12,M12_24,A,639.44,1,1000,600,20,200
M12,M12_24,B,591.28,1,1000,600,20,200
M12,M12_24,C,505.84,1,1000,600,20,200
M12,M12_25,A,233.24,1,1000,600,20,200
M12,M12_25,B,243.45,1,1000,600,20,200
M12,M12_25,C,244.4,1,1000,600,20,200
M12,M12_26,A,177.16,1,1000,600,20,200
M12,M12_26,B,178.36,1,1000,600,20,200
M12,M12_26,C,150,1,1000,600,20,200
M12,M12_27,A,441.06,1,1000,600,20,200
M12,M12_27,B,447.38,1,1000,600,20,200
M12,M12_27,C,444.69,1,1000,600,20,200
M12,M12_28,A,428.9,1,1000,600,20,200
M12,M12_28,B,418.41,1,1000,600,20,200
M12,M12_28,C,422,1,1000,600,20,200
M12,M12_29,A,413.86,1,1000,600,20,200
M12,M12_29,B,416.89,1,1000,600,20,200
M12,M12_29,C,382.67,1,1000,600,20,200
M12,M12_30,A,332.02,1,1000,600,20,200
M12,M12_30,B,392.04,1,1000,600,20,200
M12,M12_30,C,408.8,1,1000,600,20,200
M12,M12_31,A,94.4,1,1000,600,20,200
M12,M12_31,B,110.52,1,1000,600,20,200
M12,M12_31,C,102.8,1,1000,600,20,200
M12,M12_32,A,684.72,1,1000,600,20,200
M12,M12_32,B,765.4,1,1000,600,20,200
M12,M12_32,C,712.72,1,1000,600,20,200
M12,M12_33,A,386.33,1,1000,600,20,200
M12,M12_33,B,414.16,1,1000,600,20,200
M12,M12_33,C,359.36,1,1000,600,20,200
M12,M12_34,A,275.32,1,1000,600,20,200
M12,M12_34,B,324.27,1,1000,600,20,200
M12,M12_34,C,285.03,1,1000,600,20,200
M12,M12_35,A,297.32,1,1000,600,20,200
M12,M12_35,B,282.6,1,1000,600,20,200
M12,M12_35,C,277.08,1,1000,600,20,200
M12,M12_36,A,392.75,1,1000,600,20,200
M12,M12_36,B,355,1,1000,600,20,200
M12,M12_36,C,323.16,1,1000,600,20,200
M12,M12_37,A,374,1,1000,600,20,200
M12,M12_37,B,407.48,1,1000,600,20,200
M12,M12_37,C,321.52,1,1000,600,20,200
M12,M12_38,A,469.72,1,1000,600,20,200
M12,M12_38,B,485.6,1,1000,600,20,200
M12,M12_38,C,500.9,1,1000,600,20,200
M12,M12_39,A,741.48,1,1000,600,20,200
M12,M12_39,B,776.47,1,1000,600,20,200
M12,M12_39,C,793.56,1,1000,600,20,200
M12,M12_40,A,569.65,1,1000,600,20,200
M12,M12_40,B,575.92,1,1000,600,20,200
M12,M12_40,C,555.87,1,1000,600,20,200
M12,M12_41,A,561.98,1,1000,600,20,200
M12,M12_41,B,637.05,1,1000,600,20,200
M12,M12_41,C,611.64,1,1000,600,20,200
M12,M12_42,A,194.95,1,1000,600,20,200
M12,M12_42,B,192.6,1,1000,600,20,200
M12,M12_42,C,214.13,1,1000,600,20,200
M12,M12_43,A,126.96,1,1000,600,20,200
M12,M12_43,B,124.28,1,1000,600,20,200
M12,M12_43,C,141.32,1,1000,600,20,200
M12,M12_44,A,246.08,1,1000,600,20,200
M12,M12_44,B,243.73,1,1000,600,20,200
M12,M12_44,C,260.3,1,1000,600,20,200
M12,M12_45,A,285.37,1,1000,600,20,200
M12,M12_45,B,286.8,1,1000,600,20,200
M12,M12_45,C,287.76,1,1000,600,20,200
M12,M12_46,A,293.52,1,1000,600,20,200
M12,M12_46,B,361.91,1,1000,600,20,200
M12,M12_46,C,352.67,1,1000,600,20,200
M12,M12_47,A,591.48,1,1000,600,20,200
M12,M12_47,B,654,1,1000,600,20,200
M12,M12_47,C,658.08,1,1000,600,20,200
M12,M12_48,A,713.19,1,1000,600,20,200
M12,M12_48,B,663.72,1,1000,600,20,200
M12,M12_48,C,612.21,1,1000,600,20,200
M12,M12_49,A,493.16,1,1000,600,20,200
M12,M12_49,B,471.28,1,1000,600,20,200
M12,M12_49,C,487.16,1,1000,600,20,200
M12,M12_50,A,661.12,1,1000,600,20,200
M12,M12_50,B,655.88,1,1000,600,20,200
M12,M12_50,C,687.48,1,1000,600,20,200
M12,M12_51,A,630.38,1,1000,600,20,200
M12,M12_51,B,456.06,1,1000,600,20,200
M12,M12_51,C,420.59,1,1000,600,20,200
M12,M12_52,A,499.92,1,1000,600,20,200
M12,M12_52,B,452.2,1,1000,600,20,200
M12,M12_52,C,437.98,1,1000,600,20,200
M12,M12_53,A,143.4,1,1000,600,20,200
M12,M12_53,B,144.04,1,1000,600,20,200
M12,M12_53,C,142.35,1,1000,600,20,200
M12,M12_54,A,528.13,1,1000,600,20,200
M12,M12_54,B,522.36,1,1000,600,20,200
M12,M12_54,C,521.16,1,1000,600,20,200
M12,M12_55,A,508.39,1,1000,600,20,200
M12,M12_55,B,508.11,1,1000,600,20,200
M12,M12_55,C,480.23,1,1000,600,20,200
M12,M12_56,A,207.23,1,1000,600,20,200
M12,M12_56,B,201.4,1,1000,600,20,200
M12,M12_56,C,230.51,1,1000,600,20,200
M12,M12_57,A,409.38,1,1000,600,20,200
M12,M12_57,B,377.19,1,1000,600,20,200
M12,M12_57,C,409.78,1,1000,600,20,200
M12,M12_58,A,496.32,1,1000,600,20,200
M12,M12_58,B,490.93,1,1000,600,20,200
M12,M12_58,C,482.72,1,1000,600,20,200
M12,M12_59,A,114.52,1,1000,600,20,200
M12,M12_59,B,116.24,1,1000,600,20,200
M12,M12_59,C,114.92,1,1000,600,20,200
M12,M12_60,A,156.25,1,1000,600,20,200
M12,M12_60,B,176.44,1,1000,600,20,200
M12,M12_60,C,201.28,1,1000,600,20,200
M12,M12_61,A,60.97,1,1000,600,20,200
M12,M12_61,B,70.61,1,1000,600,20,200
M12,M12_61,C,63.96,1,1000,600,20,200
M12,M12_62,A,374.16,1,1000,600,20,200
M12,M12_62,B,398.34,1,1000,600,20,200
M12,M12_62,C,399.86,1,1000,600,20,200
M12,M12_63,A,559.7,1,1000,600,20,200
M12,M12_63,B,570.08,1,1000,600,20,200
M12,M12_63,C,543.86,1,1000,600,20,200
M12,M12_64,A,304.72,1,1000,600,20,200
M12,M12_64,B,294.38,1,1000,600,20,200
M12,M12_64,C,298.29,1,1000,600,20,200
M12,M12_65,A,525.59,1,1000,600,20,200
M12,M12_65,B,637.68,1,1000,600,20,200
M12,M12_65,C,588.84,1,1000,600,20,200
M12,M12_66,A,242.4,1,1000,600,20,200
M12,M12_66,B,305.87,1,1000,600,20,200
M12,M12_66,C,287.08,1,1000,600,20,200
M12,M12_67,A,263.92,1,1000,600,20,200
M12,M12_67,B,222.97,1,1000,600,20,200
M12,M12_67,C,246.16,1,1000,600,20,200
M12,M12_68,A,621.52,1,1000,600,20,200
M12,M12_68,B,598.61,1,1000,600,20,200
M12,M12_68,C,639.76,1,1000,600,20,200
M12,M12_69,A,454.25,1,1000,600,20,200
M12,M12_69,B,678.3,1,1000,600,20,200
M12,M12_69,C,693.12,1,1000,600,20,200
M12,M12_70,A,267.44,1,1000,600,20,200
M12,M12_70,B,230.76,1,1000,600,20,200
M12,M12_70,C,234.12,1,1000,600,20,200
M12,M12_71,A,90.28,1,1000,600,20,200
M12,M12_71,B,56.72,1,1000,600,20,200
M12,M12_71,C,84.47,1,1000,600,20,200
M12,M12_72,A,544.07,1,1000,600,20,200
M12,M12_72,B,529.16,1,1000,600,20,200
M12,M12_72,C,535.68,1,1000,600,20,200
M12,M12_73,A,230.63,1,1000,600,20,200
M12,M12_73,B,265.12,1,1000,600,20,200
M12,M12_73,C,299.65,1,1000,600,20,200
M12,M12_74,A,467.85,1,1000,600,20,200
M12,M12_74,B,397.44,1,1000,600,20,200
M12,M12_74,C,513.77,1,1000,600,20,200
M12,M12_75,A,738.59,1,1000,600,20,200
M12,M12_75,B,871.72,1,1000,600,20,200
M12,M12_75,C,855.56,1,1000,600,20,200
M12,M12_76,A,1059.93,1,1000,600,20,200
M12,M12_76,B,1197.38,1,1000,600,20,200
M12,M12_76,C,981.96,1,1000,600,20,200
M12,M12_77,A,286.28,1,1000,600,20,200
M12,M12_77,B,303.64,1,1000,600,20,200
M12,M12_77,C,291.21,1,1000,600,20,200
M12,M12_78,A,348.52,1,1000,600,20,200
M12,M12_78,B,664.97,1,1000,600,20,200
M12,M12_78,C,533.07,1,1000,600,20,200
M12,M12_79,A,541.6,1,1000,600,20,200
M12,M12_79,B,519.88,1,1000,600,20,200
M12,M12_79,C,549.49,1,1000,600,20,200
M12,M12_80,A,449.88,1,1000,600,20,200
M12,M12_80,B,411.39,1,1000,600,20,200
M12,M12_80,C,464.02,1,1000,600,20,200
M12,M12_81,A,626.72,1,1000,600,20,200
M12,M12_81,B,614.76,1,1000,600,20,200
M12,M12_81,C,567.36,1,1000,600,20,200
M12,M12_82,A,184.05,1,1000,600,20,200
M12,M12_82,B,193.08,1,1000,600,20,200
M12,M12_82,C,194.4,1,1000,600,20,200
M12,M12_83,A,461.68,1,1000,600,20,200
M12,M12_83,B,443.93,1,1000,600,20,200
M12,M12_83,C,463.32,1,1000,600,20,200
M12,M12_84,A,692.52,1,1000,600,20,200
M12,M12_84,B,767.13,1,1000,600,20,200
M12,M12_84,C,726.04,1,1000,600,20,200
M12,M12_85,A,106.72,1,1000,600,20,200
M12,M12_85,B,138.32,1,1000,600,20,200
M12,M12_85,C,102.28,1,1000,600,20,200
M12,M12_86,A,189.44,1,1000,600,20,200
M12,M12_86,B,187.22,1,1000,600,20,200
M12,M12_86,C,226,1,1000,600,20,200
M12,M12_87,A,460.84,1,1000,600,20,200
M12,M12_87,B,532.76,1,1000,600,20,200
M12,M12_87,C,514.21,1,1000,600,20,200
M12,M12_88,A,734.16,1,1000,600,20,200
M12,M12_88,B,710.36,1,1000,600,20,200
M12,M12_88,C,767.8,1,1000,600,20,200
M12,M12_89,A,177.1,1,1000,600,20,200
M12,M12_89,B,209.24,1,1000,600,20,200
M12,M12_89,C,238.39,1,1000,600,20,200
M12,M12_90,A,175.76,1,1000,600,20,200
M12,M12_90,B,184.4,1,1000,600,20,200
M12,M12_90,C,184.81,1,1000,600,20,200
M12,M12_91,A,334.56,1,1000,600,20,200
M12,M12_91,B,341.36,1,1000,600,20,200
M12,M12_91,C,345.33,1,1000,600,20,200
M12,M12_92,A,700.67,1,1000,600,20,200
M12,M12_92,B,728.52,1,1000,600,20,200
M12,M12_92,C,762.53,1,1000,600,20,200
M12,M12_93,A,834.31,1,1000,600,20,200
M12,M12_93,B,866.28,1,1000,600,20,200
M12,M12_93,C,854.92,1,1000,600,20,200
M12,M12_94,A,394.28,1,1000,600,20,200
M12,M12_94,B,419.72,1,1000,600,20,200
M12,M12_94,C,425.59,1,1000,600,20,200
M12,M12_95,A,782.73,1,1000,600,20,200
M12,M12_95,B,892.55,1,1000,600,20,200
M12,M12_95,C,821.76,1,1000,600,20,200
M12,M12_96,A,883.32,1,1000,600,20,200
M12,M12_96,B,865.41,1,1000,600,20,200
M12,M12_96,C,936.05,1,1000,600,20,200
W2,W2_1,A,345.68,1,1000,600,20,200
W2,W2_1,B,381.84,1,1000,600,20,200
W2,W2_1,C,439.87,1,1000,600,20,200
W2,W2_2,A,367.6,1,1000,600,20,200
W2,W2_2,B,467.69,1,1000,600,20,200
W2,W2_2,C,435.21,1,1000,600,20,200
W2,W2_3,A,262.62,1,1000,600,20,200
W2,W2_3,B,315.68,1,1000,600,20,200
W2,W2_3,C,315.48,1,1000,600,20,200
W2,W2_4,A,598.44,1,1000,600,20,200
W2,W2_4,B,662.11,1,1000,600,20,200
W2,W2_4,C,649.8,1,1000,600,20,200
W2,W2_5,A,359.58,1,1000,600,20,200
W2,W2_5,B,450.8,1,1000,600,20,200
W2,W2_5,C,496.27,1,1000,600,20,200
W2,W2_6,A,50.09,1,1000,600,20,200
W2,W2_6,B,56.35,1,1000,600,20,200
W2,W2_6,C,53.28,1,1000,600,20,200
W2,W2_7,A,302.02,1,1000,600,20,200
W2,W2_7,B,388.74,1,1000,600,20,200
W2,W2_7,C,452.28,1,1000,600,20,200
W2,W2_8,A,226.05,1,1000,600,20,200
W2,W2_8,B,293.62,1,1000,600,20,200
W2,W2_8,C,281.86,1,1000,600,20,200
W2,W2_9,A,124.39,1,1000,600,20,200
W2,W2_9,B,136.55,1,1000,600,20,200
W2,W2_9,C,135.05,1,1000,600,20,200
W2,W2_10,A,308.72,1,1000,600,20,200
W2,W2_10,B,305.52,1,1000,600,20,200
W2,W2_10,C,293.28,1,1000,600,20,200
W2,W2_11,A,372.84,1,1000,600,20,200
W2,W2_11,B,395.88,1,1000,600,20,200
W2,W2_11,C,350.02,1,1000,600,20,200
W2,W2_12,A,249.61,1,1000,600,20,200
W2,W2_12,B,230.99,1,1000,600,20,200
W2,W2_12,C,218.12,1,1000,600,20,200
W2,W2_13,A,64.59,1,1000,600,20,200
W2,W2_13,B,82.52,1,1000,600,20,200
W2,W2_13,C,88.76,1,1000,600,20,200
W2,W2_14,A,340.86,1,1000,600,20,200
W2,W2_14,B,333.83,1,1000,600,20,200
W2,W2_14,C,315.75,1,1000,600,20,200
W2,W2_15,A,247.31,1,1000,600,20,200
W2,W2_15,B,300.52,1,1000,600,20,200
W2,W2_15,C,275.43,1,1000,600,20,200
W2,W2_16,A,312.16,1,1000,600,20,200
W2,W2_16,B,329.38,1,1000,600,20,200
W2,W2_16,C,349.8,1,1000,600,20,200
W2,W2_17,A,265.72,1,1000,600,20,200
W2,W2_17,B,291.65,1,1000,600,20,200
W2,W2_17,C,311.42,1,1000,600,20,200
W2,W2_18,A,211.44,1,1000,600,20,200
W2,W2_18,B,239.48,1,1000,600,20,200
W2,W2_18,C,221.24,1,1000,600,20,200
W2,W2_19,A,172.04,1,1000,600,20,200
W2,W2_19,B,203.04,1,1000,600,20,200
W2,W2_19,C,221.68,1,1000,600,20,200
W2,W2_20,A,545.8,1,1000,600,20,200
W2,W2_20,B,518.8,1,1000,600,20,200
W2,W2_20,C,569.51,1,1000,600,20,200
W2,W2_21,A,184,1,1000,600,20,200
W2,W2_21,B,181.2,1,1000,600,20,200
W2,W2_21,C,183.04,1,1000,600,20,200
W2,W2_22,A,213.09,1,1000,600,20,200
W2,W2_22,B,246.28,1,1000,600,20,200
W2,W2_22,C,235.08,1,1000,600,20,200
W2,W2_23,A,178.06,1,1000,600,20,200
W2,W2_23,B,191.52,1,1000,600,20,200
W2,W2_23,C,205.74,1,1000,600,20,200
W2,W2_24,A,263.78,1,1000,600,20,200
W2,W2_24,B,333.75,1,1000,600,20,200
W2,W2_24,C,320.49,1,1000,600,20,200
W2,W2_25,A,503.21,1,1000,600,20,200
W2,W2_25,B,574.64,1,1000,600,20,200
W2,W2_25,C,524.6,1,1000,600,20,200
W2,W2_26,A,665.87,1,1000,600,20,200
W2,W2_26,B,701.28,1,1000,600,20,200
W2,W2_26,C,663.64,1,1000,600,20,200
W2,W2_27,A,274.32,1,1000,600,20,200
W2,W2_27,B,322.44,1,1000,600,20,200
W2,W2_27,C,337.77,1,1000,600,20,200
W2,W2_28,A,546.32,1,1000,600,20,200
W2,W2_28,B,533.12,1,1000,600,20,200
W2,W2_28,C,558.6,1,1000,600,20,200
W2,W2_29,A,696.26,1,1000,600,20,200
W2,W2_29,B,676.84,1,1000,600,20,200
W2,W2_29,C,701.51,1,1000,600,20,200
W2,W2_30,A,432.76,1,1000,600,20,200
W2,W2_30,B,454.49,1,1000,600,20,200
W2,W2_30,C,466.84,1,1000,600,20,200
W2,W2_31,A,749.44,1,1000,600,20,200
W2,W2_31,B,911.12,1,1000,600,20,200
W2,W2_31,C,831.06,1,1000,600,20,200
W2,W2_32,A,713.25,1,1000,600,20,200
W2,W2_32,B,559.98,1,1000,600,20,200
W2,W2_32,C,555.56,1,1000,600,20,200
W2,W2_33,A,537.8,1,1000,600,20,200
W2,W2_33,B,586.6,1,1000,600,20,200
W2,W2_33,C,635.44,1,1000,600,20,200
W2,W2_34,A,548.72,1,1000,600,20,200
W2,W2_34,B,597.38,1,1000,600,20,200
W2,W2_34,C,594.67,1,1000,600,20,200
W2,W2_35,A,848.95,1,1000,600,20,200
W2,W2_35,B,966.52,1,1000,600,20,200
W2,W2_35,C,966.3,1,1000,600,20,200
W2,W2_36,A,175.46,1,1000,600,20,200
W2,W2_36,B,191.36,1,1000,600,20,200
W2,W2_36,C,170.92,1,1000,600,20,200
W2,W2_37,A,444.25,1,1000,600,20,200
W2,W2_37,B,551.52,1,1000,600,20,200
W2,W2_37,C,519.48,1,1000,600,20,200
W2,W2_38,A,431.15,1,1000,600,20,200
W2,W2_38,B,427.58,1,1000,600,20,200
W2,W2_38,C,414.64,1,1000,600,20,200
W2,W2_39,A,446.18,1,1000,600,20,200
W2,W2_39,B,454.04,1,1000,600,20,200
W2,W2_39,C,426.56,1,1000,600,20,200
W2,W2_40,A,363.31,1,1000,600,20,200
W2,W2_40,B,323.37,1,1000,600,20,200
W2,W2_40,C,337.56,1,1000,600,20,200
W2,W2_41,A,206.7,1,1000,600,20,200
W2,W2_41,B,208.59,1,1000,600,20,200
W2,W2_41,C,204.48,1,1000,600,20,200
W2,W2_42,A,194.81,1,1000,600,20,200
W2,W2_42,B,183.04,1,1000,600,20,200
W2,W2_42,C,183.32,1,1000,600,20,200
W2,W2_43,A,313.52,1,1000,600,20,200
W2,W2_43,B,348,1,1000,600,20,200
W2,W2_43,C,328.21,1,1000,600,20,200
W2,W2_44,A,160.79,1,1000,600,20,200
W2,W2_44,B,180.44,1,1000,600,20,200
W2,W2_44,C,185.25,1,1000,600,20,200
W2,W2_45,A,269.56,1,1000,600,20,200
W2,W2_45,B,348.2,1,1000,600,20,200
W2,W2_45,C,313.68,1,1000,600,20,200
W2,W2_46,A,287.11,1,1000,600,20,200
W2,W2_46,B,318.3,1,1000,600,20,200
W2,W2_46,C,295.63,1,1000,600,20,200
W2,W2_47,A,103.4,1,1000,600,20,200
W2,W2_47,B,94.8,1,1000,600,20,200
W2,W2_47,C,105.68,1,1000,600,20,200
W2,W2_48,A,183.6,1,1000,600,20,200
W2,W2_48,B,194.72,1,1000,600,20,200
W2,W2_48,C,203.68,1,1000,600,20,200
W2,W2_49,A,412.76,1,1000,600,20,200
W2,W2_49,B,392.4,1,1000,600,20,200
W2,W2_49,C,443.73,1,1000,600,20,200
W2,W2_50,A,115.2,1,1000,600,20,200
W2,W2_50,B,108.32,1,1000,600,20,200
W2,W2_50,C,106.24,1,1000,600,20,200
W2,W2_51,A,111.58,1,1000,600,20,200
W2,W2_51,B,129.7,1,1000,600,20,200
W2,W2_51,C,117.08,1,1000,600,20,200
W2,W2_52,A,286.84,1,1000,600,20,200
W2,W2_52,B,297.24,1,1000,600,20,200
W2,W2_52,C,330.98,1,1000,600,20,200
W2,W2_53,A,33.9,1,1000,600,20,200
W2,W2_53,B,35.95,1,1000,600,20,200
W2,W2_53,C,33.73,1,1000,600,20,200
W2,W2_54,A,196.94,1,1000,600,20,200
W2,W2_54,B,175.06,1,1000,600,20,200
W2,W2_54,C,255.2,1,1000,600,20,200
W2,W2_55,A,221.32,1,1000,600,20,200
W2,W2_55,B,242.9,1,1000,600,20,200
W2,W2_55,C,216.22,1,1000,600,20,200
W2,W2_56,A,189.17,1,1000,600,20,200
W2,W2_56,B,183.68,1,1000,600,20,200
W2,W2_56,C,226.26,1,1000,600,20,200
W2,W2_57,A,84.84,1,1000,600,20,200
W2,W2_57,B,81.44,1,1000,600,20,200
W2,W2_57,C,90.12,1,1000,600,20,200
W2,W2_58,A,345.84,1,1000,600,20,200
W2,W2_58,B,328.5,1,1000,600,20,200
W2,W2_58,C,360.12,1,1000,600,20,200
W2,W2_59,A,219.16,1,1000,600,20,200
W2,W2_59,B,216.56,1,1000,600,20,200
W2,W2_59,C,214.16,1,1000,600,20,200
W2,W2_60,A,191.6,1,1000,600,20,200
W2,W2_60,B,212.08,1,1000,600,20,200
W2,W2_60,C,206.12,1,1000,600,20,200
W2,W2_61,A,88.01,1,1000,600,20,200
W2,W2_61,B,80.36,1,1000,600,20,200
W2,W2_61,C,80.2,1,1000,600,20,200
W2,W2_62,A,41.56,1,1000,600,20,200
W2,W2_62,B,39.19,1,1000,600,20,200
W2,W2_62,C,40.92,1,1000,600,20,200
W2,W2_63,A,82.25,1,1000,600,20,200
W2,W2_63,B,92.02,1,1000,600,20,200
W2,W2_63,C,90.02,1,1000,600,20,200
W2,W2_64,A,124.56,1,1000,600,20,200
W2,W2_64,B,109.92,1,1000,600,20,200
W2,W2_64,C,114.88,1,1000,600,20,200
W2,W2_65,A,185.04,1,1000,600,20,200
W2,W2_65,B,172.32,1,1000,600,20,200
W2,W2_65,C,173.4,1,1000,600,20,200
W2,W2_66,A,196.22,1,1000,600,20,200
W2,W2_66,B,208.56,1,1000,600,20,200
W2,W2_66,C,212.96,1,1000,600,20,200
W2,W2_67,A,131.92,1,1000,600,20,200
W2,W2_67,B,130.94,1,1000,600,20,200
W2,W2_67,C,116.76,1,1000,600,20,200
W2,W2_68,A,158.6,1,1000,600,20,200
W2,W2_68,B,149.06,1,1000,600,20,200
W2,W2_68,C,152.76,1,1000,600,20,200
W2,W2_69,A,187.4,1,1000,600,20,200
W2,W2_69,B,193.6,1,1000,600,20,200
W2,W2_69,C,193.69,1,1000,600,20,200
W2,W2_70,A,43.28,1,1000,600,20,200
W2,W2_70,B,45.92,1,1000,600,20,200
W2,W2_70,C,37.92,1,1000,600,20,200
W2,W2_71,A,128.94,1,1000,600,20,200
W2,W2_71,B,135.16,1,1000,600,20,200
W2,W2_71,C,135.92,1,1000,600,20,200
W2,W2_72,A,274.96,1,1000,600,20,200
W2,W2_72,B,316.2,1,1000,600,20,200
W2,W2_72,C,288.16,1,1000,600,20,200
W2,W2_73,A,231.72,1,1000,600,20,200
W2,W2_73,B,227.44,1,1000,600,20,200
W2,W2_73,C,239.64,1,1000,600,20,200
W2,W2_74,A,33.7,1,1000,600,20,200
W2,W2_74,B,29.3,1,1000,600,20,200
W2,W2_74,C,32.29,1,1000,600,20,200
W2,W2_75,A,112.63,1,1000,600,20,200
W2,W2_75,B,112.91,1,1000,600,20,200
W2,W2_75,C,104.56,1,1000,600,20,200
W2,W2_76,A,50.3,1,1000,600,20,200
W2,W2_76,B,47.2,1,1000,600,20,200
W2,W2_76,C,47.08,1,1000,600,20,200
W2,W2_77,A,110.38,1,1000,600,20,200
W2,W2_77,B,116.03,1,1000,600,20,200
W2,W2_77,C,113.59,1,1000,600,20,200
W2,W2_78,A,173.98,1,1000,600,20,200
W2,W2_78,B,201.16,1,1000,600,20,200
W2,W2_78,C,198.54,1,1000,600,20,200
W2,W2_79,A,165.69,1,1000,600,20,200
W2,W2_79,B,156.89,1,1000,600,20,200
W2,W2_79,C,128.98,1,1000,600,20,200
W2,W2_80,A,165.57,1,1000,600,20,200
W2,W2_80,B,150.14,1,1000,600,20,200
W2,W2_80,C,132.76,1,1000,600,20,200
W2,W2_81,A,250.72,1,1000,600,20,200
W2,W2_81,B,254.76,1,1000,600,20,200
W2,W2_81,C,267.04,1,1000,600,20,200
W2,W2_82,A,55.77,1,1000,600,20,200
W2,W2_82,B,47,1,1000,600,20,200
W2,W2_82,C,55.77,1,1000,600,20,200
W2,W2_83,A,37.56,1,1000,600,20,200
W2,W2_83,B,63.3,1,1000,600,20,200
W2,W2_83,C,56.52,1,1000,600,20,200
W2,W2_84,A,120.54,1,1000,600,20,200
W2,W2_84,B,157.64,1,1000,600,20,200
W2,W2_84,C,132.99,1,1000,600,20,200
W2,W2_85,A,103.24,1,1000,600,20,200
W2,W2_85,B,108.2,1,1000,600,20,200
W2,W2_85,C,108.76,1,1000,600,20,200
W2,W2_86,A,132.76,1,1000,600,20,200
W2,W2_86,B,168.82,1,1000,600,20,200
W2,W2_86,C,161.91,1,1000,600,20,200
W2,W2_87,A,76.82,1,1000,600,20,200
W2,W2_87,B,70.05,1,1000,600,20,200
W2,W2_87,C,74.8,1,1000,600,20,200
W2,W2_88,A,90.58,1,1000,600,20,200
W2,W2_88,B,95.56,1,1000,600,20,200
W2,W2_88,C,88.76,1,1000,600,20,200
W2,W2_89,A,160.96,1,1000,600,20,200
W2,W2_89,B,188.42,1,1000,600,20,200
W2,W2_89,C,172.8,1,1000,600,20,200
W2,W2_90,A,92.45,1,1000,600,20,200
W2,W2_90,B,112.59,1,1000,600,20,200
W2,W2_90,C,113.35,1,1000,600,20,200
W2,W2_91,A,345.52,1,1000,600,20,200
W2,W2_91,B,415.56,1,1000,600,20,200
W2,W2_91,C,409.64,1,1000,600,20,200
W2,W2_92,A,294.06,1,1000,600,20,200
W2,W2_92,B,255.58,1,1000,600,20,200
W2,W2_92,C,295,1,1000,600,20,200
W2,W2_93,A,176.65,1,1000,600,20,200
W2,W2_93,B,165.32,1,1000,600,20,200
W2,W2_93,C,159.7,1,1000,600,20,200
W2,W2_94,A,200.15,1,1000,600,20,200
W2,W2_94,B,212.8,1,1000,600,20,200
W2,W2_94,C,253.74,1,1000,600,20,200
W2,W2_95,A,188.56,1,1000,600,20,200
W2,W2_95,B,212.02,1,1000,600,20,200
W2,W2_95,C,249.76,1,1000,600,20,200
W2,W2_96,A,246.9,1,1000,600,20,200
W2,W2_96,B,264.2,1,1000,600,20,200
W2,W2_96,C,263.21,1,1000,600,20,200
