"ID","RandN","TimeP","Site","Genotype","Treat","Treatment","Orig","Origin","Set","SA_cm2","Chl_ug.cm2","Sym10.6_cm2","Fv_Fm"
"K10_C_N_10","M1_7","M1","KL","AC10","C","Control","N","Native","M1.KL.AC10.C.N",27.1154758643357,0.750787979351293,0.131637298856877,0.605666666666667
"K10_C_N_11","M1_79","M1","KL","AC10","C","Control","N","Native","M1.KL.AC10.C.N",25.9503181763177,0.61526541697297,0.423508102109887,0.597666666666667
"K10_C_N_12","M1_47","M1","KL","AC10","C","Control","N","Native","M1.KL.AC10.C.N",26.5113200261041,0.493259734098134,0.306792720694083,0.620666666666667
"K10_C_N_13","M4_36","M4","KL","AC10","C","Control","N","Native","M4.KL.AC10.C.N",22.1096132047028,0.910158391903468,0.225227820762635,0.629
"K10_C_N_14","M4_45","M4","KL","AC10","C","Control","N","Native","M4.KL.AC10.C.N",18.3120622215331,0.633343923421989,0.178920318223214,0.609
"K10_C_N_15","M4_2","M4","KL","AC10","C","Control","N","Native","M4.KL.AC10.C.N",17.9668303139722,0.401439200680324,0.125000178704503,0.622333333333333
"K10_C_N_16","M4_77","M4","KL","AC10","C","Control","N","Native","M4.KL.AC10.C.N",15.7659769032715,0.70821808686546,0.356096170535111,0.600666666666667
"K10_C_N_17","M8_54","M8","KL","AC10","C","Control","N","Native","M8.KL.AC10.C.N",26.7702439567748,1.02696237575287,0.591854150660077,0.582
"K10_C_N_18","M8_75","M8","KL","AC10","C","Control","N","Native","M8.KL.AC10.C.N",30.1362550554934,1.15233296028498,0.619351009793025,0.595333333333333
"K10_C_N_19","M8_17","M8","KL","AC10","C","Control","N","Native","M8.KL.AC10.C.N",18.9593720482097,0.644571629390399,0.511273262392428,0.58
"K10_C_N_20","M8_48","M8","KL","AC10","C","Control","N","Native","M8.KL.AC10.C.N",28.9710973674754,1.27237960184128,0.982006985760207,0.585
"K10_C_N_21","M12_2","M12","KL","AC10","C","Control","N","Native","M12.KL.AC10.C.N",57.8842696256996,1.46021363915548,0.562093988753629,0.636333333333333
"K10_C_N_22","M12_55","M12","KL","AC10","C","Control","N","Native","M12.KL.AC10.C.N",74.5417091655124,1.40521060185809,0.722847391121121,0.642
"K10_C_N_23","M12_92","M12","KL","AC10","C","Control","N","Native","M12.KL.AC10.C.N",45.6716908957332,1.1080708641932,0.489483607056215,0.643
"K10_C_N_24","M12_58","M12","KL","AC10","C","Control","N","Native","M12.KL.AC10.C.N",32.3802624546392,1.09515583399024,0.499368095692607,0.629
"K10_C_N_5","W2_27","W2","KL","AC10","C","Control","N","Native","W2.KL.AC10.C.N",26.5544740145492,0.504369997788764,0.717935967760257,0.611666666666667
"K10_C_N_6","W2_93","W2","KL","AC10","C","Control","N","Native","W2.KL.AC10.C.N",37.6882030333878,0.565060105973583,0.335438757554995,0.564333333333333
"K10_C_N_7","W2_73","W2","KL","AC10","C","Control","N","Native","W2.KL.AC10.C.N",35.7894275418029,0.404193388762744,0.449082343695692,0.598666666666667
"K10_C_N_8","W2_10","W2","KL","AC10","C","Control","N","Native","W2.KL.AC10.C.N",28.0648636101281,0.331809914680626,0.388038229983413,0.595666666666667
"K10_C_N_9","M1_20","M1","KL","AC10","C","Control","N","Native","M1.KL.AC10.C.N",22.8432310082697,0.768627987008946,0.537728222227108,0.609333333333333
"K10_C_T_10","M1_27","M1","KL","AC10","C","Control","T","Transplant","M1.KL.AC10.C.T",69.6221544827697,0.943081750645664,0.706792936322852,0.627
"K10_C_T_11","M1_4","M1","KL","AC10","C","Control","T","Transplant","M1.KL.AC10.C.T",28.798481413695,0.803625707465059,0.116545034156,0.609
"K10_C_T_12","M1_39","M1","KL","AC10","C","Control","T","Transplant","M1.KL.AC10.C.T",45.6285369072882,0.63267424196959,0.508760560242554,0.626333333333333
"K10_C_T_13","M4_73","M4","KL","AC10","C","Control","T","Transplant","M4.KL.AC10.C.T",24.5693905460741,0.643503141453637,0.315811496644545,0.602333333333333
"K10_C_T_14","M4_68","M4","KL","AC10","C","Control","T","Transplant","M4.KL.AC10.C.T",21.6780733202517,0.884104399725199,0.350333716830136,0.605333333333333
"K10_C_T_15","M4_9","M4","KL","AC10","C","Control","T","Transplant","M4.KL.AC10.C.T",14.7302811805889,0.413732767574798,0.136274112855716,0.574
"K10_C_T_16","M4_66","M4","KL","AC10","C","Control","T","Transplant","M4.KL.AC10.C.T",21.9369972509224,0.540939424431378,0.239423834535019,0.601
"K10_C_T_17","M8_23","M8","KL","AC10","C","Control","T","Transplant","M8.KL.AC10.C.T",23.1453089273855,0.812419198738145,0.680531854183346,0.583
"K10_C_T_18","M8_1","M8","KL","AC10","C","Control","T","Transplant","M8.KL.AC10.C.T",25.8640101994274,0.616257876373435,0.407720996036162,0.592
"K10_C_T_19","M8_73","M8","KL","AC10","C","Control","T","Transplant","M8.KL.AC10.C.T",13.6514314694611,0.771508835799456,0.36674307827717,0.558333333333333
"K10_C_T_20","M8_31","M8","KL","AC10","C","Control","T","Transplant","M8.KL.AC10.C.T",19.9087597940022,0.818929297222143,0.477180904199871,0.575666666666667
"K10_C_T_21","M12_15","M12","KL","AC10","C","Control","T","Transplant","M12.KL.AC10.C.T",48.3472381793302,1.15236572135405,0.690798301158776,0.62
"K10_C_T_22","M12_74","M12","KL","AC10","C","Control","T","Transplant","M12.KL.AC10.C.T",45.7148448841784,1.40677133426282,0.603331370146367,0.65
"K10_C_T_23","M12_72","M12","KL","AC10","C","Control","T","Transplant","M12.KL.AC10.C.T",50.7207075438112,1.40153171046751,0.513879700465265,0.619666666666667
"K10_C_T_24","M12_81","M12","KL","AC10","C","Control","T","Transplant","M12.KL.AC10.C.T",45.0243810690566,1.35876441194905,0.5945852305874,0.614666666666667
"K10_C_T_5","W2_2","W2","KL","AC10","C","Control","T","Transplant","W2.KL.AC10.C.T",39.4143625711922,0.527868488610462,0.773626617579412,0.611
"K10_C_T_6","W2_71","W2","KL","AC10","C","Control","T","Transplant","W2.KL.AC10.C.T",40.1479803747591,0,0.278981903832995,0.586
"K10_C_T_7","W2_81","W2","KL","AC10","C","Control","T","Transplant","W2.KL.AC10.C.T",22.972692973605,0.622838022651783,0.638927269731262,0.598333333333333
"K10_C_T_8","W2_65","W2","KL","AC10","C","Control","T","Transplant","W2.KL.AC10.C.T",43.600299450368,0,0.462585813727244,0.585333333333333
"K10_C_T_9","M1_34","M1","KL","AC10","C","Control","T","Transplant","M1.KL.AC10.C.T",37.386125114272,0.889581359350447,0.529418867012889,0.613666666666667
"K10_H_N_10","M1_89","M1","KL","AC10","H","Heat","N","Native","M1.KL.AC10.H.N",25.691394245647,0.172994893056575,0.301722044583602,0.585333333333333
"K10_H_N_11","M1_91","M1","KL","AC10","H","Heat","N","Native","M1.KL.AC10.H.N",33.1570342466512,0.236365631347891,0.316178308410042,0.544
"K10_H_N_12","M1_50","M1","KL","AC10","H","Heat","N","Native","M1.KL.AC10.H.N",21.7643812971419,0.188473081039922,0.223375061005682,0.562666666666667
"K10_H_N_13","M4_79","M4","KL","AC10","H","Heat","N","Native","M4.KL.AC10.H.N",16.2838247646129,0.132431008347602,0.249936735308313,0.545666666666667
"K10_H_N_14","M4_88","M4","KL","AC10","H","Heat","N","Native","M4.KL.AC10.H.N",28.021709621683,0.209606911187713,0.469351234366623,0.521666666666667
"K10_H_N_15","M4_27","M4","KL","AC10","H","Heat","N","Native","M4.KL.AC10.H.N",17.4489824526308,0.134800601680856,0.154104115085208,0.577666666666667
"K10_H_N_16","M4_6","M4","KL","AC10","H","Heat","N","Native","M4.KL.AC10.H.N",18.1826002561977,0.153861381792541,0.167616950109276,0.559
"K10_H_N_17","M8_35","M8","KL","AC10","H","Heat","N","Native","M8.KL.AC10.H.N",30.6972569052798,0.483742245954423,0.560842294577756,0.544666666666667
"K10_H_N_18","M8_55","M8","KL","AC10","H","Heat","N","Native","M8.KL.AC10.H.N",25.9503181763177,0.466831784143171,0.436805434252616,0.548333333333333
"K10_H_N_19","M8_91","M8","KL","AC10","H","Heat","N","Native","M8.KL.AC10.H.N",25.691394245647,0.624066818381537,0.432347886369849,0.554666666666667
"K10_H_N_20","M8_58","M8","KL","AC10","H","Heat","N","Native","M8.KL.AC10.H.N",23.4042328580561,0.309439751515167,0.508184996796679,0.564333333333333
"K10_H_N_21","M12_36","M12","KL","AC10","H","Heat","N","Native","M12.KL.AC10.H.N",49.2966259251226,0.114216741903437,0.217237991424935,0.588666666666667
"K10_H_N_22","M12_62","M12","KL","AC10","H","Heat","N","Native","M12.KL.AC10.H.N",42.7372196814657,0.187660780457325,0.301750092685433,0.568
"K10_H_N_23","M12_56","M12","KL","AC10","H","Heat","N","Native","M12.KL.AC10.H.N",89.1277572599598,0.062366055621191,0.12190792558943,0.518333333333333
"K10_H_N_24","M12_79","M12","KL","AC10","H","Heat","N","Native","M12.KL.AC10.H.N",58.1431935563703,0.15747053850978,0.254903851912279,0.525333333333333
"K10_H_N_5","W2_44","W2","KL","AC10","H","Heat","N","Native","W2.KL.AC10.H.N",19.0456800251,0.113308634669697,0.331716168268811,0.568
"K10_H_N_6","W2_50","W2","KL","AC10","H","Heat","N","Native","W2.KL.AC10.H.N",22.8432310082697,0.0511962018964519,0.245408366179484,0.588
"K10_H_N_7","W2_21","W2","KL","AC10","H","Heat","N","Native","W2.KL.AC10.H.N",27.7627856910123,0.0853210490605357,0.296209468730014,0.597
"K10_H_N_8","W2_68","W2","KL","AC10","H","Heat","N","Native","W2.KL.AC10.H.N",31.0856428012859,0.117281366512899,0.325849462555782,0.592333333333333
"K10_H_N_9","M1_53","M1","KL","AC10","H","Heat","N","Native","M1.KL.AC10.H.N",27.9785556332379,0.213881662743556,0.292730622243782,0.593
"K10_H_T_10","M1_51","M1","KL","AC10","H","Heat","T","Transplant","M1.KL.AC10.H.T",38.5081288138449,0.201256208460942,0.358563254702621,0.588666666666667
"K10_H_T_11","M1_48","M1","KL","AC10","H","Heat","T","Transplant","M1.KL.AC10.H.T",36.6956612991502,0.16845224878969,0.317284376076079,0.565666666666667
"K10_H_T_12","M1_3","M1","KL","AC10","H","Heat","T","Transplant","M1.KL.AC10.H.T",29.4457912403716,0.119060772999708,0.202773800549591,0.562666666666667
"K10_H_T_13","M4_94","M4","KL","AC10","H","Heat","T","Transplant","M4.KL.AC10.H.T",35.9188895071383,0.204106532818701,0.382664837042594,0.535666666666667
"K10_H_T_14","M4_65","M4","KL","AC10","H","Heat","T","Transplant","M4.KL.AC10.H.T",22.4116911238186,0.127898127700278,0.244034061052513,0.564333333333333
"K10_H_T_15","M4_13","M4","KL","AC10","H","Heat","T","Transplant","M4.KL.AC10.H.T",16.2406707761677,0.177320262179438,0.172176078102842,0.574666666666667
"K10_H_T_16","M4_59","M4","KL","AC10","H","Heat","T","Transplant","M4.KL.AC10.H.T",14.6008192152535,0.118915701993816,0.381238882417279,0.532666666666667
"K10_H_T_17","M8_24","M8","KL","AC10","H","Heat","T","Transplant","M8.KL.AC10.H.T",24.914622453635,0.444165671006805,0.596327077709033,0.533333333333333
"K10_H_T_18","M8_40","M8","KL","AC10","H","Heat","T","Transplant","M8.KL.AC10.H.T",26.079780141653,0.423368216297401,0.490990718880669,0.566333333333333
"K10_H_T_19","M8_16","M8","KL","AC10","H","Heat","T","Transplant","M8.KL.AC10.H.T",14.2987412961378,0.359558921552675,0.735528378490264,0.556333333333333
"K10_H_T_20","M8_84","M8","KL","AC10","H","Heat","T","Transplant","M8.KL.AC10.H.T",15.8954388686069,0.373549505767986,0.408907237713133,0.541333333333333
"K10_H_T_21","M12_94","M12","KL","AC10","H","Heat","T","Transplant","M12.KL.AC10.H.T",27.8490936679025,0.171289835265434,0.356087710367017,0.525666666666667
"K10_H_T_22","M12_29","M12","KL","AC10","H","Heat","T","Transplant","M12.KL.AC10.H.T",47.915698294879,0.194229664414484,0.4305090134146,0.567
"K10_H_T_23","M12_14","M12","KL","AC10","H","Heat","T","Transplant","M12.KL.AC10.H.T",35.3578876573518,0.0566110741511959,0.118349151412893,0.471666666666667
"K10_H_T_24","M12_77","M12","KL","AC10","H","Heat","T","Transplant","M12.KL.AC10.H.T",47.2683884682024,0.0967002856410369,0.164040794519917,0.504
"K10_H_T_5","W2_11","W2","KL","AC10","H","Heat","T","Transplant","W2.KL.AC10.H.T",44.7654571383859,0.128101376222725,0.474831742124066,0.604333333333333
"K10_H_T_6","W2_23","W2","KL","AC10","H","Heat","T","Transplant","W2.KL.AC10.H.T",79.4181098598099,0.0521262972300347,0.131844286126719,0.566666666666667
"K10_H_T_7","W2_89","W2","KL","AC10","H","Heat","T","Transplant","W2.KL.AC10.H.T",32.6391863853098,0.0723742918133275,0.284774377960089,0.551
"K10_H_T_8","W2_32","W2","KL","AC10","H","Heat","T","Transplant","W2.KL.AC10.H.T",36.9545852298209,0.0988276099060694,0.64333748713854,0.559
"K10_H_T_9","M1_58","M1","KL","AC10","H","Heat","T","Transplant","M1.KL.AC10.H.T",32.6823403737549,0.30611944816639,0.538383414369244,0.597333333333333
"K12_C_N_10","M1_14","M1","KL","AC12","C","Control","N","Native","M1.KL.AC12.C.N",32.337108466194,1.16125936365824,0.788513080155464,0.622666666666667
"K12_C_N_11","M1_18","M1","KL","AC12","C","Control","N","Native","M1.KL.AC12.C.N",15.3344370188204,0.902098980420481,0.6920916618572,0.601333333333333
"K12_C_N_12","M1_93","M1","KL","AC12","C","Control","N","Native","M1.KL.AC12.C.N",32.2508004893038,0.941906853136088,0.35440872246848,0.614666666666667
"K12_C_N_13","M4_21","M4","KL","AC12","C","Control","N","Native","M4.KL.AC12.C.N",23.1884629158306,0.731732416313642,0.0812861122723746,0.603666666666667
"K12_C_N_14","M4_20","M4","KL","AC12","C","Control","N","Native","M4.KL.AC12.C.N",25.303008349641,1.08851351926529,0.248915856682684,0.617
"K12_C_N_15","M4_24","M4","KL","AC12","C","Control","N","Native","M4.KL.AC12.C.N",20.2108377131179,1.00520161286934,0.156900473152668,0.643666666666667
"K12_C_N_16","M4_18","M4","KL","AC12","C","Control","N","Native","M4.KL.AC12.C.N",25.1735463843057,1.07563271327084,0.140711997663086,0.629
"K12_C_N_17","M8_3","M8","KL","AC12","C","Control","N","Native","M8.KL.AC12.C.N",18.5278321637586,1.03327522781901,0.551158382143311,0.604666666666667
"K12_C_N_18","M8_94","M8","KL","AC12","C","Control","N","Native","M8.KL.AC12.C.N",27.4607077718965,0.81297297647152,0.389243863952374,0.628333333333333
"K12_C_N_19","M8_68","M8","KL","AC12","C","Control","N","Native","M8.KL.AC12.C.N",19.1319880019902,0.922416774714206,0.356643543749359,0.587666666666667
"K12_C_N_20","M8_13","M8","KL","AC12","C","Control","N","Native","M8.KL.AC12.C.N",20.0813757477826,1.36663545091179,0.797052960963961,0.583666666666667
"K12_C_N_21","M12_27","M12","KL","AC12","C","Control","N","Native","M12.KL.AC12.C.N",47.915698294879,2.1692160126801,0.834672172653578,0.664333333333333
"K12_C_N_22","M12_52","M12","KL","AC12","C","Control","N","Native","M12.KL.AC12.C.N",37.386125114272,1.89198086501698,0.706462622678095,0.630333333333333
"K12_C_N_23","M12_87","M12","KL","AC12","C","Control","N","Native","M12.KL.AC12.C.N",38.1197429178389,1.81117171091127,0.545853051654831,0.645666666666667
"K12_C_N_24","M12_24","M12","KL","AC12","C","Control","N","Native","M12.KL.AC12.C.N",49.6418578326835,1.65029789194142,0.643664548327255,0.634
"K12_C_N_5","W2_45","W2","KL","AC12","C","Control","N","Native","W2.KL.AC12.C.N",52.7920989891766,0.425190898444899,0.564593576893217,0.638
"K12_C_N_6","W2_61","W2","KL","AC12","C","Control","N","Native","W2.KL.AC12.C.N",24.5693905460741,0.368822064036964,0.283277681916783,0.645666666666667
"K12_C_N_7","W2_90","W2","KL","AC12","C","Control","N","Native","W2.KL.AC12.C.N",21.4623033780261,0.813519392232437,0.296696952225527,0.603666666666667
"K12_C_N_8","W2_15","W2","KL","AC12","C","Control","N","Native","W2.KL.AC12.C.N",26.2523960954334,0.797845648978434,0.639732233924406,0.626
"K12_C_N_9","M1_60","M1","KL","AC12","C","Control","N","Native","M1.KL.AC12.C.N",24.137850661623,1.41548090364933,0.617417027262274,0.640333333333333
"K12_C_T_10","M1_32","M1","KL","AC12","C","Control","T","Transplant","M1.KL.AC12.C.T",42.3919877739049,1.52431320303512,0.901430718554862,0.642666666666667
"K12_C_T_11","M1_38","M1","KL","AC12","C","Control","T","Transplant","M1.KL.AC12.C.T",58.4021174870409,1.43461693294354,0.776009534415535,0.631
"K12_C_T_12","M1_54","M1","KL","AC12","C","Control","T","Transplant","M1.KL.AC12.C.T",42.6509117045755,1.30260599628339,0.8760459860461,0.624666666666667
"K12_C_T_13","M4_15","M4","KL","AC12","C","Control","T","Transplant","M4.KL.AC12.C.T",27.8490936679025,0.802966885266115,0.078744393844583,0.612
"K12_C_T_14","M4_83","M4","KL","AC12","C","Control","T","Transplant","M4.KL.AC12.C.T",15.938592857052,0.930280784486338,0.447993123611333,0.617666666666667
"K12_C_T_15","M4_93","M4","KL","AC12","C","Control","T","Transplant","M4.KL.AC12.C.T",22.6274610660441,0.984298824703583,0.167572578688029,0.618333333333333
"K12_C_T_16","M4_23","M4","KL","AC12","C","Control","T","Transplant","M4.KL.AC12.C.T",33.9338060386632,1.00710895680437,0.216766253441159,0.622
"K12_C_T_17","M8_34","M8","KL","AC12","C","Control","T","Transplant","M8.KL.AC12.C.T",20.6423775975691,0.881867406695621,0.319572489594264,0.596
"K12_C_T_18","M8_38","M8","KL","AC12","C","Control","T","Transplant","M8.KL.AC12.C.T",20.8149935513495,0.768790693778325,0.351590788723811,0.595333333333333
"K12_C_T_19","M8_47","M8","KL","AC12","C","Control","T","Transplant","M8.KL.AC12.C.T",25.1303923958606,0.835100370476381,0.408706710114555,0.597333333333333
"K12_C_T_20","M8_88","M8","KL","AC12","C","Control","T","Transplant","M8.KL.AC12.C.T",16.4995947068384,0.923572584908256,0.563773120811548,0.602333333333333
"K12_C_T_21","M12_41","M12","KL","AC12","C","Control","T","Transplant","M12.KL.AC12.C.T",65.9109114764902,1.9524855159362,0.741729842674652,0.652
"K12_C_T_22","M12_33","M12","KL","AC12","C","Control","T","Transplant","M12.KL.AC12.C.T",33.7611900848827,1.92819377821091,0.652736172646579,0.643
"K12_C_T_23","M12_37","M12","KL","AC12","C","Control","T","Transplant","M12.KL.AC12.C.T",35.2715796804616,1.35048672136412,0.375259631689589,0.628333333333333
"K12_C_T_24","M12_83","M12","KL","AC12","C","Control","T","Transplant","M12.KL.AC12.C.T",30.7835648821701,1.42123457221835,0.444695084938941,0.630333333333333
"K12_C_T_5","W2_39","W2","KL","AC12","C","Control","T","Transplant","W2.KL.AC12.C.T",33.113880258206,0.919641041638022,0.761276534294193,0.638
"K12_C_T_6","W2_7","W2","KL","AC12","C","Control","T","Transplant","W2.KL.AC12.C.T",35.2715796804616,0.853920737494431,0.907391171304102,0.62
"K12_C_T_7","W2_31","W2","KL","AC12","C","Control","T","Transplant","W2.KL.AC12.C.T",45.2401510112822,1.29388972755791,1.2116590854511,0.647
"K12_C_T_8","W2_33","W2","KL","AC12","C","Control","T","Transplant","W2.KL.AC12.C.T",71.0462361014584,1.20444663497442,0.891732531889885,0.633333333333333
"K12_C_T_9","M1_76","M1","KL","AC12","C","Control","T","Transplant","M1.KL.AC12.C.T",55.3381843074381,1.39559210877385,0.713031706656419,0.657666666666667
"K12_H_N_10","M1_33","M1","KL","AC12","H","Heat","N","Native","M1.KL.AC12.H.N",28.0648636101281,0.0418131374626212,0.0362609993099252,0.515666666666667
"K12_H_N_11","M1_86","M1","KL","AC12","H","Heat","N","Native","M1.KL.AC12.H.N",27.5038617603417,0.104031451713896,0.0687957937138968,0.4615
"K12_H_N_12","M1_69","M1","KL","AC12","H","Heat","N","Native","M1.KL.AC12.H.N",26.3818580607688,0.211529200122257,0.194982475766155,0.446
"K12_H_N_13","M4_89","M4","KL","AC12","H","Heat","N","Native","M4.KL.AC12.H.N",16.7585186375091,0.432348277517183,0.237111649660141,0.395
"K12_H_N_14","M4_10","M4","KL","AC12","H","Heat","N","Native","M4.KL.AC12.H.N",18.9593720482097,0.484588482676085,0.168823101939299,0.352
"K12_H_N_15","M4_72","M4","KL","AC12","H","Heat","N","Native","M4.KL.AC12.H.N",20.8581475397946,0.461477798142701,0.444894925702083,0.534
"K12_H_N_16","M4_4","M4","KL","AC12","H","Heat","N","Native","M4.KL.AC12.H.N",19.0888340135451,0.458814299175389,0.173808677766581,0.519333333333333
"K12_H_N_17","M8_74","M8","KL","AC12","H","Heat","N","Native","M8.KL.AC12.H.N",12.6588897352236,0.574810283697561,0.394303142250401,0.530666666666667
"K12_H_N_18","M8_76","M8","KL","AC12","H","Heat","N","Native","M8.KL.AC12.H.N",20.2108377131179,0.791727697146079,0.433777170666693,0.590666666666667
"K12_H_N_19","M8_61","M8","KL","AC12","H","Heat","N","Native","M8.KL.AC12.H.N",29.3594832634814,0.551029793501946,0.425747956386811,0.587333333333333
"K12_H_N_20","M8_28","M8","KL","AC12","H","Heat","N","Native","M8.KL.AC12.H.N",19.0025260366549,0.629718384646218,1.27952504593859,0.568666666666667
"K12_H_N_21","M12_6","M12","KL","AC12","H","Heat","N","Native","M12.KL.AC12.H.N",39.9753644209786,0.150391791388189,0.0735870214720605,0.400666666666667
"K12_H_N_22","M12_61","M12","KL","AC12","H","Heat","N","Native","M12.KL.AC12.H.N",52.6626370238412,0.0712236773287408,0.0438142130815708,0.391333333333333
"K12_H_N_23","M12_21","M12","KL","AC12","H","Heat","N","Native","M12.KL.AC12.H.N",59.3083512443882,0.410629354703304,0.377934127820167,0.291
"K12_H_N_24","M12_90","M12","KL","AC12","H","Heat","N","Native","M12.KL.AC12.H.N",38.5081288138449,0.122045227283119,0.113216615148346,0.353333333333333
"K12_H_N_5","W2_83","W2","KL","AC12","H","Heat","N","Native","W2.KL.AC12.H.N",22.195921181593,0.130656438012809,0.187188986931778,0.592333333333333
"K12_H_N_6","W2_63","W2","KL","AC12","H","Heat","N","Native","W2.KL.AC12.H.N",36.60935332226,0.11234469591589,0.144383866971668,0.578666666666667
"K12_H_N_7","W2_85","W2","KL","AC12","H","Heat","N","Native","W2.KL.AC12.H.N",23.6631567887268,0.195780584476951,0.265219051542179,0.433666666666667
"K12_H_N_8","W2_51","W2","KL","AC12","H","Heat","N","Native","W2.KL.AC12.H.N",26.5113200261041,0.181932849637468,0.267641444975711,0.465666666666667
"K12_H_N_9","M1_6","M1","KL","AC12","H","Heat","N","Native","M1.KL.AC12.H.N",33.5454201426571,0.16840351507427,0.102920159751099,0.514333333333333
"K12_H_T_10","M1_44","M1","KL","AC12","H","Heat","T","Transplant","M1.KL.AC12.H.T",56.9780358683523,0.283600509454825,0.421286020730187,0.619333333333333
"K12_H_T_11","M1_1","M1","KL","AC12","H","Heat","T","Transplant","M1.KL.AC12.H.T",52.8784069660668,0.250013961435785,0.500073990825198,0.604333333333333
"K12_H_T_12","M1_25","M1","KL","AC12","H","Heat","T","Transplant","M1.KL.AC12.H.T",67.8528409565202,0.205593847951125,0.354766354078309,0.600666666666667
"K12_H_T_13","M4_22","M4","KL","AC12","H","Heat","T","Transplant","M4.KL.AC12.H.T",25.4756243034214,0.26441364444843,0.0956913153909479,0.564666666666667
"K12_H_T_14","M4_39","M4","KL","AC12","H","Heat","T","Transplant","M4.KL.AC12.H.T",26.9428599105552,0.292571019786651,0.18266657720593,0.566666666666667
"K12_H_T_15","M4_75","M4","KL","AC12","H","Heat","T","Transplant","M4.KL.AC12.H.T",25.6482402572019,0.305477747716694,0.397679135009504,0.567333333333333
"K12_H_T_16","M4_35","M4","KL","AC12","H","Heat","T","Transplant","M4.KL.AC12.H.T",29.2731752865912,0.265538668897343,0.164442973912877,0.587
"K12_H_T_17","M8_95","M8","KL","AC12","H","Heat","T","Transplant","M8.KL.AC12.H.T",25.8208562109823,0.971772577755483,0.793103057182506,0.59
"K12_H_T_18","M8_5","M8","KL","AC12","H","Heat","T","Transplant","M8.KL.AC12.H.T",27.5038617603417,0.880545437983584,1.03937695182936,0.575
"K12_H_T_19","M8_22","M8","KL","AC12","H","Heat","T","Transplant","M8.KL.AC12.H.T",21.2465334358006,0.628435067161041,1.12680160612271,0.547333333333333
"K12_H_T_20","M8_15","M8","KL","AC12","H","Heat","T","Transplant","M8.KL.AC12.H.T",20.2108377131179,0.316721161728258,0.687623155322246,0.608666666666667
"K12_H_T_21","M12_42","M12","KL","AC12","H","Heat","T","Transplant","M12.KL.AC12.H.T",48.0883142486595,0.136864851738559,0.120115002787003,0.582333333333333
"K12_H_T_22","M12_7","M12","KL","AC12","H","Heat","T","Transplant","M12.KL.AC12.H.T",31.517182685737,0.0798379313200922,0.0916011443277419,0.401333333333333
"K12_H_T_23","M12_66","M12","KL","AC12","H","Heat","T","Transplant","M12.KL.AC12.H.T",49.5987038442384,0.192154214955501,0.202106087922789,0.499
"K12_H_T_24","M12_73","M12","KL","AC12","H","Heat","T","Transplant","M12.KL.AC12.H.T",36.5230453453698,0.167269731815353,0.196002275612746,0.332666666666667
"K12_H_T_5","W2_96","W2","KL","AC12","H","Heat","T","Transplant","W2.KL.AC12.H.T",61.1208187590829,0.175649479473057,0.608088712726493,0.607333333333333
"K12_H_T_6","W2_59","W2","KL","AC12","H","Heat","T","Transplant","W2.KL.AC12.H.T",67.5076090489593,0.151425893229107,0.30805653307789,0.605
"K12_H_T_7","W2_38","W2","KL","AC12","H","Heat","T","Transplant","W2.KL.AC12.H.T",42.7372196814657,0.1967956751208,0.625702144390945,0.438
"K12_H_T_8","W2_79","W2","KL","AC12","H","Heat","T","Transplant","W2.KL.AC12.H.T",55.4244922843283,0.195473629439634,0.423659631910412,0.597666666666667
"K12_H_T_9","M1_65","M1","KL","AC12","H","Heat","T","Transplant","M1.KL.AC12.H.T",58.8336573714921,0.158329269608074,0.470791129388826,0.621333333333333
"K8_C_N_10","M1_13","M1","KL","AC8","C","Control","N","Native","M1.KL.AC8.C.N",38.4218208369547,1.18959310979276,0.640432948360766,0.643666666666667
"K8_C_N_11","M1_19","M1","KL","AC8","C","Control","N","Native","M1.KL.AC8.C.N",42.3919877739049,1.06608069999066,0.746096648467839,0.633333333333333
"K8_C_N_12","M1_2","M1","KL","AC8","C","Control","N","Native","M1.KL.AC8.C.N",34.4948078884496,0.943304378982464,0.138598162815131,0.616666666666667
"K8_C_N_13","M4_26","M4","KL","AC8","C","Control","N","Native","M4.KL.AC8.C.N",43.0392976005815,0.36854140791366,0.174819209872476,0.585666666666667
"K8_C_N_14","M4_96","M4","KL","AC8","C","Control","N","Native","M4.KL.AC8.C.N",24.6125445345192,0.522874286671882,0.151111559992659,0.576666666666667
"K8_C_N_15","M4_55","M4","KL","AC8","C","Control","N","Native","M4.KL.AC8.C.N",15.4638989841558,0.686484912001182,0.225216163373052,0.593
"K8_C_N_16","M4_16","M4","KL","AC8","C","Control","N","Native","M4.KL.AC8.C.N",31.0424888128407,0.744561219710342,0.139059790792753,0.594
"K8_C_N_17","M8_56","M8","KL","AC8","C","Control","N","Native","M8.KL.AC8.C.N",12.9178136658942,0.617200676487806,0.281510485756667,0.577
"K8_C_N_18","M8_39","M8","KL","AC8","C","Control","N","Native","M8.KL.AC8.C.N",11.9684259201018,0.817804284819165,0.378014120670726,0.583
"K8_C_N_19","M8_7","M8","KL","AC8","C","Control","N","Native","M8.KL.AC8.C.N",19.5635278864413,0.624104204051154,0.345299684147552,0.553666666666667
"K8_C_N_20","M8_81","M8","KL","AC8","C","Control","N","Native","M8.KL.AC8.C.N",14.8597431459242,0.768375775714428,0.337082542464664,0.561
"K8_C_N_21","M12_40","M12","KL","AC8","C","Control","N","Native","M12.KL.AC8.C.N",37.4724330911622,1.38949735502888,0.717400760569781,0.641333333333333
"K8_C_N_22","M12_22","M12","KL","AC8","C","Control","N","Native","M12.KL.AC8.C.N",32.5528784084196,1.52071140107013,0.742476032280716,0.643
"K8_C_N_23","M12_20","M12","KL","AC8","C","Control","N","Native","M12.KL.AC8.C.N",85.8049001496863,0.967246857175015,0.417587339854634,0.62
"K8_C_N_24","M12_78","M12","KL","AC8","C","Control","N","Native","M12.KL.AC8.C.N",40.5795202592102,1.5914929399724,0.564055165112627,0.617
"K8_C_N_5","W2_40","W2","KL","AC8","C","Control","N","Native","W2.KL.AC8.C.N",20.5560696206788,0.693741569431845,0.59791974958266,0.619666666666667
"K8_C_N_6","W2_28","W2","KL","AC8","C","Control","N","Native","W2.KL.AC8.C.N",29.186867309701,0.688040953039359,0.808164019444457,0.627666666666667
"K8_C_N_7","W2_82","W2","KL","AC8","C","Control","N","Native","W2.KL.AC8.C.N",34.9695017613458,0.632464830381067,0.183160058833892,0.621
"K8_C_N_8","W2_19","W2","KL","AC8","C","Control","N","Native","W2.KL.AC8.C.N",57.9274236141447,0.623781985783157,0.566602102289693,0.605
"K8_C_N_9","M1_78","M1","KL","AC8","C","Control","N","Native","M1.KL.AC8.C.N",38.3786668485096,1.12805507733996,0.634632388252065,0.636
"K8_C_T_10","M1_62","M1","KL","AC8","C","Control","T","Transplant","M1.KL.AC8.C.T",32.6823403737549,1.18175410813037,0.762974429457454,0.639333333333333
"K8_C_T_11","M1_9","M1","KL","AC8","C","Control","T","Transplant","M1.KL.AC8.C.T",24.5693905460741,1.15605906517715,0.165166490084078,0.602333333333333
"K8_C_T_12","M1_84","M1","KL","AC8","C","Control","T","Transplant","M1.KL.AC8.C.T",56.9780358683523,0.675839372367498,0.361491927303173,0.608666666666667
"K8_C_T_13","M4_30","M4","KL","AC8","C","Control","T","Transplant","M4.KL.AC8.C.T",14.6871271921438,0.601890341409216,0.085018396291136,0.571
"K8_C_T_14","M4_1","M4","KL","AC8","C","Control","T","Transplant","M4.KL.AC8.C.T",23.3179248811659,0.765722797275514,0.162110823294281,0.595666666666667
"K8_C_T_15","M4_64","M4","KL","AC8","C","Control","T","Transplant","M4.KL.AC8.C.T",16.2838247646129,0.878903873847166,0.271746967556194,0.609
"K8_C_T_16","M4_29","M4","KL","AC8","C","Control","T","Transplant","M4.KL.AC8.C.T",23.1453089273855,0.734752776614636,0.44636811858562,0.600666666666667
"K8_C_T_17","M8_19","M8","KL","AC8","C","Control","T","Transplant","M8.KL.AC8.C.T",21.7643812971419,1.00885140573925,0.643762660133138,0.581333333333333
"K8_C_T_18","M8_26","M8","KL","AC8","C","Control","T","Transplant","M8.KL.AC8.C.T",13.6945854579062,0.981383484831296,0.592526150203061,0.577
"K8_C_T_19","M8_49","M8","KL","AC8","C","Control","T","Transplant","M8.KL.AC8.C.T",15.938592857052,0.831273717332657,0.506606829876291,0.571666666666667
"K8_C_T_20","M8_65","M8","KL","AC8","C","Control","T","Transplant","M8.KL.AC8.C.T",6.70363932979828,0.624854619099271,0.301000680485702,0.546333333333333
"K8_C_T_21","M12_86","M12","KL","AC8","C","Control","T","Transplant","M12.KL.AC8.C.T",25.4756243034215,1.54658035189773,0.444739169688507,0.647
"K8_C_T_22","M12_80","M12","KL","AC8","C","Control","T","Transplant","M12.KL.AC8.C.T",29.7047151710423,1.30297046929431,0.517539518944344,0.637
"K8_C_T_23","M12_64","M12","KL","AC8","C","Control","T","Transplant","M12.KL.AC8.C.T",35.7031195649127,1.82754627966619,0.366967765272699,0.613666666666667
"K8_C_T_24","M12_85","M12","KL","AC8","C","Control","T","Transplant","M12.KL.AC8.C.T",22.8863849967148,1.89268277505969,0.303516697853205,0.629666666666667
"K8_C_T_5","W2_75","W2","KL","AC8","C","Control","T","Transplant","W2.KL.AC8.C.T",40.9679061552162,0.789826794598827,0.401264832469524,0.623666666666667
"K8_C_T_6","W2_12","W2","KL","AC8","C","Control","T","Transplant","W2.KL.AC8.C.T",30.8267188706152,0.858149498309075,0.634649444273132,0.618333333333333
"K8_C_T_7","W2_16","W2","KL","AC8","C","Control","T","Transplant","W2.KL.AC8.C.T",83.0861988776443,0.976344259686192,0.692024918418439,0.624333333333333
"K8_C_T_8","W2_87","W2","KL","AC8","C","Control","T","Transplant","W2.KL.AC8.C.T",53.353100838963,1.02134644740658,0.199429083458813,0.583
"K8_C_T_9","M1_75","M1","KL","AC8","C","Control","T","Transplant","M1.KL.AC8.C.T",30.1362550554934,1.12631778359643,0.708358751301074,0.617333333333333
"K8_H_N_10","M1_68","M1","KL","AC8","H","Heat","N","Native","M1.KL.AC8.H.N",35.7462735533578,0.0497618303442124,0.0521139636337005,0.558666666666667
"K8_H_N_11","M1_28","M1","KL","AC8","H","Heat","N","Native","M1.KL.AC8.H.N",39.4575165596373,0.0700991912610483,0.0754099664509486,0.536333333333333
"K8_H_N_12","M1_57","M1","KL","AC8","H","Heat","N","Native","M1.KL.AC8.H.N",20.2108377131179,0.00653906591482949,0.0150533097300827,0.542333333333333
"K8_H_N_13","M4_31","M4","KL","AC8","H","Heat","N","Native","M4.KL.AC8.H.N",42.7372196814657,0.142262881051121,0.0941953648366565,0.547
"K8_H_N_14","M4_56","M4","KL","AC8","H","Heat","N","Native","M4.KL.AC8.H.N",34.4084999115594,0.110408378058656,0.116474243582285,0.5395
"K8_H_N_15","M4_38","M4","KL","AC8","H","Heat","N","Native","M4.KL.AC8.H.N",25.3893163265312,0.141762514872139,0.0979634098063881,0.572333333333333
"K8_H_N_16","M4_47","M4","KL","AC8","H","Heat","N","Native","M4.KL.AC8.H.N",31.4308747088467,0.124870848691185,0.0737975007532047,0.575333333333333
"K8_H_N_17","M8_92","M8","KL","AC8","H","Heat","N","Native","M8.KL.AC8.H.N",14.3418952845829,0.367514885265271,0.249266636596,0.546333333333333
"K8_H_N_18","M8_72","M8","KL","AC8","H","Heat","N","Native","M8.KL.AC8.H.N",16.9311345912895,0.505459333150821,0.32625338663611,0.555
"K8_H_N_19","M8_70","M8","KL","AC8","H","Heat","N","Native","M8.KL.AC8.H.N",27.7627856910123,0.436069353224855,0.407643531378905,0.549
"K8_H_N_20","M8_64","M8","KL","AC8","H","Heat","N","Native","M8.KL.AC8.H.N",18.5709861522037,0.355473852917425,0.297582473795782,0.559333333333333
"K8_H_N_21","M12_9","M12","KL","AC8","H","Heat","N","Native","M12.KL.AC8.H.N",42.3488337854598,0.109610259639793,0.0986926823339115,0.554
"K8_H_N_22","M12_35","M12","KL","AC8","H","Heat","N","Native","M12.KL.AC8.H.N",48.3903921677753,0.165541125854618,0.18418532276197,0.532666666666667
"K8_H_N_23","M12_26","M12","KL","AC8","H","Heat","N","Native","M12.KL.AC8.H.N",60.6461248861867,0.12415104863056,0.165044279725774,0.503666666666667
"K8_H_N_24","M12_70","M12","KL","AC8","H","Heat","N","Native","M12.KL.AC8.H.N",40.49321228232,0.130720673951351,0.155531054342898,0.485666666666667
"K8_H_N_5","W2_74","W2","KL","AC8","H","Heat","N","Native","W2.KL.AC8.H.N",65.9540654649353,0.0379191181372985,0.0780188448388478,0.566333333333333
"K8_H_N_6","W2_47","W2","KL","AC8","H","Heat","N","Native","W2.KL.AC8.H.N",39.0691306636313,0.0456816921616683,0.121336920465775,0.553
"K8_H_N_7","W2_53","W2","KL","AC8","H","Heat","N","Native","W2.KL.AC8.H.N",25.9071641878726,0.0126991899852168,0.0559737063263303,0.537
"K8_H_N_8","W2_30","W2","KL","AC8","H","Heat","N","Native","W2.KL.AC8.H.N",43.8160693925935,0.0871161970082729,0.290497212014904,0.541333333333333
"K8_H_N_9","M1_17","M1","KL","AC8","H","Heat","N","Native","M1.KL.AC8.H.N",18.0099843024173,0.0428758100895748,0.0578905557324701,0.550333333333333
"K8_H_T_10","M1_63","M1","KL","AC8","H","Heat","T","Transplant","M1.KL.AC8.H.T",45.8011528610686,0.114034465810129,0.138038577744492,0.570333333333333
"K8_H_T_11","M1_88","M1","KL","AC8","H","Heat","T","Transplant","M1.KL.AC8.H.T",56.3738800301207,0.107076776161373,0.0577377324083582,0.542
"K8_H_T_12","M1_16","M1","KL","AC8","H","Heat","T","Transplant","M1.KL.AC8.H.T",61.2502807244182,0.170121995797579,0.213711379689751,0.514666666666667
"K8_H_T_13","M4_82","M4","KL","AC8","H","Heat","T","Transplant","M4.KL.AC8.H.T",69.5358465058795,0.324140729315695,0.207709558821273,0.560666666666667
"K8_H_T_14","M4_95","M4","KL","AC8","H","Heat","T","Transplant","M4.KL.AC8.H.T",24.5693905460741,0.128142508355235,0.0670134652673787,0.554666666666667
"K8_H_T_15","M4_46","M4","KL","AC8","H","Heat","T","Transplant","M4.KL.AC8.H.T",18.268908233088,0.121567198853054,0.0553629142527606,0.534
"K8_H_T_16","M4_92","M4","KL","AC8","H","Heat","T","Transplant","M4.KL.AC8.H.T",28.5827114714694,0.204377391061411,0.112277101604,0.590666666666667
"K8_H_T_17","M8_2","M8","KL","AC8","H","Heat","T","Transplant","M8.KL.AC8.H.T",14.1692793308024,0.417651728210009,0.342052964504972,0.533333333333333
"K8_H_T_18","M8_59","M8","KL","AC8","H","Heat","T","Transplant","M8.KL.AC8.H.T",12.7020437236687,0.562389288585295,0.370635159382073,0.576666666666667
"K8_H_T_19","M8_60","M8","KL","AC8","H","Heat","T","Transplant","M8.KL.AC8.H.T",16.2838247646129,0.421182375709695,0.348389158075964,0.541666666666667
"K8_H_T_20","M8_87","M8","KL","AC8","H","Heat","T","Transplant","M8.KL.AC8.H.T",19.8224518171119,0.415988903697656,0.427406260243057,0.571666666666667
"K8_H_T_21","M12_53","M12","KL","AC8","H","Heat","T","Transplant","M12.KL.AC8.H.T",34.7105778306751,0.128757579945856,0.111438939993145,0.530666666666667
"K8_H_T_22","M12_19","M12","KL","AC8","H","Heat","T","Transplant","M12.KL.AC8.H.T",26.5113200261041,0.0566743564077747,0.0662431745484865,0.532
"K8_H_T_23","M12_5","M12","KL","AC8","H","Heat","T","Transplant","M12.KL.AC8.H.T",36.0051974840285,0.160464333033109,0.178356749823373,0.468333333333333
"K8_H_T_24","M12_67","M12","KL","AC8","H","Heat","T","Transplant","M12.KL.AC8.H.T",47.3546964450926,0.134314449832338,0.142415863816584,0.502333333333333
"K8_H_T_5","W2_9","W2","KL","AC8","H","Heat","T","Transplant","W2.KL.AC8.H.T",53.6551787580788,NA,0.162366060493057,0.597
"K8_H_T_6","W2_36","W2","KL","AC8","H","Heat","T","Transplant","W2.KL.AC8.H.T",18.1394462677526,0.0773783267295898,0.260874115458117,0.565333333333333
"K8_H_T_7","W2_62","W2","KL","AC8","H","Heat","T","Transplant","W2.KL.AC8.H.T",41.3562920512222,0.0258985178202167,0.0588398978560769,0.563666666666667
"K8_H_T_8","W2_66","W2","KL","AC8","H","Heat","T","Transplant","W2.KL.AC8.H.T",53.5688707811885,0.192354872952667,0.299824128561622,0.564333333333333
"K8_H_T_9","M1_26","M1","KL","AC8","H","Heat","T","Transplant","M1.KL.AC8.H.T",77.0877944837739,0.0528584759833935,0.0804840771687397,0.589666666666667
"S10_C_N_10","M1_85","M1","SS","AC10","C","Control","N","Native","M1.SS.AC10.C.N",39.0259766751862,1.09725803976852,0.752395519640378,0.638
"S10_C_N_11","M1_23","M1","SS","AC10","C","Control","N","Native","M1.SS.AC10.C.N",52.1447891624999,1.07709068477848,0.752669646006071,0.602
"S10_C_N_12","M1_35","M1","SS","AC10","C","Control","N","Native","M1.SS.AC10.C.N",43.211913554362,0.987226202784697,0.698112106561753,0.622333333333333
"S10_C_N_13","M4_7","M4","SS","AC10","C","Control","N","Native","M4.SS.AC10.C.N",45.3696129766175,0.995831138269096,0.308400118096911,0.604
"S10_C_N_14","M4_71","M4","SS","AC10","C","Control","N","Native","M4.SS.AC10.C.N",37.9039729756134,1.14279524280658,0.536638204472307,0.638333333333333
"S10_C_N_15","M4_51","M4","SS","AC10","C","Control","N","Native","M4.SS.AC10.C.N",18.0531382908624,0.747126609384417,0.453094407643252,0.579666666666667
"S10_C_N_16","M4_8","M4","SS","AC10","C","Control","N","Native","M4.SS.AC10.C.N",45.542228930398,1.09873549249879,0.243238358336169,0.614
"S10_C_N_17","M8_25","M8","SS","AC10","C","Control","N","Native","M8.SS.AC10.C.N",31.9918765586332,1.12209214322084,0.680247686006005,0.589333333333333
"S10_C_N_18","M8_43","M8","SS","AC10","C","Control","N","Native","M8.SS.AC10.C.N",19.7361438402217,1.08605308988056,0.792115224056067,0.579333333333333
"S10_C_N_19","M8_66","M8","SS","AC10","C","Control","N","Native","M8.SS.AC10.C.N",27.244937829671,1.07034195424891,0.637417494162427,0.596333333333333
"S10_C_N_20","M8_32","M8","SS","AC10","C","Control","N","Native","M8.SS.AC10.C.N",24.0515426847328,0.725137685703247,0.423865700991864,0.572
"S10_C_N_21","M12_32","M12","SS","AC10","C","Control","N","Native","M12.SS.AC10.C.N",51.3248633820428,1.80314946600286,1.01136479630964,0.637333333333333
"S10_C_N_22","M12_96","M12","SS","AC10","C","Control","N","Native","M12.SS.AC10.C.N",33.4591121657669,2.05779518771704,1.12336871982086,0.651333333333333
"S10_C_N_23","M12_18","M12","SS","AC10","C","Control","N","Native","M12.SS.AC10.C.N",44.3339172539348,1.75726512548927,0.937703694484843,0.623666666666667
"S10_C_N_24","M12_88","M12","SS","AC10","C","Control","N","Native","M12.SS.AC10.C.N",29.1437133212559,1.71466070397945,0.804653536819427,0.634666666666667
"S10_C_N_5","W2_78","W2","SS","AC10","C","Control","N","Native","W2.SS.AC10.C.N",36.4367373684796,0.549399080317144,0.368422448592031,0.624333333333333
"S10_C_N_6","W2_64","W2","SS","AC10","C","Control","N","Native","W2.SS.AC10.C.N",28.2374795639086,0.729810178467199,0.346421853191985,0.602333333333333
"S10_C_N_7","W2_92","W2","SS","AC10","C","Control","N","Native","W2.SS.AC10.C.N",28.1943255754634,0.810198489723035,0.599156023604312,0.624333333333333
"S10_C_N_8","W2_77","W2","SS","AC10","C","Control","N","Native","W2.SS.AC10.C.N",29.4457912403717,0.886354740941145,0.357945891620298,0.613
"S10_C_N_9","M1_59","M1","SS","AC10","C","Control","N","Native","M1.SS.AC10.C.N",24.5693905460741,0.668012771252448,0.575159565863061,0.640666666666667
"S10_C_T_10","M1_90","M1","SS","AC10","C","Control","T","Transplant","M1.SS.AC10.C.T",42.8235276583559,0.831365418655629,0.463816997012958,0.641333333333333
"S10_C_T_11","M1_43","M1","SS","AC10","C","Control","T","Transplant","M1.SS.AC10.C.T",22.1096132047028,0.54250609854399,0.252973217948938,0.615666666666667
"S10_C_T_12","M1_15","M1","SS","AC10","C","Control","T","Transplant","M1.SS.AC10.C.T",43.7297614157033,0.851586321559348,0.569207313147187,0.657333333333333
"S10_C_T_13","M4_50","M4","SS","AC10","C","Control","T","Transplant","M4.SS.AC10.C.T",24.2673126269583,0.838082086493858,0.539388938578183,0.622666666666667
"S10_C_T_14","M4_60","M4","SS","AC10","C","Control","T","Transplant","M4.SS.AC10.C.T",15.5070529726009,0.866878662056875,0.47923290215946,0.593666666666667
"S10_C_T_15","M4_86","M4","SS","AC10","C","Control","T","Transplant","M4.SS.AC10.C.T",19.2614499673255,0.741796871864328,0.439847468096732,0.593666666666667
"S10_C_T_16","M4_67","M4","SS","AC10","C","Control","T","Transplant","M4.SS.AC10.C.T",32.4234164430843,1.09025113774543,0.657524787291416,0.638
"S10_C_T_17","M8_6","M8","SS","AC10","C","Control","T","Transplant","M8.SS.AC10.C.T",22.3253831469284,1.0304181499866,0.686240047893999,0.595
"S10_C_T_18","M8_77","M8","SS","AC10","C","Control","T","Transplant","M8.SS.AC10.C.T",24.3536206038486,0.962332885989707,0.490420221053808,0.614333333333333
"S10_C_T_19","M8_37","M8","SS","AC10","C","Control","T","Transplant","M8.SS.AC10.C.T",37.6882030333878,1.07172528136238,0.711017714913621,0.595666666666667
"S10_C_T_20","M8_57","M8","SS","AC10","C","Control","T","Transplant","M8.SS.AC10.C.T",18.9162180597646,0.861229234539852,0.394531294597101,0.594666666666667
"S10_C_T_21","M12_8","M12","SS","AC10","C","Control","T","Transplant","M12.SS.AC10.C.T",45.8443068495137,1.76448380527446,0.840860177612412,0.664666666666667
"S10_C_T_22","M12_49","M12","SS","AC10","C","Control","T","Transplant","M12.SS.AC10.C.T",60.6461248861867,1.41743994626736,0.689344621415739,0.641
"S10_C_T_23","M12_95","M12","SS","AC10","C","Control","T","Transplant","M12.SS.AC10.C.T",39.0259766751862,1.54319904665685,0.806199016154407,0.634333333333333
"S10_C_T_24","M12_17","M12","SS","AC10","C","Control","T","Transplant","M12.SS.AC10.C.T",66.0835274302707,1.87060545151895,1.02094441116494,0.617666666666667
"S10_C_T_5","W2_46","W2","SS","AC10","C","Control","T","Transplant","W2.SS.AC10.C.T",26.3387040723237,0.538830610687215,0.615775170846101,0.622
"S10_C_T_6","W2_18","W2","SS","AC10","C","Control","T","Transplant","W2.SS.AC10.C.T",23.1453089273855,0.376333998997118,0.499503032613268,0.613333333333333
"S10_C_T_7","W2_95","W2","SS","AC10","C","Control","T","Transplant","W2.SS.AC10.C.T",40.2342883516493,0.512137801964014,0.307112676928794,0.620666666666667
"S10_C_T_8","W2_60","W2","SS","AC10","C","Control","T","Transplant","W2.SS.AC10.C.T",19.9087597940022,0.439467354598143,0.459445997372256,0.602333333333333
"S10_C_T_9","M1_29","M1","SS","AC10","C","Control","T","Transplant","M1.SS.AC10.C.T",22.972692973605,0.922907327017637,0.580210601139128,0.635
"S10_H_N_10","M1_71","M1","SS","AC10","H","Heat","N","Native","M1.SS.AC10.H.N",36.6525073107051,0.200848469590234,0.439223976235264,0.547
"S10_H_N_11","M1_37","M1","SS","AC10","H","Heat","N","Native","M1.SS.AC10.H.N",50.7207075438112,0.298498070443039,0.489031230066634,0.579333333333333
"S10_H_N_12","M1_52","M1","SS","AC10","H","Heat","N","Native","M1.SS.AC10.H.N",51.1522474282623,0.326365588466979,0.470841677753789,0.560666666666667
"S10_H_N_13","M4_32","M4","SS","AC10","H","Heat","N","Native","M4.SS.AC10.H.N",54.2593345963104,0.251735486651707,0.30831929887208,0.585666666666667
"S10_H_N_14","M4_33","M4","SS","AC10","H","Heat","N","Native","M4.SS.AC10.H.N",23.1453089273855,0.229835054266188,0.356000519407661,0.561333333333333
"S10_H_N_15","M4_54","M4","SS","AC10","H","Heat","N","Native","M4.SS.AC10.H.N",19.3046039557706,0.311594063974667,0.306212964199815,0.564
"S10_H_N_16","M4_61","M4","SS","AC10","H","Heat","N","Native","M4.SS.AC10.H.N",15.2049750534851,0.3126531491575,0.654216134193525,0.550666666666667
"S10_H_N_17","M8_62","M8","SS","AC10","H","Heat","N","Native","M8.SS.AC10.H.N",16.2838247646129,0.503016958141206,0.500122183683645,0.546666666666667
"S10_H_N_18","M8_27","M8","SS","AC10","H","Heat","N","Native","M8.SS.AC10.H.N",25.5619322803117,0.491053905042018,0.878792094183817,0.551
"S10_H_N_19","M8_52","M8","SS","AC10","H","Heat","N","Native","M8.SS.AC10.H.N",29.186867309701,0.363019432252613,0.643144048342621,0.556333333333333
"S10_H_N_20","M8_11","M8","SS","AC10","H","Heat","N","Native","M8.SS.AC10.H.N",20.1245297362277,1.24343278218091,0.936727478707962,0.576333333333333
"S10_H_N_21","M12_13","M12","SS","AC10","H","Heat","N","Native","M12.SS.AC10.H.N",52.5331750585059,0.137337025450393,0.323621216137541,0.570333333333333
"S10_H_N_22","M12_34","M12","SS","AC10","H","Heat","N","Native","M12.SS.AC10.H.N",58.7905033830469,0.203275290718344,0.231723615483252,0.538666666666667
"S10_H_N_23","M12_30","M12","SS","AC10","H","Heat","N","Native","M12.SS.AC10.H.N",42.9529896236913,0.111005078849509,0.263744156093655,0.523
"S10_H_N_24","M12_45","M12","SS","AC10","H","Heat","N","Native","M12.SS.AC10.H.N",33.070726269761,0.0875013542106358,0.228824245898688,0.455666666666667
"S10_H_N_5","W2_54","W2","SS","AC10","H","Heat","N","Native","W2.SS.AC10.H.N",17.7510603717466,0.145726505674966,0.423997205934771,0.607666666666667
"S10_H_N_6","W2_72","W2","SS","AC10","H","Heat","N","Native","W2.SS.AC10.H.N",39.6732865018629,0.16974326876139,0.487608708673319,0.625333333333333
"S10_H_N_7","W2_43","W2","SS","AC10","H","Heat","N","Native","W2.SS.AC10.H.N",16.8448266143993,0.264000342763907,0.564054959869875,0.614
"S10_H_N_8","W2_91","W2","SS","AC10","H","Heat","N","Native","W2.SS.AC10.H.N",41.9604478894538,0.168399060434624,0.530110642731978,0.595333333333333
"S10_H_N_9","M1_73","M1","SS","AC10","H","Heat","N","Native","M1.SS.AC10.H.N",56.4601880070109,0.387689109311537,0.633345393670309,0.568
"S10_H_T_10","M1_40","M1","SS","AC10","H","Heat","T","Transplant","M1.SS.AC10.H.T",26.6839359798846,0.221738277458781,0.349802405725918,0.585666666666667
"S10_H_T_11","M1_95","M1","SS","AC10","H","Heat","T","Transplant","M1.SS.AC10.H.T",32.9412643044256,0.270268922216319,0.0420475664564554,0.577666666666667
"S10_H_T_12","M1_66","M1","SS","AC10","H","Heat","T","Transplant","M1.SS.AC10.H.T",18.9593720482097,0.23586523094202,0.399554899853095,0.556666666666667
"S10_H_T_13","M4_12","M4","SS","AC10","H","Heat","T","Transplant","M4.SS.AC10.H.T",119.939705009769,0.370528953107844,0.253201723295271,0.549666666666667
"S10_H_T_14","M4_85","M4","SS","AC10","H","Heat","T","Transplant","M4.SS.AC10.H.T",50.634399566921,0.32452476591431,0.672961786679522,0.564666666666667
"S10_H_T_15","M4_90","M4","SS","AC10","H","Heat","T","Transplant","M4.SS.AC10.H.T",47.0526185259768,0.299784378465835,0.140236998634987,0.569333333333333
"S10_H_T_16","M4_69","M4","SS","AC10","H","Heat","T","Transplant","M4.SS.AC10.H.T",28.6258654599145,0.212359925857236,0.338961699292112,0.579666666666667
"S10_H_T_17","M8_30","M8","SS","AC10","H","Heat","T","Transplant","M8.SS.AC10.H.T",21.4623033780261,1.04334685202489,0.58323469664565,0.601333333333333
"S10_H_T_18","M8_53","M8","SS","AC10","H","Heat","T","Transplant","M8.SS.AC10.H.T",40.4500582938749,0.733177352952232,0.794090079342701,0.573666666666667
"S10_H_T_19","M8_89","M8","SS","AC10","H","Heat","T","Transplant","M8.SS.AC10.H.T",30.3088710092739,0.376908793353094,0.546754776676751,0.555333333333333
"S10_H_T_20","M8_20","M8","SS","AC10","H","Heat","T","Transplant","M8.SS.AC10.H.T",24.3104666154035,0.502928506477939,1.15167382193562,0.568
"S10_H_T_21","M12_48","M12","SS","AC10","H","Heat","T","Transplant","M12.SS.AC10.H.T",59.5241211866138,0.324019903452811,0.601506738549748,0.572
"S10_H_T_22","M12_31","M12","SS","AC10","H","Heat","T","Transplant","M12.SS.AC10.H.T",49.4260878904579,0.0249039873314413,0.0498068956105924,0.542
"S10_H_T_23","M12_38","M12","SS","AC10","H","Heat","T","Transplant","M12.SS.AC10.H.T",40.0616723978689,0.15486580968755,0.312605322005134,0.521333333333333
"S10_H_T_24","M12_82","M12","SS","AC10","H","Heat","T","Transplant","M12.SS.AC10.H.T",23.5336948233915,0.0866700567834052,0.14085650489124,0.477
"S10_H_T_5","W2_67","W2","SS","AC10","H","Heat","T","Transplant","W2.SS.AC10.H.T",17.1900585219602,0.0975428131628876,0.375422805673154,0.594666666666667
"S10_H_T_6","W2_84","W2","SS","AC10","H","Heat","T","Transplant","W2.SS.AC10.H.T",21.3328414126908,0.0846930154176201,0.3623519178932,0.61
"S10_H_T_7","W2_20","W2","SS","AC10","H","Heat","T","Transplant","W2.SS.AC10.H.T",39.3712085827471,0.20915791758571,0.871609260555892,0.568
"S10_H_T_8","W2_14","W2","SS","AC10","H","Heat","T","Transplant","W2.SS.AC10.H.T",20.7718395629044,0.22702322467489,0.658009703888205,0.588666666666667
"S10_H_T_9","M1_11","M1","SS","AC10","H","Heat","T","Transplant","M1.SS.AC10.H.T",20.2971456900082,0.229125319935472,0.42268184556725,0.624333333333333
"S12_C_N_10","M1_46","M1","SS","AC12","C","Control","N","Native","M1.SS.AC12.C.N",36.9545852298209,1.76772200058731,1.02121941743636,0.655333333333333
"S12_C_N_11","M1_5","M1","SS","AC12","C","Control","N","Native","M1.SS.AC12.C.N",36.9114312413758,1.93416865540845,0.28967828232069,0.659333333333333
"S12_C_N_12","M1_74","M1","SS","AC12","C","Control","N","Native","M1.SS.AC12.C.N",55.2518763305479,1.43451110195472,0.686323768864195,0.656666666666667
"S12_C_N_13","M4_78","M4","SS","AC12","C","Control","N","Native","M4.SS.AC12.C.N",25.3893163265312,1.83381227762115,0.597094297657726,0.649333333333333
"S12_C_N_14","M4_63","M4","SS","AC12","C","Control","N","Native","M4.SS.AC12.C.N",25.2598543611959,1.60924443263795,0.6759079350128,0.652666666666667
"S12_C_N_15","M4_17","M4","SS","AC12","C","Control","N","Native","M4.SS.AC12.C.N",30.7404108937249,1.70257971440075,0.408002353753841,0.631333333333333
"S12_C_N_16","M4_43","M4","SS","AC12","C","Control","N","Native","M4.SS.AC12.C.N",47.7430823410986,1.8152326106812,0.305776654630298,0.632333333333333
"S12_C_N_17","M8_80","M8","SS","AC12","C","Control","N","Native","M8.SS.AC12.C.N",40.3205963285395,2.11124522993259,0.921664940101496,0.614
"S12_C_N_18","M8_46","M8","SS","AC12","C","Control","N","Native","M8.SS.AC12.C.N",39.328054594302,2.11873943065754,1.1001134036838,0.638
"S12_C_N_19","M8_45","M8","SS","AC12","C","Control","N","Native","M8.SS.AC12.C.N",33.7180360964376,1.8154833560962,0.898701214784023,0.636666666666667
"S12_C_N_20","M8_29","M8","SS","AC12","C","Control","N","Native","M8.SS.AC12.C.N",24.4830825691839,1.72165126188214,0.890150410530043,0.599333333333333
"S12_C_N_21","M12_76","M12","SS","AC12","C","Control","N","Native","M12.SS.AC12.C.N",50.3323216478052,3.31099568913422,1.4029967958587,0.659666666666667
"S12_C_N_22","M12_93","M12","SS","AC12","C","Control","N","Native","M12.SS.AC12.C.N",40.9679061552162,3.19951588860924,1.37232349114922,0.659
"S12_C_N_23","M12_44","M12","SS","AC12","C","Control","N","Native","M12.SS.AC12.C.N",58.8336573714921,3.63122645910591,0.637483741035847,0.645333333333333
"S12_C_N_24","M12_69","M12","SS","AC12","C","Control","N","Native","M12.SS.AC12.C.N",69.6653084712148,2.72237364854796,0.786189011459421,0.671
"S12_C_N_5","W2_58","W2","SS","AC12","C","Control","N","Native","W2.SS.AC12.C.N",36.9545852298209,1.14828150289788,0.951753071540845,0.659
"S12_C_N_6","W2_35","W2","SS","AC12","C","Control","N","Native","W2.SS.AC12.C.N",42.3919877739049,1.62267424291462,1.52238824808604,0.6715
"S12_C_N_7","W2_80","W2","SS","AC12","C","Control","N","Native","W2.SS.AC12.C.N",38.8102067329607,1.35749255419252,0.531551407132281,0.671666666666667
"S12_C_N_8","W2_1","W2","SS","AC12","C","Control","N","Native","W2.SS.AC12.C.N",43.7297614157033,1.65775247001389,1.28138636447895,0.666
"S12_C_N_9","M1_72","M1","SS","AC12","C","Control","N","Native","M1.SS.AC12.C.N",36.997739218266,1.98390356323255,1.12606534562067,0.64
"S12_C_T_10","M1_12","M1","SS","AC12","C","Control","T","Transplant","M1.SS.AC12.C.T",35.6599655764676,1.08015808140372,0.282457928300607,0.63
"S12_C_T_11","M1_36","M1","SS","AC12","C","Control","T","Transplant","M1.SS.AC12.C.T",28.3669415292439,1.07759237873731,0.496965807380637,0.649666666666667
"S12_C_T_12","M1_92","M1","SS","AC12","C","Control","T","Transplant","M1.SS.AC12.C.T",20.0382217593375,0.849157185920003,0.459567725649547,0.611
"S12_C_T_13","M4_91","M4","SS","AC12","C","Control","T","Transplant","M4.SS.AC12.C.T",19.1751419904353,1.48742227554613,0.400452940782927,0.6075
"S12_C_T_14","M4_48","M4","SS","AC12","C","Control","T","Transplant","M4.SS.AC12.C.T",36.8682772529307,1.93432670705178,0.440828842869464,0.636666666666667
"S12_C_T_15","M4_74","M4","SS","AC12","C","Control","T","Transplant","M4.SS.AC12.C.T",19.3477579442157,1.45980601032779,0.653265563712444,0.608333333333333
"S12_C_T_16","M4_34","M4","SS","AC12","C","Control","T","Transplant","M4.SS.AC12.C.T",55.8560321687794,1.72294730333157,0.333103145310771,0.649666666666667
"S12_C_T_17","M8_33","M8","SS","AC12","C","Control","T","Transplant","M8.SS.AC12.C.T",30.7835648821701,NA,1.56248505279059,0.624
"S12_C_T_18","M8_93","M8","SS","AC12","C","Control","T","Transplant","M8.SS.AC12.C.T",25.3461623380861,1.41708290407981,0.413592001036302,0.643
"S12_C_T_19","M8_8","M8","SS","AC12","C","Control","T","Transplant","M8.SS.AC12.C.T",30.8267188706152,1.59180904740319,1.02340765270587,0.618
"S12_C_T_20","M8_4","M8","SS","AC12","C","Control","T","Transplant","M8.SS.AC12.C.T",30.4383329746092,1.78384801970901,0.813329955377356,0.648
"S12_C_T_21","M12_1","M12","SS","AC12","C","Control","T","Transplant","M12.SS.AC12.C.T",68.543304771642,3.34862173285465,1.17112532387278,0.658666666666667
"S12_C_T_22","M12_47","M12","SS","AC12","C","Control","T","Transplant","M12.SS.AC12.C.T",54.0004106656396,2.62411559936831,0.930622256026222,0.677333333333333
"S12_C_T_23","M12_51","M12","SS","AC12","C","Control","T","Transplant","M12.SS.AC12.C.T",54.4319505500907,3.26561081993727,0.802908394028278,0.664333333333333
"S12_C_T_24","M12_50","M12","SS","AC12","C","Control","T","Transplant","M12.SS.AC12.C.T",49.0377019944519,2.84420560087515,1.12001072167317,0.674333333333333
"S12_C_T_5","W2_17","W2","SS","AC12","C","Control","T","Transplant","W2.SS.AC12.C.T",28.9710973674754,0.813885290602464,0.629751430143699,0.663333333333333
"S12_C_T_6","W2_34","W2","SS","AC12","C","Control","T","Transplant","W2.SS.AC12.C.T",49.7281658095737,0.966860514906495,0.854139446096818,0.654666666666667
"S12_C_T_7","W2_8","W2","SS","AC12","C","Control","T","Transplant","W2.SS.AC12.C.T",60.2577389901807,0.542082237856997,0.452257593077643,0.643333333333333
"S12_C_T_8","W2_24","W2","SS","AC12","C","Control","T","Transplant","W2.SS.AC12.C.T",26.2955500838785,1.69210379163276,1.46628763714811,0.631333333333333
"S12_C_T_9","M1_82","M1","SS","AC12","C","Control","T","Transplant","M1.SS.AC12.C.T",24.0515426847328,1.32762100759559,0.456103799402581,0.639666666666667
"S12_H_N_10","M1_55","M1","SS","AC12","H","Heat","N","Native","M1.SS.AC12.H.N",53.5688707811885,0.256596784654026,0.321165627520407,0.606
"S12_H_N_11","M1_42","M1","SS","AC12","H","Heat","N","Native","M1.SS.AC12.H.N",32.0781845355234,0.11915314791066,0.129269784435834,0.405666666666667
"S12_H_N_12","M1_10","M1","SS","AC12","H","Heat","N","Native","M1.SS.AC12.H.N",30.3088710092738,0.106853644675263,0.132516318366694,0.403
"S12_H_N_13","M4_41","M4","SS","AC12","H","Heat","N","Native","M4.SS.AC12.H.N",40.3637503169847,0.651287350495232,0.346133347131548,0.611666666666667
"S12_H_N_14","M4_25","M4","SS","AC12","H","Heat","N","Native","M4.SS.AC12.H.N",33.9338060386632,0.565945063106649,0.15094204269819,0.544333333333333
"S12_H_N_15","M4_70","M4","SS","AC12","H","Heat","N","Native","M4.SS.AC12.H.N",44.6791491614958,0.515882697691649,0.456690881159047,0.635666666666667
"S12_H_N_16","M4_58","M4","SS","AC12","H","Heat","N","Native","M4.SS.AC12.H.N",58.1000395679252,0.391006618393793,0.282185694225431,0.551666666666667
"S12_H_N_17","M8_79","M8","SS","AC12","H","Heat","N","Native","M8.SS.AC12.H.N",34.2358839577789,1.22064245178743,0.766798252744841,0.629666666666667
"S12_H_N_18","M8_69","M8","SS","AC12","H","Heat","N","Native","M8.SS.AC12.H.N",51.8427112433841,1.13854095560121,0.913030951984412,0.606666666666667
"S12_H_N_19","M8_18","M8","SS","AC12","H","Heat","N","Native","M8.SS.AC12.H.N",41.7878319356733,0.579698256914199,1.29984250160704,0.598333333333333
"S12_H_N_20","M8_78","M8","SS","AC12","H","Heat","N","Native","M8.SS.AC12.H.N",40.6658282361004,0.910239258338118,1.04020849530978,0.577
"S12_H_N_21","M12_89","M12","SS","AC12","H","Heat","N","Native","M12.SS.AC12.H.N",44.2476092770446,0.0758196895790361,0.101656475310036,0.594333333333333
"S12_H_N_22","M12_43","M12","SS","AC12","H","Heat","N","Native","M12.SS.AC12.H.N",100.649872174804,0.12347755373614,0.0936060801313016,0.446
"S12_H_N_23","M12_12","M12","SS","AC12","H","Heat","N","Native","M12.SS.AC12.H.N",41.5720619934477,0.110162445171034,0.144793972474801,0.294666666666667
"S12_H_N_24","M12_63","M12","SS","AC12","H","Heat","N","Native","M12.SS.AC12.H.N",65.436217603594,NA,0.639416542280432,0.512
"S12_H_N_5","W2_49","W2","SS","AC12","H","Heat","N","Native","W2.SS.AC12.H.N",49.2966259251226,0.369703463296165,0.861362399619329,0.619333333333333
"S12_H_N_6","W2_94","W2","SS","AC12","H","Heat","N","Native","W2.SS.AC12.H.N",42.7803736699109,0.27538328886281,0.420768414481161,0.525
"S12_H_N_7","W2_88","W2","SS","AC12","H","Heat","N","Native","W2.SS.AC12.H.N",54.129872630975,NA,0.325025704751656,0.610666666666667
"S12_H_N_8","W2_37","W2","SS","AC12","H","Heat","N","Native","W2.SS.AC12.H.N",41.1405221089966,0.327749851211814,0.810283834310167,0.617333333333333
"S12_H_N_9","M1_41","M1","SS","AC12","H","Heat","N","Native","M1.SS.AC12.H.N",50.2028596824699,0.32910210237358,0.370792024951121,0.613
"S12_H_T_10","M1_77","M1","SS","AC12","H","Heat","T","Transplant","M1.SS.AC12.H.T",40.2774423400944,0.280219878528998,0.269014301069808,0.546666666666667
"S12_H_T_11","M1_96","M1","SS","AC12","H","Heat","T","Transplant","M1.SS.AC12.H.T",62.5880543662167,0.107758582181466,0.0950980192669597,0.383
"S12_H_T_12","M1_31","M1","SS","AC12","H","Heat","T","Transplant","M1.SS.AC12.H.T",32.0781845355234,0.0428712540909872,0.0415670343975794,0.41
"S12_H_T_13","M4_84","M4","SS","AC12","H","Heat","T","Transplant","M4.SS.AC12.H.T",27.3312458065612,0.644098338019189,0.283642613837199,0.525
"S12_H_T_14","M4_44","M4","SS","AC12","H","Heat","T","Transplant","M4.SS.AC12.H.T",15.7659769032715,0.299470183735984,0.28028355154339,0.494333333333333
"S12_H_T_15","M4_49","M4","SS","AC12","H","Heat","T","Transplant","M4.SS.AC12.H.T",13.8240474232416,0.638066869753138,0.495397606093725,0.527333333333333
"S12_H_T_16","M4_62","M4","SS","AC12","H","Heat","T","Transplant","M4.SS.AC12.H.T",30.4814869630543,0.638908682187047,0.323641429040426,0.559333333333333
"S12_H_T_17","M8_42","M8","SS","AC12","H","Heat","T","Transplant","M8.SS.AC12.H.T",28.3669415292439,1.52286362238942,1.77490266083479,0.597333333333333
"S12_H_T_18","M8_10","M8","SS","AC12","H","Heat","T","Transplant","M8.SS.AC12.H.T",16.0249008339422,0.584359310365625,0.545356260894258,0.586333333333333
"S12_H_T_19","M8_41","M8","SS","AC12","H","Heat","T","Transplant","M8.SS.AC12.H.T",28.1511715870183,0.704917967812668,1.35381079548301,0.570333333333333
"S12_H_T_20","M8_50","M8","SS","AC12","H","Heat","T","Transplant","M8.SS.AC12.H.T",34.6674238422301,1.15251425031846,0.971495896357135,0.583
"S12_H_T_21","M12_91","M12","SS","AC12","H","Heat","T","Transplant","M12.SS.AC12.H.T",64.1415979502407,0.257019893384256,0.159218047668887,0.479333333333333
"S12_H_T_22","M12_11","M12","SS","AC12","H","Heat","T","Transplant","M12.SS.AC12.H.T",61.7681285857596,0.126223671956891,0.0687496302256278,0.488666666666667
"S12_H_T_23","M12_28","M12","SS","AC12","H","Heat","T","Transplant","M12.SS.AC12.H.T",49.6418578326835,0.449613309703834,0.429565067284011,0.304666666666667
"S12_H_T_24","M12_54","M12","SS","AC12","H","Heat","T","Transplant","M12.SS.AC12.H.T",54.3024885847554,0.461843535848078,0.30100204292642,0.317333333333333
"S12_H_T_5","W2_55","W2","SS","AC12","H","Heat","T","Transplant","W2.SS.AC12.H.T",60.3008929786258,0.219331743639154,0.428794976703996,0.586333333333333
"S12_H_T_6","W2_41","W2","SS","AC12","H","Heat","T","Transplant","W2.SS.AC12.H.T",41.4426000281124,0.297037347841341,0.29909802936089,0.566666666666667
"S12_H_T_7","W2_86","W2","SS","AC12","H","Heat","T","Transplant","W2.SS.AC12.H.T",42.1762178316793,0.365739765039188,0.290119328594923,0.489333333333333
"S12_H_T_8","W2_22","W2","SS","AC12","H","Heat","T","Transplant","W2.SS.AC12.H.T",35.2715796804616,0.213159057087297,0.429212701476655,0.549
"S12_H_T_9","M1_70","M1","SS","AC12","H","Heat","T","Transplant","M1.SS.AC12.H.T",22.3685371353735,0.284968121134738,0.258018795108107,0.515
"S8_C_N_10","M1_21","M1","SS","AC8","C","Control","N","Native","M1.SS.AC8.C.N",74.4985551770673,1.42846618184382,0.998491847569389,0.645
"S8_C_N_11","M1_67","M1","SS","AC8","C","Control","N","Native","M1.SS.AC8.C.N",47.4841584104279,1.26567228619419,0.615440727566569,0.647
"S8_C_N_12","M1_80","M1","SS","AC8","C","Control","N","Native","M1.SS.AC8.C.N",55.3813382958832,1.51959732146071,0.817460563306129,0.636333333333333
"S8_C_N_13","M4_76","M4","SS","AC8","C","Control","N","Native","M4.SS.AC8.C.N",43.0392976005815,1.68119340619433,0.634828436410886,0.608
"S8_C_N_14","M4_57","M4","SS","AC8","C","Control","N","Native","M4.SS.AC8.C.N",34.7968858075654,0.964208890767232,0.550191477072859,0.610666666666667
"S8_C_N_15","M4_28","M4","SS","AC8","C","Control","N","Native","M4.SS.AC8.C.N",53.3099468505179,1.59360691613923,0.117907714626411,0.608
"S8_C_N_16","M4_81","M4","SS","AC8","C","Control","N","Native","M4.SS.AC8.C.N",51.8427112433841,1.52877189674593,0.411817350751009,0.62
"S8_C_N_17","M8_67","M8","SS","AC8","C","Control","N","Native","M8.SS.AC8.C.N",23.8357727425072,1.58282372777389,0.58219585116502,0.597
"S8_C_N_18","M8_9","M8","SS","AC8","C","Control","N","Native","M8.SS.AC8.C.N",43.3413755196973,1.55344400570308,0.949135543270993,0.605666666666667
"S8_C_N_19","M8_36","M8","SS","AC8","C","Control","N","Native","M8.SS.AC8.C.N",37.9039729756133,1.21149833104684,0.712101605216049,0.587333333333333
"S8_C_N_20","M8_12","M8","SS","AC8","C","Control","N","Native","M8.SS.AC8.C.N",38.4649748253998,0.427131437745046,0.741907153963759,0.595666666666667
"S8_C_N_21","M12_75","M12","SS","AC8","C","Control","N","Native","M12.SS.AC8.C.N",65.8677574880451,2.16979777031688,0.756220887116744,0.648
"S8_C_N_22","M12_65","M12","SS","AC8","C","Control","N","Native","M12.SS.AC8.C.N",36.0483514724736,2.08896052821819,0.631857742992568,0.655
"S8_C_N_23","M12_10","M12","SS","AC8","C","Control","N","Native","M12.SS.AC8.C.N",61.4228966781987,2.73487047585449,1.00201721716985,0.651
"S8_C_N_24","M12_16","M12","SS","AC8","C","Control","N","Native","M12.SS.AC8.C.N",46.8368485837512,2.19790655817906,0.956886967317186,0.641666666666667
"S8_C_N_5","W2_4","W2","SS","AC8","C","Control","N","Native","W2.SS.AC8.C.N",76.0089447726461,0.990058914229464,0.804263237476226,0.651
"S8_C_N_6","W2_26","W2","SS","AC8","C","Control","N","Native","W2.SS.AC8.C.N",41.6152159818929,1.01229495845133,1.03454342322127,0.64
"S8_C_N_7","W2_5","W2","SS","AC8","C","Control","N","Native","W2.SS.AC8.C.N",52.2310971393901,1.56198263362038,1.10073506299453,0.63
"S8_C_N_8","W2_25","W2","SS","AC8","C","Control","N","Native","W2.SS.AC8.C.N",35.7894275418029,1.03164908007746,1.06563062388895,0.618666666666667
"S8_C_N_9","M1_49","M1","SS","AC8","C","Control","N","Native","M1.SS.AC8.C.N",73.247089512159,1.3878940539081,0.714995781386049,0.645
"S8_C_T_10","M1_81","M1","SS","AC8","C","Control","T","Transplant","M1.SS.AC8.C.T",36.6525073107051,1.2208214375991,0.618685914384277,0.623
"S8_C_T_11","M1_56","M1","SS","AC8","C","Control","T","Transplant","M1.SS.AC8.C.T",40.7521362129907,1.08453128532138,0.785682002844147,0.612333333333333
"S8_C_T_12","M1_24","M1","SS","AC8","C","Control","T","Transplant","M1.SS.AC8.C.T",40.1911343632042,1.40407781203767,0.928057682147648,0.634
"S8_C_T_13","M4_53","M4","SS","AC8","C","Control","T","Transplant","M4.SS.AC8.C.T",51.411171358933,1.53209048898631,0.896008761955507,0.623333333333333
"S8_C_T_14","M4_19","M4","SS","AC8","C","Control","T","Transplant","M4.SS.AC8.C.T",30.6972569052798,1.77947083356292,0.284978818367818,0.617666666666667
"S8_C_T_15","M4_37","M4","SS","AC8","C","Control","T","Transplant","M4.SS.AC8.C.T",31.517182685737,1.3122930565338,0.443717959801298,0.613666666666667
"S8_C_T_16","M4_42","M4","SS","AC8","C","Control","T","Transplant","M4.SS.AC8.C.T",50.7207075438112,1.40205680829487,0.276559391208879,0.636333333333333
"S8_C_T_17","M8_21","M8","SS","AC8","C","Control","T","Transplant","M8.SS.AC8.C.T",35.0126557497909,1.68084745567136,1.03310300876608,0.598333333333333
"S8_C_T_18","M8_85","M8","SS","AC8","C","Control","T","Transplant","M8.SS.AC8.C.T",37.0408932067112,1.6429231244611,0.950691653235289,0.597
"S8_C_T_19","M8_51","M8","SS","AC8","C","Control","T","Transplant","M8.SS.AC8.C.T",42.9961436121364,1.21671997234422,0.813420857356333,0.594666666666667
"S8_C_T_20","M8_96","M8","SS","AC8","C","Control","T","Transplant","M8.SS.AC8.C.T",36.3935833800344,1.10302273839906,0.583606559931442,0.589666666666667
"S8_C_T_21","M12_84","M12","SS","AC8","C","Control","T","Transplant","M12.SS.AC8.C.T",57.1074978336876,2.63782735567759,0.910903541098833,0.663
"S8_C_T_22","M12_68","M12","SS","AC8","C","Control","T","Transplant","M12.SS.AC8.C.T",45.0675350575017,2.44550613191319,0.759348740869367,0.633
"S8_C_T_23","M12_4","M12","SS","AC8","C","Control","T","Transplant","M12.SS.AC8.C.T",23.1021549389404,2.32085492204994,0.849138534991566,0.631666666666667
"S8_C_T_24","M12_39","M12","SS","AC8","C","Control","T","Transplant","M12.SS.AC8.C.T",87.7899836181614,1.6043559966849,0.668781922267656,0.627
"S8_C_T_5","W2_69","W2","SS","AC8","C","Control","T","Transplant","W2.SS.AC8.C.T",31.0856428012859,0,0.517644756547688,0.644
"S8_C_T_6","W2_29","W2","SS","AC8","C","Control","T","Transplant","W2.SS.AC8.C.T",41.7446779472282,0.844986756026516,0.984012334504726,0.635666666666667
"S8_C_T_7","W2_52","W2","SS","AC8","C","Control","T","Transplant","W2.SS.AC8.C.T",19.9087597940022,1.0714780941014,0.82732828013537,0.633333333333333
"S8_C_T_8","W2_3","W2","SS","AC8","C","Control","T","Transplant","W2.SS.AC8.C.T",46.2758467339648,1.29074317487298,0.888452246727316,0.637666666666667
"S8_C_T_9","M1_64","M1","SS","AC8","C","Control","T","Transplant","M1.SS.AC8.C.T",26.4250120492139,1.28521947073286,0.804598649204117,0.627
"S8_H_N_10","M1_83","M1","SS","AC8","H","Heat","N","Native","M1.SS.AC8.H.N",43.9455313579289,0.12586148873592,0.135928496377647,0.582333333333333
"S8_H_N_11","M1_8","M1","SS","AC8","H","Heat","N","Native","M1.SS.AC8.H.N",74.4985551770673,0.200798525078039,0.221516242305327,0.506666666666667
"S8_H_N_12","M1_61","M1","SS","AC8","H","Heat","N","Native","M1.SS.AC8.H.N",38.162896906284,0.109150955623098,0.134721035791007,0.560666666666667
"S8_H_N_13","M4_80","M4","SS","AC8","H","Heat","N","Native","M4.SS.AC8.H.N",31.2582587550663,0.150579938042895,0.14010921191476,0.558333333333333
"S8_H_N_14","M4_11","M4","SS","AC8","H","Heat","N","Native","M4.SS.AC8.H.N",31.3877207204016,0.333901382221781,0.121385430752974,0.542
"S8_H_N_15","M4_5","M4","SS","AC8","H","Heat","N","Native","M4.SS.AC8.H.N",53.6983327465239,0.222810455893987,0.114543258336045,0.591
"S8_H_N_16","M4_52","M4","SS","AC8","H","Heat","N","Native","M4.SS.AC8.H.N",35.9620434955834,0.182052316747167,0.276327567459297,0.563333333333333
"S8_H_N_17","M8_71","M8","SS","AC8","H","Heat","N","Native","M8.SS.AC8.H.N",27.5901697372319,1.16452950353941,0.912605621487785,0.590666666666667
"S8_H_N_18","M8_90","M8","SS","AC8","H","Heat","N","Native","M8.SS.AC8.H.N",53.2667928620727,1.24953239639709,0.662532472930767,0.565666666666667
"S8_H_N_19","M8_63","M8","SS","AC8","H","Heat","N","Native","M8.SS.AC8.H.N",43.5139914734777,0.60718026023355,0.640193074840753,0.543
"S8_H_N_20","M8_86","M8","SS","AC8","H","Heat","N","Native","M8.SS.AC8.H.N",28.3669415292439,0.845262785037337,0.644355683574718,0.577333333333333
"S8_H_N_21","M12_59","M12","SS","AC8","H","Heat","N","Native","M12.SS.AC8.H.N",54.6045665038712,0.0778044817863136,0.0607738182440242,0.566666666666667
"S8_H_N_22","M12_3","M12","SS","AC8","H","Heat","N","Native","M12.SS.AC8.H.N",34.0201140155534,0.13651482760689,0.0850614433178268,0.526
"S8_H_N_23","M12_57","M12","SS","AC8","H","Heat","N","Native","M12.SS.AC8.H.N",32.3802624546392,0.262184409774099,0.258628231063031,0.493
"S8_H_N_24","M12_46","M12","SS","AC8","H","Heat","N","Native","M12.SS.AC8.H.N",51.2385554051526,0.42603517007959,0.421037240988074,0.509
"S8_H_N_5","W2_42","W2","SS","AC8","H","Heat","N","Native","W2.SS.AC8.H.N",53.9141026887494,0.12301976049365,0.218580471755846,0.579333333333333
"S8_H_N_6","W2_76","W2","SS","AC8","H","Heat","N","Native","W2.SS.AC8.H.N",35.7031195649127,0.127049402272899,0.0923287387816824,0.626333333333333
"S8_H_N_7","W2_48","W2","SS","AC8","H","Heat","N","Native","W2.SS.AC8.H.N",56.3307260416756,0.153273366184065,0.309955174145677,0.571
"S8_H_N_8","W2_56","W2","SS","AC8","H","Heat","N","Native","W2.SS.AC8.H.N",44.2044552885995,0.25368483621813,0.379488445010346,0.553
"S8_H_N_9","M1_30","M1","SS","AC8","H","Heat","N","Native","M1.SS.AC8.H.N",43.211913554362,0.258776243560681,0.24820377339937,0.588333333333333
"S8_H_T_10","M1_22","M1","SS","AC8","H","Heat","T","Transplant","M1.SS.AC8.H.T",47.2252344797573,0.0935156817885788,0.137048022551889,0.542333333333333
"S8_H_T_11","M1_87","M1","SS","AC8","H","Heat","T","Transplant","M1.SS.AC8.H.T",46.1032307801844,0.0343617277977743,0.0158782798431263,0.505
"S8_H_T_12","M1_45","M1","SS","AC8","H","Heat","T","Transplant","M1.SS.AC8.H.T",57.7979616488094,0.0744213096326141,0.0720025392121372,0.521
"S8_H_T_13","M4_3","M4","SS","AC8","H","Heat","T","Transplant","M4.SS.AC8.H.T",43.6866074272582,0.195578778863982,0.100944299859926,0.573666666666667
"S8_H_T_14","M4_14","M4","SS","AC8","H","Heat","T","Transplant","M4.SS.AC8.H.T",39.8459024556433,0.280798007083797,0.13680796930295,0.573666666666667
"S8_H_T_15","M4_87","M4","SS","AC8","H","Heat","T","Transplant","M4.SS.AC8.H.T",23.1453089273855,0.173544108337539,0.131547002010309,0.564666666666667
"S8_H_T_16","M4_40","M4","SS","AC8","H","Heat","T","Transplant","M4.SS.AC8.H.T",33.7180360964376,0.127440795218418,0.0914183729794888,0.571333333333333
"S8_H_T_17","M8_82","M8","SS","AC8","H","Heat","T","Transplant","M8.SS.AC8.H.T",36.6525073107051,1.36671177523243,0.886518341693631,0.600666666666667
"S8_H_T_18","M8_83","M8","SS","AC8","H","Heat","T","Transplant","M8.SS.AC8.H.T",29.4457912403716,0.997463432387946,0.92006391605655,0.565
"S8_H_T_19","M8_14","M8","SS","AC8","H","Heat","T","Transplant","M8.SS.AC8.H.T",20.8149935513495,0.647040315759638,1.03955026200799,0.551666666666667
"S8_H_T_20","M8_44","M8","SS","AC8","H","Heat","T","Transplant","M8.SS.AC8.H.T",52.7920989891765,0.562608431350483,0.584503525922058,0.597
"S8_H_T_21","M12_60","M12","SS","AC8","H","Heat","T","Transplant","M12.SS.AC8.H.T",59.9556610710649,0.132054030015318,0.10331054464829,0.572666666666667
"S8_H_T_22","M12_71","M12","SS","AC8","H","Heat","T","Transplant","M12.SS.AC8.H.T",41.8741399125635,0.081390328425049,0.049749797950476,0.548333333333333
"S8_H_T_23","M12_25","M12","SS","AC8","H","Heat","T","Transplant","M12.SS.AC8.H.T",33.1570342466511,0.190619682276671,0.282720400451581,0.493333333333333
"S8_H_T_24","M12_23","M12","SS","AC8","H","Heat","T","Transplant","M12.SS.AC8.H.T",65.4793715920391,0.243750557546185,0.275545161190789,0.507
"S8_H_T_5","W2_13","W2","SS","AC8","H","Heat","T","Transplant","W2.SS.AC8.H.T",50.2891676593601,0.0637844321013129,0.0928674348248185,0.576
"S8_H_T_6","W2_6","W2","SS","AC8","H","Heat","T","Transplant","W2.SS.AC8.H.T",37.6882030333878,0.0415175008108989,0.101710341472214,0.589333333333333
"S8_H_T_7","W2_70","W2","SS","AC8","H","Heat","T","Transplant","W2.SS.AC8.H.T",43.5571454619228,0.0461958647349608,0.0525323681277572,0.545666666666667
"S8_H_T_8","W2_57","W2","SS","AC8","H","Heat","T","Transplant","W2.SS.AC8.H.T",20.642377597569,0.0468376278570672,0.149052597524538,0.516666666666667
"S8_H_T_9","M1_94","M1","SS","AC8","H","Heat","T","Transplant","M1.SS.AC8.H.T",35.5305036111322,0.0401046947038923,0.433888586796441,0.580333333333333
